coin_id,symbol,name,price_usd,market_cap,vol_24h,price_change_24h_pct,ingested_at
bitcoin,btc,Bitcoin,74072.48913347033,1482640434656.8103,62105016625.52989,,2026-04-14 21:00:26.238+00
bitcoin,btc,Bitcoin,74290.23171793141,1486986450035.9346,61010957561.306015,,2026-04-14 22:00:02.507+00
bitcoin,btc,Bitcoin,74103.7716473976,1483453128111.7344,58041052386.34764,,2026-04-14 23:00:36.708+00
bitcoin,btc,Bitcoin,74181.10807228928,1484804385765.1338,57684799834.52557,,2026-04-15 00:00:45.61+00
bitcoin,btc,Bitcoin,74573.40267174094,1491514789532.169,57264364104.70212,,2026-04-15 01:00:51.697+00
bitcoin,btc,Bitcoin,74654.99786830232,1494489592364.3862,54877492314.34442,,2026-04-15 02:00:50.163+00
bitcoin,btc,Bitcoin,74341.62437331716,1487796668328.676,54081238693.61837,,2026-04-15 03:00:16.199+00
bitcoin,btc,Bitcoin,74365.80262765262,1488550904346.2615,54673841030.49314,,2026-04-15 04:00:39.605+00
bitcoin,btc,Bitcoin,74330.25655492964,1487845431989.5127,55061708564.47374,,2026-04-15 05:00:43.876+00
bitcoin,btc,Bitcoin,74046.70291058748,1481479481038.3003,52807389521.20061,,2026-04-15 06:00:52.273+00
bitcoin,btc,Bitcoin,73907.20613060378,1479213614877.9521,52313110305.603874,,2026-04-15 07:01:02.445+00
bitcoin,btc,Bitcoin,73761.19237686085,1476698310556.2026,53183072293.89858,,2026-04-15 08:00:41.258+00
bitcoin,btc,Bitcoin,74145.59574331983,1484719874659.9749,51912380873.99431,,2026-04-15 09:00:18.611+00
bitcoin,btc,Bitcoin,74016.72781267343,1481496376372.0093,51508199279.68294,,2026-04-15 10:00:39.389+00
bitcoin,btc,Bitcoin,74032.58109612072,1481835849239.8306,49890837540.46402,,2026-04-15 11:00:19.93+00
bitcoin,btc,Bitcoin,74204.63222618688,1481286449751.3347,49654073150.08858,,2026-04-15 12:00:27.178+00
bitcoin,btc,Bitcoin,74373.37724976474,1488698702688.67,52415835674.12075,,2026-04-15 13:00:20.779+00
bitcoin,btc,Bitcoin,74069.7053336587,1482297806617.3943,49428723942.99051,,2026-04-15 14:01:13.209+00
bitcoin,btc,Bitcoin,74154.90157819202,1485208543605.1223,44931247468.716354,,2026-04-15 15:00:11.429+00
bitcoin,btc,Bitcoin,73820.14400449459,1477817348603.9573,42381115882.14246,,2026-04-15 16:00:32.458+00
bitcoin,btc,Bitcoin,73920.4427234278,1479525558963.1611,42326430497.634346,,2026-04-15 17:00:33.83+00
bitcoin,btc,Bitcoin,74112.8124801126,1483675583319.6746,41483200609.81065,,2026-04-15 18:00:25.018+00
bitcoin,btc,Bitcoin,74381.43657451161,1488828978999.813,40094603333.66369,,2026-04-15 19:00:53.822+00
bitcoin,btc,Bitcoin,75065.22777479656,1502613255439.8708,40180706365.136375,,2026-04-15 20:00:14.687+00
bitcoin,btc,Bitcoin,74848.27826856509,1498166071372.1555,40103290578.20143,,2026-04-15 21:00:12.18+00
bitcoin,btc,Bitcoin,74755.67507475952,1496361411121.3694,39969481597.45369,,2026-04-15 22:00:47.457+00
bitcoin,btc,Bitcoin,74994.07056275372,1500980892571.2043,39520579220.907646,,2026-04-15 23:00:34.385+00
bitcoin,btc,Bitcoin,74810.96914134864,1497472766454.1423,36539243463.087135,,2026-04-16 00:00:26.416+00
bitcoin,btc,Bitcoin,74809.92614171893,1497422859991.8738,39652895034.483185,,2026-04-16 01:00:40.862+00
bitcoin,btc,Bitcoin,74624.49892113969,1493917108972.6047,39007705559.61626,,2026-04-16 02:01:22.803+00
bitcoin,btc,Bitcoin,74960.58296925222,1499676609081.888,33147749883.5716,,2026-04-16 03:00:11.395+00
bitcoin,btc,Bitcoin,74899.68222426217,1500185290050.9285,40472010451.542274,,2026-04-16 04:00:37.789+00
bitcoin,btc,Bitcoin,74954.96884562605,1500224454566.1504,40593863365.71244,,2026-04-16 05:00:40.828+00
bitcoin,btc,Bitcoin,75046.35475775148,1502199872069.1174,39954247564.708435,,2026-04-16 06:01:38.276+00
bitcoin,btc,Bitcoin,74995.01740779368,1500930417728.6785,40142276544.48642,,2026-04-16 07:00:59.044+00
bitcoin,btc,Bitcoin,74705.72124858621,1495154669023.4165,39135053408.23954,,2026-04-16 08:01:14.327+00
bitcoin,btc,Bitcoin,74680.89837503555,1495348140015.4377,40147168996.334236,,2026-04-16 09:00:50.379+00
bitcoin,btc,Bitcoin,74622.01589094764,1493824381657.8767,39106372477.643265,,2026-04-16 10:00:46.723+00
bitcoin,btc,Bitcoin,74332.7583953483,1488207933919.4812,39483354047.73062,,2026-04-16 11:00:10.003+00
bitcoin,btc,Bitcoin,74556.17981114863,1492032426287.0508,40188394225.5102,,2026-04-16 12:00:43.617+00
bitcoin,btc,Bitcoin,74632.85353044435,1493915372488.1196,39716811146.08739,,2026-04-16 13:00:56.375+00
bitcoin,btc,Bitcoin,73705.01360985098,1475348162268.7468,40401269342.41423,,2026-04-16 14:00:31.437+00
bitcoin,btc,Bitcoin,73938.04397589041,1479607872579.3518,42325661156.45845,,2026-04-16 15:00:28.941+00
bitcoin,btc,Bitcoin,74740.25080601992,1495728130026.4128,38837290392.47925,,2026-04-16 16:00:18.9+00
bitcoin,btc,Bitcoin,74214.42990809566,1485394320922.462,38787951904.08342,,2026-04-16 17:00:48.233+00
bitcoin,btc,Bitcoin,74273.00358424732,1486838942127.459,43475152789.92625,,2026-04-16 18:00:26.081+00
bitcoin,btc,Bitcoin,75017.42674367223,1499923180115.6802,44382669360.28834,,2026-04-16 19:00:40.853+00
bitcoin,btc,Bitcoin,75389.68135904678,1508909938316.9688,44473366528.56049,,2026-04-16 20:00:23.094+00
bitcoin,btc,Bitcoin,75240.31590673576,1506011238899.7874,44767669853.07972,,2026-04-16 21:00:42.253+00
bitcoin,btc,Bitcoin,74944.91566812144,1500262280788.9175,45330238078.33198,,2026-04-16 22:00:27.315+00
bitcoin,btc,Bitcoin,74883.21300083205,1498857908537.255,44409880487.13345,,2026-04-16 23:00:58.176+00
bitcoin,btc,Bitcoin,75149.1930221427,1503597305333.8933,44500754086.976234,,2026-04-17 00:00:30.955+00
bitcoin,btc,Bitcoin,74977.75409490333,1500767928918.167,44034004914.89707,,2026-04-17 01:00:53.697+00
bitcoin,btc,Bitcoin,74787.851905865,1495930483809.754,38694015116.92774,,2026-04-17 02:00:22.764+00
bitcoin,btc,Bitcoin,74695.48255658832,1495267681676.06,42772067913.355194,,2026-04-17 03:00:07.573+00
bitcoin,btc,Bitcoin,74649.52985426539,1494284209193.056,41826634887.98915,,2026-04-17 04:00:32.051+00
bitcoin,btc,Bitcoin,74792.21540789708,1496997062560.4373,42038892068.6481,,2026-04-17 05:01:00.216+00
bitcoin,btc,Bitcoin,74666.08972542649,1495144023296.8135,40648317400.77058,,2026-04-17 06:00:53.685+00
bitcoin,btc,Bitcoin,74913.00922361523,1499733447741.8784,40203319107.80648,,2026-04-17 07:00:48.343+00
bitcoin,btc,Bitcoin,75044.90134871528,1501633855864.259,40824693530.99453,,2026-04-17 08:00:17.378+00
bitcoin,btc,Bitcoin,75739.35058143485,1516620163362.3523,41170149399.558586,,2026-04-17 09:01:11.858+00
bitcoin,btc,Bitcoin,75797.67899200699,1517734975995.148,44311533384.545166,,2026-04-17 10:00:35.344+00
bitcoin,btc,Bitcoin,75297.00919396247,1507281195069.3274,45136853687.19093,,2026-04-17 11:00:13.677+00
bitcoin,btc,Bitcoin,75589.10032806055,1512568228506.7031,42688510706.85469,,2026-04-17 12:00:27.085+00
bitcoin,btc,Bitcoin,76213.45555656118,1525445480632.187,43536867908.973946,,2026-04-17 13:00:04.59+00
bitcoin,btc,Bitcoin,77361.36237765808,1547875377616.437,52042530772.676544,,2026-04-17 14:01:20.758+00
bitcoin,btc,Bitcoin,77956.91427499668,1560386545858.3533,56107308888.542015,,2026-04-17 15:00:58.285+00
bitcoin,btc,Bitcoin,77828.185699857,1557938229504.5286,56746197339.57147,,2026-04-17 16:01:09.527+00
bitcoin,btc,Bitcoin,77862.89905005145,1558741844730.4136,58377963224.951775,,2026-04-17 17:01:15.036+00
bitcoin,btc,Bitcoin,77498.81630549654,1552276284378.6526,58714859530.73591,,2026-04-17 18:00:31.603+00
bitcoin,btc,Bitcoin,77164.03670386429,1544550308360.052,57937650561.398026,,2026-04-17 19:00:52.485+00
bitcoin,btc,Bitcoin,77436.59527540709,1549384827465.6338,59476694991.984665,,2026-04-17 20:00:54.342+00
bitcoin,btc,Bitcoin,77362.87288021417,1548141116123.61,59627367020.333145,,2026-04-17 21:00:40.617+00
bitcoin,btc,Bitcoin,77496.71066229149,1550833555379.8354,60943728905.81756,,2026-04-17 22:01:02.842+00
bitcoin,btc,Bitcoin,77308.43885337995,1547523388035.4717,62695582309.6609,,2026-04-17 23:01:09.578+00
bitcoin,btc,Bitcoin,77128.44334858148,1543927908120.292,64762179077.35212,,2026-04-18 00:00:15.387+00
bitcoin,btc,Bitcoin,77169.64712633878,1545439321553.7048,64976584898.45001,,2026-04-18 01:00:28.704+00
bitcoin,btc,Bitcoin,77201.78314338902,1545010792086.1467,66043247322.531044,,2026-04-18 02:00:12.377+00
bitcoin,btc,Bitcoin,77315.4096324451,1547703432885.083,66852110008.45606,,2026-04-18 03:00:53.738+00
bitcoin,btc,Bitcoin,77013.53238285403,1541884807945.419,65641358337.34867,,2026-04-18 04:00:38.295+00
bitcoin,btc,Bitcoin,77158.48113774008,1544578785646.4585,68169831234.20302,,2026-04-18 05:00:51.751+00
bitcoin,btc,Bitcoin,77152.68049883858,1544398685372.4473,70188682906.21591,,2026-04-18 06:00:24.127+00
bitcoin,btc,Bitcoin,77131.3006381946,1544086749520.6396,72001523201.48819,,2026-04-18 07:00:36.584+00
bitcoin,btc,Bitcoin,76998.06796704927,1540327354094.871,74696999982.24515,,2026-04-18 08:00:25.517+00
bitcoin,btc,Bitcoin,76755.0998125113,1536587810200.1658,77348340158.96046,,2026-04-18 09:00:39.772+00
bitcoin,btc,Bitcoin,76617.80623429554,1533130505220.5364,73622514188.17682,,2026-04-18 10:00:08.049+00
bitcoin,btc,Bitcoin,76188.45755869409,1525221550282.7644,81392174793.79712,,2026-04-18 11:00:45.45+00
bitcoin,btc,Bitcoin,76072.68979550186,1521270484082.3403,85881212391.721,,2026-04-18 12:00:57.316+00
bitcoin,btc,Bitcoin,76224.9598173141,1525810307132.608,80667645235.00426,,2026-04-18 13:01:03.736+00
bitcoin,btc,Bitcoin,76137.19860160364,1523973035308.8398,77011909772.04565,,2026-04-18 14:00:25.301+00
bitcoin,btc,Bitcoin,76251.58670751007,1526510052117.2031,74855831151.39299,,2026-04-18 15:00:26.751+00
bitcoin,btc,Bitcoin,76181.98651177097,1524987030793.585,74356684580.0149,,2026-04-18 16:00:12.36+00
bitcoin,btc,Bitcoin,75927.57132288165,1519915826535.7195,69440163806.74641,,2026-04-18 17:00:47.226+00
bitcoin,btc,Bitcoin,75864.95221180288,1518623215443.806,69592906337.72153,,2026-04-18 18:00:53.23+00
bitcoin,btc,Bitcoin,75653.54136303878,1513374229238.0728,73006520507.18001,,2026-04-18 19:00:09.275+00
bitcoin,btc,Bitcoin,75670.66377392902,1514736570921.5432,72657027278.32774,,2026-04-18 20:00:56.722+00
bitcoin,btc,Bitcoin,75757.95160113281,1516412910624.547,64009290714.37558,,2026-04-18 21:00:30.982+00
bitcoin,btc,Bitcoin,75828.32687513834,1517908091124.6257,65224382559.24805,,2026-04-18 22:00:20.269+00
bitcoin,btc,Bitcoin,75830.19171188552,1517970391355.4963,66086650646.36925,,2026-04-18 23:00:47.003+00
bitcoin,btc,Bitcoin,75728.45681761758,1515912560791.0652,66292316931.16393,,2026-04-19 00:00:19.243+00
bitcoin,btc,Bitcoin,75652.21984514158,1514509595517.0796,49739690927.27295,,2026-04-19 01:00:55.762+00
bitcoin,btc,Bitcoin,75642.12663561944,1514184431949.1917,51383552906.61102,,2026-04-19 02:00:38.652+00
bitcoin,btc,Bitcoin,75558.77945979389,1512871860167.1003,53033262696.442955,,2026-04-19 03:01:17.341+00
bitcoin,btc,Bitcoin,75540.50887836353,1512186034403.9905,54188844589.859856,,2026-04-19 04:01:14.063+00
bitcoin,btc,Bitcoin,75681.49533537882,1514978295460.7717,45442441843.57892,,2026-04-19 05:00:35.911+00
bitcoin,btc,Bitcoin,75569.83917977821,1512817447910.0427,46744630874.423325,,2026-04-19 06:00:35.261+00
bitcoin,btc,Bitcoin,75407.80704076507,1509398037495.757,49081442064.33445,,2026-04-19 07:01:07.182+00
bitcoin,btc,Bitcoin,75295.98459973742,1507279264071.5447,53862769426.127556,,2026-04-19 08:00:33.524+00
bitcoin,btc,Bitcoin,75244.24719211207,1506259191705.4167,45663103637.068726,,2026-04-19 09:00:04.218+00
bitcoin,btc,Bitcoin,75020.97270538584,1501722379233.4746,46620015083.20766,,2026-04-19 10:00:59.248+00
bitcoin,btc,Bitcoin,75236.36654292562,1505534274657.5044,47712225901.88826,,2026-04-19 11:00:55.94+00
bitcoin,btc,Bitcoin,75599.26577131222,1513379668808.128,49931502932.78472,,2026-04-19 12:00:37.294+00
bitcoin,btc,Bitcoin,75624.6529610848,1513492816849.975,47912135580.03185,,2026-04-19 13:00:41.851+00
bitcoin,btc,Bitcoin,75920.89178630568,1520104441952.6646,52578079383.138664,,2026-04-19 14:00:28.888+00
bitcoin,btc,Bitcoin,76024.76202757412,1522366874296.9001,55269137250.772484,,2026-04-19 15:00:03.231+00
bitcoin,btc,Bitcoin,75840.65451654213,1518187883838.0364,59438586842.22165,,2026-04-19 16:00:20.279+00
bitcoin,btc,Bitcoin,75495.36817299578,1511268826091.2947,56463067288.512794,,2026-04-19 17:00:18.075+00
bitcoin,btc,Bitcoin,74800.94102146984,1498465349338.818,60443842669.05226,,2026-04-19 18:00:36.729+00
bitcoin,btc,Bitcoin,74795.1465182244,1496813798572.105,63358995869.6154,,2026-04-19 19:00:55.283+00
bitcoin,btc,Bitcoin,74974.34476516958,1500394097665.9497,65446899240.03208,,2026-04-19 20:00:43.659+00
bitcoin,btc,Bitcoin,74689.24400809643,1495454676105.6272,57689813777.33056,,2026-04-19 21:00:46.413+00
bitcoin,btc,Bitcoin,74460.14184607656,1490989101252.3782,58775836171.593185,,2026-04-19 22:00:18.388+00
bitcoin,btc,Bitcoin,74137.21873636951,1484447519528.1829,61457239001.58817,,2026-04-19 23:01:19.302+00
bitcoin,btc,Bitcoin,73856.05501487634,1478753744436.9177,62221359441.72641,,2026-04-20 00:00:48.126+00
bitcoin,btc,Bitcoin,74346.05375810764,1488265523188.769,55347710619.42313,,2026-04-20 01:00:50.777+00
bitcoin,btc,Bitcoin,74623.05265769569,1494135909941.3982,56304968577.498116,,2026-04-20 02:00:44.18+00
bitcoin,btc,Bitcoin,74458.21813860718,1490580011309.3655,56857059672.476875,,2026-04-20 03:00:04.643+00
bitcoin,btc,Bitcoin,74653.54610763465,1494175526552.1143,56919540827.46242,,2026-04-20 04:00:22.245+00
bitcoin,btc,Bitcoin,74581.28237935815,1492946479263.3606,44840797262.68127,,2026-04-20 05:00:38.55+00
bitcoin,btc,Bitcoin,74277.51462154883,1487457901241.2097,45601787654.77866,,2026-04-20 06:00:52.141+00
bitcoin,btc,Bitcoin,74789.56984853405,1496234881256.542,39791248503.8874,,2026-04-20 07:00:32.318+00
bitcoin,btc,Bitcoin,74795.97600729625,1497246972722.8855,40177708098.21327,,2026-04-20 08:00:52+00
bitcoin,btc,Bitcoin,74741.97729093608,1496162384123.07,40548714381.20647,,2026-04-20 09:00:13.386+00
bitcoin,btc,Bitcoin,75062.12403807922,1502815509581.5723,42220254415.49742,,2026-04-20 10:00:46.167+00
bitcoin,btc,Bitcoin,75045.02524645194,1502415529766.9014,37386990911.19884,,2026-04-20 11:00:47.491+00
bitcoin,btc,Bitcoin,75179.56431310959,1505578665032.2913,37364863563.77988,,2026-04-20 12:00:30.682+00
bitcoin,btc,Bitcoin,75285.69738107114,1507020806914.7788,38246363835.23265,,2026-04-20 13:00:46.403+00
bitcoin,btc,Bitcoin,75290.96918392694,1507240846916.452,38735744946.00872,,2026-04-20 14:00:21.627+00
bitcoin,btc,Bitcoin,75004.42275652137,1502327067183.7686,39895215865.964264,,2026-04-20 15:01:04.999+00
bitcoin,btc,Bitcoin,75687.721421251,1514790901507.4592,41943415932.411705,,2026-04-20 16:00:11+00
bitcoin,btc,Bitcoin,75340.28666497084,1508604065767.8506,43520282930.812744,,2026-04-20 17:00:31.977+00
bitcoin,btc,Bitcoin,75921.15197965335,1519149153084.3735,43751214771.001335,,2026-04-20 18:00:26.267+00
bitcoin,btc,Bitcoin,76437.62877231697,1529561575073.8838,45159428632.76643,,2026-04-20 19:00:59.005+00
bitcoin,btc,Bitcoin,76314.88533036472,1527291021125.012,47576218869.13889,,2026-04-20 20:00:40.654+00
bitcoin,btc,Bitcoin,76302.84677235561,1527486600233.469,49252241063.1764,,2026-04-20 21:01:22.441+00
bitcoin,btc,Bitcoin,75970.00268011336,1520768019015.729,48749060213.855354,,2026-04-20 22:00:42.504+00
bitcoin,btc,Bitcoin,75992.70086029985,1521262010554.11,48393538409.77167,,2026-04-20 23:00:09.65+00
bitcoin,btc,Bitcoin,75874.54629352967,1518784350281.418,48152404105.554855,,2026-04-21 00:00:34.491+00
bitcoin,btc,Bitcoin,76085.88237404238,1521873000193.7788,47768593468.62412,,2026-04-21 01:00:42.456+00
bitcoin,btc,Bitcoin,75921.29817954023,1519737706337.1628,46241657355.786415,,2026-04-21 02:00:56.297+00
bitcoin,btc,Bitcoin,75628.03723799669,1513965718174.7046,45499901898.10366,,2026-04-21 03:00:55.464+00
bitcoin,btc,Bitcoin,75728.13586903199,1515987755124.191,45572340882.83156,,2026-04-21 04:00:58.013+00
bitcoin,btc,Bitcoin,75814.67217221636,1517649261036.6497,45899342302.97906,,2026-04-21 05:00:32.588+00
bitcoin,btc,Bitcoin,75832.33172653822,1518071585444.09,45979986832.24872,,2026-04-21 06:01:12.73+00
bitcoin,btc,Bitcoin,76008.88286643253,1521529345217.1846,42035704829.798256,,2026-04-21 07:00:41.651+00
bitcoin,btc,Bitcoin,76125.0717533993,1523920893569.3066,43647526353.87709,,2026-04-21 08:00:35.784+00
bitcoin,btc,Bitcoin,76542.40965523037,1532306138051.585,43367334027.84363,,2026-04-21 09:00:08.063+00
bitcoin,btc,Bitcoin,76367.38771266557,1528511379169.1265,44344026695.04834,,2026-04-21 10:00:49.642+00
bitcoin,btc,Bitcoin,76784.39417696862,1537762754214.8628,42109681288.48853,,2026-04-21 11:00:25.3+00
bitcoin,btc,Bitcoin,76479.91862901945,1530772122545.2383,42748318971.52066,,2026-04-21 12:00:13.537+00
bitcoin,btc,Bitcoin,75992.30702339568,1521083374377.4739,43197901644.561714,,2026-04-21 13:01:00.137+00
bitcoin,btc,Bitcoin,75911.10361927166,1519884984463.4155,43562183331.67095,,2026-04-21 14:00:36.415+00
bitcoin,btc,Bitcoin,75762.711638902,1521549925824.5303,43402240103.86349,,2026-04-21 15:00:16.38+00
bitcoin,btc,Bitcoin,75803.94428247478,1517014998785.5205,44137325603.021286,,2026-04-21 16:00:26.659+00
bitcoin,btc,Bitcoin,75861.34549918868,1519486618873.708,44273727634.23734,,2026-04-21 17:00:47.102+00
bitcoin,btc,Bitcoin,75556.47668629252,1512391977991.2988,44270012776.06253,,2026-04-21 18:01:17.084+00
bitcoin,btc,Bitcoin,75598.61267682334,1513506058756.8457,42662211449.906265,,2026-04-21 19:00:40.192+00
bitcoin,btc,Bitcoin,74995.37782854948,1501314192006.915,43193169337.120605,,2026-04-21 20:00:52.473+00
bitcoin,btc,Bitcoin,75763.05667180788,1516444831314.6433,43150557481.247925,,2026-04-21 21:00:41.688+00
bitcoin,btc,Bitcoin,75574.10377442642,1512957623795.922,42273005631.45665,,2026-04-21 22:00:32.686+00
bitcoin,btc,Bitcoin,75629.08968346077,1513641143880.4812,41086778053.866035,,2026-04-21 23:00:27.372+00
bitcoin,btc,Bitcoin,76350.25202878818,1528459815743.431,41231756234.27609,,2026-04-22 00:00:37.205+00
bitcoin,btc,Bitcoin,76308.7293299303,1527683996742.2024,41635474334.7764,,2026-04-22 01:00:23.839+00
bitcoin,btc,Bitcoin,76322.61641898053,1527924555470.013,41466994645.51593,,2026-04-22 02:00:55.707+00
bitcoin,btc,Bitcoin,77536.75470746626,1552135438139.678,41921707285.83783,,2026-04-22 03:00:54.527+00
bitcoin,btc,Bitcoin,77587.83202645402,1553305024543.4724,44037553948.67849,,2026-04-22 04:00:40.948+00
bitcoin,btc,Bitcoin,77478.20552898936,1551082211706.0286,44084722054.866615,,2026-04-22 05:00:47.209+00
bitcoin,btc,Bitcoin,78016.40224612548,1561974105809.766,48226316783.858864,,2026-04-22 06:00:57.207+00
bitcoin,btc,Bitcoin,77988.76554637455,1561083035910.5107,45644465802.99619,,2026-04-22 07:00:10.741+00
bitcoin,btc,Bitcoin,78067.63707556471,1561398217579.6348,46258411149.35869,,2026-04-22 08:00:51.547+00
bitcoin,btc,Bitcoin,78058.08975780573,1562228799631.7634,46287775624.772964,,2026-04-22 09:00:57.778+00
bitcoin,btc,Bitcoin,78024.52473191661,1562021385728.7913,45719542871.31724,,2026-04-22 10:00:56.646+00
bitcoin,btc,Bitcoin,78144.37988534916,1563434728457.8472,46023186997.14145,,2026-04-22 11:00:46.807+00
bitcoin,btc,Bitcoin,78287.86829838748,1567255987226.805,46104771135.28421,,2026-04-22 12:00:56.988+00
bitcoin,btc,Bitcoin,78273.8966848666,1567142973349.4531,46465635385.11347,,2026-04-22 13:00:00.597+00
bitcoin,btc,Bitcoin,78815.99780735128,1577748194658.2434,47155238497.222206,,2026-04-22 14:00:03.201+00
bitcoin,btc,Bitcoin,79080.63292286295,1581897160109.6287,49584320214.27795,,2026-04-22 15:00:16.489+00
bitcoin,btc,Bitcoin,79321.15968354288,1589298776485.6238,50797796943.66768,,2026-04-22 16:01:04.024+00
bitcoin,btc,Bitcoin,78751.70323522005,1576567635392.6963,51910497428.64114,,2026-04-22 17:00:25.757+00
bitcoin,btc,Bitcoin,78923.92967916405,1580299716804.5417,51506716194.32797,,2026-04-22 18:00:50.652+00
bitcoin,btc,Bitcoin,79026.34137679906,1582436984070.1702,50514549843.072235,,2026-04-22 19:00:35.409+00
bitcoin,btc,Bitcoin,78946.3912548935,1580221550341.5781,46770683633.32399,,2026-04-22 20:00:52.843+00
bitcoin,btc,Bitcoin,78453.79426420951,1570788920397.4214,50257244292.798904,,2026-04-22 21:00:52.677+00
bitcoin,btc,Bitcoin,78791.52632630398,1577562753090.2822,50830625504.77678,,2026-04-22 22:00:05.923+00
bitcoin,btc,Bitcoin,78602.89731358779,1573381320961.5647,50261434888.71102,,2026-04-22 23:00:43.763+00
bitcoin,btc,Bitcoin,78194.78334884858,1566077005143.7695,49815267208.000084,,2026-04-23 00:00:40.823+00
bitcoin,btc,Bitcoin,78406.2930435807,1569893933542.7803,51670428337.21743,,2026-04-23 01:00:48.116+00
bitcoin,btc,Bitcoin,78357.18396749758,1569088374985.1438,51988523634.16255,,2026-04-23 02:00:18.441+00
bitcoin,btc,Bitcoin,77985.92377137982,1561167861214.0154,49506514209.309906,,2026-04-23 03:00:47.77+00
bitcoin,btc,Bitcoin,77745.85432228484,1555342611629.3286,48161391479.75573,,2026-04-23 04:00:47.486+00
bitcoin,btc,Bitcoin,77935.74125864716,1560207554503.5933,47547625259.751114,,2026-04-23 05:00:22.561+00
bitcoin,btc,Bitcoin,78027.34427996507,1562365284880.5059,45941074959.64643,,2026-04-23 06:00:37.5+00
bitcoin,btc,Bitcoin,78224.5180282668,1565890456656.122,43527339423.07713,,2026-04-23 07:00:17.638+00
bitcoin,btc,Bitcoin,78031.99538001728,1562163022733.212,43023705075.36329,,2026-04-23 08:00:39.673+00
bitcoin,btc,Bitcoin,77897.87177343022,1558951934598.8079,44645992109.64626,,2026-04-23 09:00:24.199+00
bitcoin,btc,Bitcoin,77638.50183036197,1554337313354.0154,44942123538.3285,,2026-04-23 10:00:53.511+00
bitcoin,btc,Bitcoin,77421.70696946804,1549915856645.2644,46145379731.23387,,2026-04-23 11:00:13.367+00
bitcoin,btc,Bitcoin,77720.82903527566,1556077619105.938,45809163566.82756,,2026-04-23 12:01:00.4+00
bitcoin,btc,Bitcoin,77689.20240973093,1555710947387.7434,46009241772.353775,,2026-04-23 13:00:00.958+00
bitcoin,btc,Bitcoin,77534.60343866517,1551931118742.4153,45055311882.299065,,2026-04-23 14:00:03.966+00
bitcoin,btc,Bitcoin,78194.45325685579,1563875314322.7776,39540625611.423645,,2026-04-23 15:01:01.571+00
bitcoin,btc,Bitcoin,78400.43360010415,1569391384991.354,43205307656.04405,,2026-04-23 16:00:35.533+00
bitcoin,btc,Bitcoin,78107.69300312691,1563836971601.3384,41908539533.10348,,2026-04-23 17:01:12.798+00
bitcoin,btc,Bitcoin,77774.75239415659,1556754031953.9688,40279385301.83466,,2026-04-23 18:00:35.961+00
bitcoin,btc,Bitcoin,77788.60996280434,1557576175087.204,44691988799.30967,,2026-04-23 19:00:41.386+00
bitcoin,btc,Bitcoin,77758.18784079723,1557014228021.7097,43193879678.29897,,2026-04-23 20:01:11.601+00
bitcoin,btc,Bitcoin,77892.40295122238,1559078380072.9802,43597116245.55349,,2026-04-23 21:01:11.533+00
bitcoin,btc,Bitcoin,77960.96780301731,1561577868914.1116,43368527688.666245,,2026-04-23 22:00:52.886+00
bitcoin,btc,Bitcoin,78241.97434139495,1566315495095.4597,42572331414.9057,,2026-04-23 23:00:43.134+00
bitcoin,btc,Bitcoin,78260.61998045091,1566737928291.1943,41704798844.827675,,2026-04-24 00:00:55.292+00
bitcoin,btc,Bitcoin,78385.9994566751,1568927645670.111,40146445354.969444,,2026-04-24 01:00:29.654+00
bitcoin,btc,Bitcoin,78450.36540019314,1570541947828.1082,40042600319.259605,,2026-04-24 02:00:08.427+00
bitcoin,btc,Bitcoin,78147.75938482724,1564412340622.773,38017253832.98511,,2026-04-24 03:00:47.663+00
bitcoin,btc,Bitcoin,77747.45626454431,1556273128439.0862,37132630868.39429,,2026-04-24 04:00:51.454+00
bitcoin,btc,Bitcoin,77705.47025945061,1555711268940.7134,37676668817.393364,,2026-04-24 05:00:41.879+00
bitcoin,btc,Bitcoin,77986.53527373911,1561303916140.8997,35313219121.48105,,2026-04-24 06:00:30.51+00
bitcoin,btc,Bitcoin,77820.67157019368,1558218787592.4668,37674996303.46722,,2026-04-24 07:00:51.674+00
bitcoin,btc,Bitcoin,77631.4765633673,1553840049402.7644,38162270247.428116,,2026-04-24 08:00:52.384+00
bitcoin,btc,Bitcoin,77849.7374088029,1558780636152.4182,37389566485.04999,,2026-04-24 09:00:50.209+00
bitcoin,btc,Bitcoin,77541.44001609184,1552321623830.698,37037104790.192894,,2026-04-24 10:00:08.376+00
bitcoin,btc,Bitcoin,77769.18978227278,1556902084642.3533,35056067227.03973,,2026-04-24 11:00:57.707+00
bitcoin,btc,Bitcoin,78246.79964995776,1566468105587.9724,37258807656.652626,,2026-04-24 12:00:48.03+00
bitcoin,btc,Bitcoin,78191.33520155153,1564103672869.7825,37205134962.42762,,2026-04-24 13:01:00.411+00
bitcoin,btc,Bitcoin,78079.14695903476,1563077131455.7239,37813460994.71029,,2026-04-24 14:00:44.185+00
bitcoin,btc,Bitcoin,78040.02364193133,1562619801425.3416,37361820643.44842,,2026-04-24 15:00:36.375+00
bitcoin,btc,Bitcoin,78047.3380693329,1562454941639.2712,36852800512.37475,,2026-04-24 16:00:44.329+00
bitcoin,btc,Bitcoin,77754.58226000571,1555723386976.0095,37090346199.200035,,2026-04-24 17:00:31.162+00
bitcoin,btc,Bitcoin,77684.72881988292,1556997227619.8674,35148307352.30138,,2026-04-24 18:00:46.647+00
bitcoin,btc,Bitcoin,77597.78722462713,1553497245997.3948,34068993105.000748,,2026-04-24 19:00:05.954+00
bitcoin,btc,Bitcoin,77640.62590796669,1554394447442.4373,33360625364.196312,,2026-04-24 20:00:22.681+00
bitcoin,btc,Bitcoin,77743.96821879945,1555757804912.4272,33219394347.17484,,2026-04-24 21:00:28.86+00
bitcoin,btc,Bitcoin,77598.4707273492,1553639459706.4556,33358150343.95766,,2026-04-24 22:01:16.897+00
bitcoin,btc,Bitcoin,77360.7247577714,1548706899492.1887,33634410850.08754,,2026-04-24 23:00:51.647+00
bitcoin,btc,Bitcoin,77444.79563692068,1550504073873.627,33584952477.909107,,2026-04-25 00:00:32.951+00
bitcoin,btc,Bitcoin,77462.08912922682,1550647743588.366,33677555003.28113,,2026-04-25 01:00:40.202+00
bitcoin,btc,Bitcoin,77566.91332664572,1552932466615.0212,33171671297.80779,,2026-04-25 02:00:55.35+00
bitcoin,btc,Bitcoin,77632.1049866153,1554399977328.1514,31381213484.58672,,2026-04-25 03:01:10.721+00
bitcoin,btc,Bitcoin,77659.99727324375,1554771588542.3264,31412500132.81829,,2026-04-25 04:01:11.228+00
bitcoin,btc,Bitcoin,77641.01117283583,1554403556597.5642,30652209049.950893,,2026-04-25 05:00:26.002+00
bitcoin,btc,Bitcoin,77526.33855221451,1552256129337.0032,30724973026.205307,,2026-04-25 06:00:04.04+00
bitcoin,btc,Bitcoin,77546.29139125944,1552472618373.899,29545381705.54841,,2026-04-25 07:01:01.155+00
bitcoin,btc,Bitcoin,77552.43014091096,1552647781762.342,29006499516.40955,,2026-04-25 08:00:27.315+00
bitcoin,btc,Bitcoin,77633.44423479457,1554185257456.8792,27922167758.543903,,2026-04-25 09:00:57.268+00
bitcoin,btc,Bitcoin,77756.29359070981,1556961811884.2153,27495425743.539665,,2026-04-25 10:00:56.854+00
bitcoin,btc,Bitcoin,77798.77053029239,1557832721209.5015,27172206044.970097,,2026-04-25 11:00:49.067+00
bitcoin,btc,Bitcoin,77681.05139222337,1555063818648.7288,25632071036.709885,,2026-04-25 12:00:49.06+00
bitcoin,btc,Bitcoin,77572.56576897178,1553036629810.0273,24801716481.66847,,2026-04-25 13:00:35.344+00
bitcoin,btc,Bitcoin,77704.47912526024,1555685428637.8728,23444590698.79551,,2026-04-25 14:00:59.933+00
bitcoin,btc,Bitcoin,77666.8630936243,1555532134737.0215,21213819242.35983,,2026-04-25 15:01:05.72+00
bitcoin,btc,Bitcoin,77369.37427037527,1549071875111.261,20947194601.312504,,2026-04-25 16:00:36.546+00
bitcoin,btc,Bitcoin,77411.63283414992,1549817635983.2593,20609123475.90194,,2026-04-25 17:00:12.416+00
bitcoin,btc,Bitcoin,77268.59468461889,1546818771001.5396,19907460153.124626,,2026-04-25 18:00:28.307+00
bitcoin,btc,Bitcoin,77327.62457986774,1548029843890.457,18182141347.32988,,2026-04-25 19:00:47.539+00
bitcoin,btc,Bitcoin,77334.26544839946,1548000121930.74,19007562756.49339,,2026-04-25 20:00:31.506+00
bitcoin,btc,Bitcoin,77485.94368156035,1550404457822.7268,18727297158.345634,,2026-04-25 21:00:12.443+00
bitcoin,btc,Bitcoin,77517.55017621993,1551815963961.672,18301392637.528748,,2026-04-25 22:00:33.526+00
bitcoin,btc,Bitcoin,77571.92469081761,1553047081807.202,17005935787.841883,,2026-04-25 23:00:26.584+00
bitcoin,btc,Bitcoin,77619.14219872655,1553988530840.653,17276677148.502968,,2026-04-26 00:00:43.793+00
bitcoin,btc,Bitcoin,77504.17855812809,1552342733772.0806,17081257036.478771,,2026-04-26 01:00:25.674+00
bitcoin,btc,Bitcoin,77474.23663746598,1551122403311.6326,16946319768.270077,,2026-04-26 02:00:03.806+00
bitcoin,btc,Bitcoin,77508.39871110146,1551766356459.8328,15712352679.205164,,2026-04-26 03:00:45.47+00
bitcoin,btc,Bitcoin,77421.9680597692,1549716185588.2144,16320353063.261902,,2026-04-26 04:00:12.276+00
bitcoin,btc,Bitcoin,77780.732585964,1556927875383.493,16514070073.51725,,2026-04-26 05:00:41.556+00
bitcoin,btc,Bitcoin,78011.43215971511,1561902719668.2551,17512551363.979813,,2026-04-26 06:00:39.567+00
bitcoin,btc,Bitcoin,77968.04637604058,1560571249939.717,17191420071.969894,,2026-04-26 07:00:01.656+00
bitcoin,btc,Bitcoin,78104.00311325732,1563824167199.638,17309663557.879486,,2026-04-26 08:00:48.885+00
bitcoin,btc,Bitcoin,78046.40161728268,1562562089856.3147,17398881878.497257,,2026-04-26 09:00:25.361+00
bitcoin,btc,Bitcoin,78007.27442207371,1561718278640.5164,17655584736.180584,,2026-04-26 10:00:48.136+00
bitcoin,btc,Bitcoin,78005.02861473465,1561661145963.2988,17268716592.49323,,2026-04-26 11:00:42.207+00
bitcoin,btc,Bitcoin,78110.88161863454,1563860002626.5122,17254659226.3661,,2026-04-26 12:00:14.977+00
bitcoin,btc,Bitcoin,77838.15248676843,1558464948117.933,17648274916.12717,,2026-04-26 13:00:39.504+00
bitcoin,btc,Bitcoin,77940.84317164119,1560764134583.1182,17916140356.811825,,2026-04-26 14:00:52.097+00
bitcoin,btc,Bitcoin,78104.22069639667,1564207941611.285,18269626262.36409,,2026-04-26 15:00:57.502+00
bitcoin,btc,Bitcoin,78050.75607592058,1562848231038.1597,17776501419.812603,,2026-04-26 16:00:43.334+00
bitcoin,btc,Bitcoin,77985.65557780031,1562221073385.7473,17499009417.021084,,2026-04-26 17:00:56.563+00
bitcoin,btc,Bitcoin,78034.51980737594,1562110581791.1914,17810277959.68153,,2026-04-26 18:00:28.642+00
bitcoin,btc,Bitcoin,78274.34065021528,1567213005561.7827,18231932141.923096,,2026-04-26 19:00:43.789+00
bitcoin,btc,Bitcoin,78240.93686631313,1566508638803.9631,18831127482.721317,,2026-04-26 20:00:25.299+00
bitcoin,btc,Bitcoin,78229.8417681944,1566404909024.1902,19128633207.984184,,2026-04-26 21:00:56.72+00
bitcoin,btc,Bitcoin,78407.16125498862,1570865539343.8494,20430848130.01003,,2026-04-26 22:00:03.843+00
bitcoin,btc,Bitcoin,78378.05061328351,1569163579466.127,21789174595.13602,,2026-04-26 23:00:20.641+00
bitcoin,btc,Bitcoin,78645.12560170851,1575064891879.2925,22944408006.92362,,2026-04-27 00:00:27.238+00
bitcoin,btc,Bitcoin,79260.26248669959,1582181815809.0583,24512264452.21343,,2026-04-27 01:00:49.775+00
bitcoin,btc,Bitcoin,79217.03669448356,1586137238121.0728,26955439307.798664,,2026-04-27 02:00:24.503+00
bitcoin,btc,Bitcoin,79161.16903469128,1585224523092.7332,27223034633.402096,,2026-04-27 03:00:12.333+00
bitcoin,btc,Bitcoin,79096.32338375495,1583897314573.5864,27975389057.125023,,2026-04-27 04:01:00.515+00
bitcoin,btc,Bitcoin,78918.2674998158,1579873179944.8142,28233084176.490166,,2026-04-27 05:00:08.318+00
bitcoin,btc,Bitcoin,77819.8190965596,1558235236105.4575,30202157593.764496,,2026-04-27 06:00:33.628+00
bitcoin,btc,Bitcoin,77728.11296302704,1556148791658.9038,30992855744.499035,,2026-04-27 07:00:11.988+00
bitcoin,btc,Bitcoin,77653.42820403715,1555164756460.986,32108171403.540173,,2026-04-27 08:00:35.326+00
bitcoin,btc,Bitcoin,77801.48133620767,1557620520960.529,31740741088.231983,,2026-04-27 09:00:23.824+00
bitcoin,btc,Bitcoin,77918.22130374532,1560281237883.155,32982510785.95417,,2026-04-27 10:00:09.832+00
bitcoin,btc,Bitcoin,77858.06178429707,1558819707935.3628,33207694129.656055,,2026-04-27 11:00:48.733+00
bitcoin,btc,Bitcoin,77839.13057125034,1558412777140.6255,33557572909.21505,,2026-04-27 12:00:58.779+00
bitcoin,btc,Bitcoin,77636.7357570139,1554876749702.0278,33967225301.722294,,2026-04-27 13:00:32.811+00
bitcoin,btc,Bitcoin,77767.52764704514,1556718107669.9893,34889577312.55833,,2026-04-27 14:00:20.954+00
bitcoin,btc,Bitcoin,77816.0572264602,1558254793406.475,35628751431.195854,,2026-04-27 15:01:05.894+00
bitcoin,btc,Bitcoin,76772.56122738226,1538293445258.9268,39627962020.49703,,2026-04-27 16:00:13.302+00
bitcoin,btc,Bitcoin,76597.37629170864,1534967257954.2646,41538002421.51332,,2026-04-27 17:00:12.461+00
bitcoin,btc,Bitcoin,76701.61237959677,1536592078413.7786,42427996341.83362,,2026-04-27 18:00:51.604+00
bitcoin,btc,Bitcoin,76840.12034837836,1538813902741.691,41669342458.44669,,2026-04-27 19:00:56.805+00
bitcoin,btc,Bitcoin,76829.48158520267,1538245267857.1614,42022514362.26304,,2026-04-27 20:00:31.438+00
bitcoin,btc,Bitcoin,76986.58306724002,1541296363232.3887,42749025819.9751,,2026-04-27 21:00:48.838+00
bitcoin,btc,Bitcoin,76798.22801186582,1537757274103.8025,40570508556.52542,,2026-04-27 22:00:46.196+00
bitcoin,btc,Bitcoin,77068.29246494433,1543029761486.5496,39876413916.83866,,2026-04-27 23:00:43.889+00
bitcoin,btc,Bitcoin,77361.29911038803,1549702864531.718,39453767786.252846,,2026-04-28 00:00:41.441+00
bitcoin,btc,Bitcoin,77383.54057877463,1549597373803.655,38956591788.22928,,2026-04-28 01:00:46.51+00
bitcoin,btc,Bitcoin,77090.31107128707,1543721589191.3518,36568323780.40484,,2026-04-28 02:00:04.023+00
bitcoin,btc,Bitcoin,76833.05668971647,1538052702228.33,36754648643.56072,,2026-04-28 03:00:56.701+00
bitcoin,btc,Bitcoin,76804.77382356762,1537888107951.9849,36538528250.460724,,2026-04-28 04:00:24.854+00
bitcoin,btc,Bitcoin,76884.15413049556,1539890299913.8674,36626221923.00444,,2026-04-28 05:00:48.493+00
bitcoin,btc,Bitcoin,76948.09017415001,1540451644999.823,34593815454.0176,,2026-04-28 06:00:41.954+00
bitcoin,btc,Bitcoin,76711.2208351938,1536158178825.0444,33219557821.182842,,2026-04-28 07:00:28.376+00
bitcoin,btc,Bitcoin,76871.94798938799,1539127349773.196,33106355855.588226,,2026-04-28 08:00:39.87+00
bitcoin,btc,Bitcoin,76823.96703050246,1538162259194.486,34293043032.977356,,2026-04-28 09:00:57.917+00
bitcoin,btc,Bitcoin,76582.2382436488,1533443427099.0596,33948552829.23613,,2026-04-28 10:00:32.75+00
bitcoin,btc,Bitcoin,76587.46607990249,1533354202988.6003,33920908253.76628,,2026-04-28 11:01:17.572+00
bitcoin,btc,Bitcoin,76182.61040738711,1525308418031.0667,35383048851.16088,,2026-04-28 12:00:41.615+00
bitcoin,btc,Bitcoin,76342.5588428331,1528587440600.3562,36168743286.67884,,2026-04-28 13:00:51.576+00
bitcoin,btc,Bitcoin,76180.39793452619,1524995006105.7239,37224905285.63623,,2026-04-28 14:00:39.32+00
bitcoin,btc,Bitcoin,75849.31178726906,1518626631428.3943,37059138260.918846,,2026-04-28 15:01:03.316+00
bitcoin,btc,Bitcoin,76040.86480284185,1522556429162.2031,35275325453.46049,,2026-04-28 16:00:56.195+00
bitcoin,btc,Bitcoin,76108.79943793108,1523561557769.4255,34440416101.66235,,2026-04-28 17:00:34.217+00
bitcoin,btc,Bitcoin,76174.499991253,1524917051008.656,34619975501.3495,,2026-04-28 18:00:53.791+00
bitcoin,btc,Bitcoin,76223.05617004436,1525860501392.1584,33813950651.384293,,2026-04-28 19:01:16.832+00
bitcoin,btc,Bitcoin,76340.1341246333,1528183256937.8618,33450031147.450054,,2026-04-28 20:01:16.57+00
bitcoin,btc,Bitcoin,76445.86122627115,1530508552683.084,33124516570.13196,,2026-04-28 21:01:16.527+00
bitcoin,btc,Bitcoin,76353.70892706158,1528930439606.1135,33737647012.687225,,2026-04-28 22:01:17.983+00
bitcoin,btc,Bitcoin,76229.4038502392,1526110482803.7131,32691715224.962154,,2026-04-28 23:01:15.82+00
bitcoin,btc,Bitcoin,76345.22521002527,1528431321586.3352,32683167166.924606,,2026-04-29 00:01:19.32+00
bitcoin,btc,Bitcoin,76505.05470800745,1531634994168.1995,32875028371.79822,,2026-04-29 01:01:17.903+00
bitcoin,btc,Bitcoin,76537.83594119303,1532450577671.0752,33245187912.457405,,2026-04-29 02:00:56.205+00
bitcoin,btc,Bitcoin,76478.80195313173,1531267732541.4558,32262562441.858234,,2026-04-29 03:01:07.974+00
bitcoin,btc,Bitcoin,76961.46963288501,1540440429630.053,32560786600.28168,,2026-04-29 04:00:22.141+00
bitcoin,btc,Bitcoin,77289.79308700348,1548204298073.8186,34433159623.087814,,2026-04-29 05:00:02.625+00
bitcoin,btc,Bitcoin,77258.63042398472,1546885046382.8147,33497990347.09302,,2026-04-29 06:00:38.633+00
bitcoin,btc,Bitcoin,76964.99741594712,1540831982259.9385,35115412300.697044,,2026-04-29 07:00:31.012+00
bitcoin,btc,Bitcoin,77023.71023600476,1542119138795.6538,33210090615.237576,,2026-04-29 08:00:11.567+00
bitcoin,btc,Bitcoin,77028.46347185198,1542282326553.995,33752734733.387024,,2026-04-29 09:00:59.06+00
bitcoin,btc,Bitcoin,77629.86690905425,1554254229886.267,32425950109.972507,,2026-04-29 10:01:13.258+00
bitcoin,btc,Bitcoin,77596.56363815261,1553556978810.1934,35336213005.08907,,2026-04-29 11:01:09.39+00
bitcoin,btc,Bitcoin,77579.59487006326,1553188645103.577,35633107230.683914,,2026-04-29 12:00:54.224+00
bitcoin,btc,Bitcoin,77127.99638212805,1544363003704.3345,36826780363.93349,,2026-04-29 13:00:38.082+00
bitcoin,btc,Bitcoin,76776.12526378022,1537529543751.8347,37048753934.83251,,2026-04-29 14:01:02.001+00
bitcoin,btc,Bitcoin,76558.49021649477,1533375910892.36,36846532904.62975,,2026-04-29 15:00:43.812+00
bitcoin,btc,Bitcoin,75858.12862387307,1518101829050.391,37772579466.57684,,2026-04-29 16:01:01.713+00
bitcoin,btc,Bitcoin,75763.67004036404,1517029685157.734,38720924359.29596,,2026-04-29 17:00:54.287+00
bitcoin,btc,Bitcoin,75996.93512732009,1520902225352.0137,39306479158.57729,,2026-04-29 18:00:28.569+00
bitcoin,btc,Bitcoin,75436.56581067356,1510367581284.2336,41122030677.74367,,2026-04-29 19:00:55.543+00
bitcoin,btc,Bitcoin,75468.90041834336,1511344194615.42,41809200041.12819,,2026-04-29 20:00:47.135+00
bitcoin,btc,Bitcoin,75701.80458172278,1516846559302.6401,42605921714.468994,,2026-04-29 21:00:09.185+00
bitcoin,btc,Bitcoin,75924.91798195371,1520546492851.6426,42893955964.82768,,2026-04-29 22:00:34.074+00
bitcoin,btc,Bitcoin,75907.29950981027,1520332514430.6743,43078591741.11532,,2026-04-29 23:00:40.535+00
bitcoin,btc,Bitcoin,75774.8855230121,1517194764796.4153,42528290001.67072,,2026-04-30 00:00:46.34+00
bitcoin,btc,Bitcoin,76255.01364165342,1526906770698.5347,42593089206.20719,,2026-04-30 01:00:21.235+00
bitcoin,btc,Bitcoin,76220.83380666314,1528747407011.2544,43095521351.40608,,2026-04-30 02:00:24.298+00
bitcoin,btc,Bitcoin,75691.65564515392,1515396006115.6538,43411599247.046646,,2026-04-30 03:00:17.943+00
bitcoin,btc,Bitcoin,75909.7088552133,1519972727634.1946,42126052854.04704,,2026-04-30 04:00:41.929+00
bitcoin,btc,Bitcoin,75459.6526551717,1510882923333.707,41017032796.703064,,2026-04-30 05:00:38.275+00
bitcoin,btc,Bitcoin,75580.06196734082,1513328549207.0913,41809872379.68383,,2026-04-30 06:00:38.043+00
bitcoin,btc,Bitcoin,75713.26283708648,1516301827270.6233,41457598738.03378,,2026-04-30 07:00:51.783+00
bitcoin,btc,Bitcoin,76085.14106760567,1523480159424.3125,40583034405.328514,,2026-04-30 08:00:59.565+00
bitcoin,btc,Bitcoin,76026.7764354485,1522299755404.5222,40204701485.829185,,2026-04-30 09:00:34.276+00
bitcoin,btc,Bitcoin,76090.4726987875,1523787622262.344,39815709975.96415,,2026-04-30 10:00:43.024+00
bitcoin,btc,Bitcoin,75986.04492329038,1521396367671.0876,38859825379.835945,,2026-04-30 11:00:48.342+00
bitcoin,btc,Bitcoin,76005.83880555014,1521622920976.9858,38962960919.64066,,2026-04-30 12:00:21.241+00
bitcoin,btc,Bitcoin,76280.05036510443,1527495812309.4084,39409784802.09748,,2026-04-30 13:01:04.561+00
bitcoin,btc,Bitcoin,76410.61364346408,1531733605657.2957,40337354483.89108,,2026-04-30 14:00:50.826+00
bitcoin,btc,Bitcoin,76270.43468783535,1526960430887.818,39802719438.20781,,2026-04-30 15:00:29.633+00
bitcoin,btc,Bitcoin,76455.76704590907,1530896905376.1057,38306506014.01942,,2026-04-30 16:00:59.951+00
bitcoin,btc,Bitcoin,76216.33823270486,1526084715787.9487,35978312353.91412,,2026-04-30 17:00:48.747+00
bitcoin,btc,Bitcoin,76235.32221878375,1526354957243.6523,35569555577.93981,,2026-04-30 18:00:24.638+00
bitcoin,btc,Bitcoin,76343.14131925348,1528908514529.0098,33850686381.696945,,2026-04-30 19:00:42.712+00
bitcoin,btc,Bitcoin,76391.95833110265,1529549370391.0583,33037368312.96238,,2026-04-30 20:00:39.482+00
bitcoin,btc,Bitcoin,76465.47268894286,1531552702301.1492,32827290693.193527,,2026-04-30 21:00:50.514+00
bitcoin,btc,Bitcoin,76231.26886058506,1526645397834.9531,32496634860.891064,,2026-04-30 22:00:44.363+00
bitcoin,btc,Bitcoin,76189.37205616337,1526296372781.7307,32494468686.609634,,2026-04-30 23:00:11.796+00
bitcoin,btc,Bitcoin,76286.57710950871,1528163519735.7407,31717874196.513115,,2026-05-01 00:00:00.693+00
bitcoin,btc,Bitcoin,76379.67128631244,1530148311925.6267,30099767485.356346,,2026-05-01 01:00:53.489+00
bitcoin,btc,Bitcoin,76656.57064385938,1535863848965.7834,31407660077.423763,,2026-05-01 02:00:47.284+00
bitcoin,btc,Bitcoin,76517.3133818177,1531956292806.9626,30999574610.20699,,2026-05-01 03:00:01.37+00
bitcoin,btc,Bitcoin,77085.22718465359,1543392731681.6853,30112678396.196987,,2026-05-01 04:00:10.968+00
bitcoin,btc,Bitcoin,77009.0736401404,1542177743671.5908,30671745232.751545,,2026-05-01 05:00:22.505+00
bitcoin,btc,Bitcoin,77118.9788591889,1544227878398.6692,30296835688.173347,,2026-05-01 06:00:38.361+00
bitcoin,btc,Bitcoin,77034.26419331781,1542830274603.6763,29666931132.37002,,2026-05-01 07:00:40.828+00
bitcoin,btc,Bitcoin,77096.21079038092,1543730939350.0552,30103481475.217953,,2026-05-01 08:00:26.705+00
bitcoin,btc,Bitcoin,77340.98047049128,1548500315229.6997,30913571169.292213,,2026-05-01 09:00:21.323+00
bitcoin,btc,Bitcoin,77231.30471966216,1546399131063.0356,30755245882.760914,,2026-05-01 10:00:16.743+00
bitcoin,btc,Bitcoin,77240.15798301293,1546596325329.1262,30719187232.89795,,2026-05-01 11:00:54.545+00
bitcoin,btc,Bitcoin,77433.64205650402,1550426084199.3567,31396186775.57612,,2026-05-01 12:00:45.526+00
bitcoin,btc,Bitcoin,77969.27491618901,1561186100660.154,29708569776.388603,,2026-05-01 13:00:42.692+00
bitcoin,btc,Bitcoin,78695.21355815475,1577508952597.1765,34208810093.333992,,2026-05-01 14:01:10.071+00
bitcoin,btc,Bitcoin,78320.42975742156,1568239302060.2715,36253691130.97231,,2026-05-01 15:00:13.191+00
bitcoin,btc,Bitcoin,78434.82448589527,1569161089748.033,37234242842.84587,,2026-05-01 16:00:49.972+00
bitcoin,btc,Bitcoin,78252.9324694872,1566822428287.2554,38298065389.63522,,2026-05-01 17:00:03.247+00
bitcoin,btc,Bitcoin,78548.40091164663,1572832114023.5996,38352357060.30561,,2026-05-01 18:00:52.001+00
bitcoin,btc,Bitcoin,78382.96178450093,1569471505749.2554,39016535764.07629,,2026-05-01 19:00:31.37+00
bitcoin,btc,Bitcoin,78423.58948035864,1569561120900.182,38933982086.37934,,2026-05-01 20:00:28.062+00
bitcoin,btc,Bitcoin,77859.3116606549,1558564649817.2944,38690642663.91328,,2026-05-01 21:00:39.242+00
bitcoin,btc,Bitcoin,78174.02675323762,1564797267137.3816,39712659290.182816,,2026-05-01 22:00:49.543+00
bitcoin,btc,Bitcoin,78138.26976073837,1564620116985.311,40071778655.20321,,2026-05-01 23:00:56.057+00
bitcoin,btc,Bitcoin,78172.07422147921,1564746221568.415,39070393404.50403,,2026-05-02 00:00:33.537+00
bitcoin,btc,Bitcoin,78308.37520882013,1568471168906.4443,39246987998.25454,,2026-05-02 01:00:36.113+00
bitcoin,btc,Bitcoin,78286.27861903312,1567600543159.4622,38949776973.675415,,2026-05-02 02:00:44.908+00
bitcoin,btc,Bitcoin,78362.29923426916,1569926613837.628,39302091696.51672,,2026-05-02 03:00:11.975+00
bitcoin,btc,Bitcoin,78437.93476926665,1570199137570.6921,37098056763.78158,,2026-05-02 04:00:39.668+00
bitcoin,btc,Bitcoin,78150.11936951149,1564831488728.8975,36210399403.29757,,2026-05-02 05:00:06.749+00
bitcoin,btc,Bitcoin,78195.68680702572,1565619068241.7268,36683554630.594795,,2026-05-02 06:00:28.993+00
bitcoin,btc,Bitcoin,78306.93283732959,1567711198595.3518,36318515892.55121,,2026-05-02 07:00:45.701+00
bitcoin,btc,Bitcoin,78194.06055081423,1565884224119.3577,35778411447.43925,,2026-05-02 08:00:48.392+00
bitcoin,btc,Bitcoin,78285.70832684374,1567515503366.4785,34870694300.65933,,2026-05-02 09:00:40.845+00
bitcoin,btc,Bitcoin,78281.28398457692,1567804869761.6565,34555439249.140564,,2026-05-02 10:00:47.319+00
bitcoin,btc,Bitcoin,78240.11769161666,1566757297260.97,33861958697.646343,,2026-05-02 11:00:47.841+00
bitcoin,btc,Bitcoin,78128.46024348195,1564331171196.7805,32516047293.226852,,2026-05-02 12:00:41.48+00
bitcoin,btc,Bitcoin,78193.2744831238,1565350426164.504,29588907642.5036,,2026-05-02 13:00:52.674+00
bitcoin,btc,Bitcoin,78360.21898348848,1569167112809.0908,27457464979.27595,,2026-05-02 14:00:23.002+00
bitcoin,btc,Bitcoin,78411.38510755789,1570070694678.7441,23884605246.483776,,2026-05-02 15:00:57.596+00
bitcoin,btc,Bitcoin,78461.63721855872,1571000546572.393,23006085497.338795,,2026-05-02 16:00:33.18+00
bitcoin,btc,Bitcoin,78435.08617699439,1570787747944.805,22217015014.454693,,2026-05-02 17:00:11.069+00
bitcoin,btc,Bitcoin,78382.70991118148,1569514428498.9429,21361055462.756638,,2026-05-02 18:00:04.005+00
bitcoin,btc,Bitcoin,78457.5389191646,1571015762070.3247,20818476756.304264,,2026-05-02 19:00:46.535+00
bitcoin,btc,Bitcoin,78447.53632340279,1570815298902.6099,19351920639.101562,,2026-05-02 20:00:15.067+00
bitcoin,btc,Bitcoin,78439.4139272263,1570644798083.7444,18603801654.61094,,2026-05-02 21:00:47.472+00
bitcoin,btc,Bitcoin,78732.6338722369,1576916606692.3428,19287236897.41597,,2026-05-02 22:00:24.789+00
bitcoin,btc,Bitcoin,78804.99536374844,1577887101392.2534,19234989633.012974,,2026-05-02 23:00:35.245+00
bitcoin,btc,Bitcoin,78666.02056290468,1575148502354.1545,18022690594.326572,,2026-05-03 00:00:59.728+00
bitcoin,btc,Bitcoin,78525.2146039029,1572075181593.1353,18898197932.330376,,2026-05-03 01:00:56.603+00
bitcoin,btc,Bitcoin,78247.12211102132,1566722366853.2583,18415893093.834915,,2026-05-03 02:00:28.483+00
bitcoin,btc,Bitcoin,78157.88034742486,1565213523634.553,18765012188.548294,,2026-05-03 03:01:06.475+00
bitcoin,btc,Bitcoin,78188.40860775959,1565540573839.92,18347688373.225365,,2026-05-03 04:00:54.226+00
bitcoin,btc,Bitcoin,78146.92223825728,1564771959514.9072,18054578529.853794,,2026-05-03 05:00:57.318+00
bitcoin,btc,Bitcoin,78229.08291869442,1566426020432.5237,16675311981.143501,,2026-05-03 06:00:49.289+00
bitcoin,btc,Bitcoin,78271.08132011641,1567237575198.4863,17637920508.6484,,2026-05-03 07:01:08.417+00
bitcoin,btc,Bitcoin,78350.69027764065,1568860261902.8298,16840770906.325394,,2026-05-03 08:00:38.248+00
bitcoin,btc,Bitcoin,78386.58845756314,1569879069324.1797,16840673750.215036,,2026-05-03 09:00:57.19+00
bitcoin,btc,Bitcoin,78514.79652456472,1572146420567.9417,17050444123.361252,,2026-05-03 10:00:56.075+00
bitcoin,btc,Bitcoin,78393.61348590766,1569716005537.1038,17121018102.973257,,2026-05-03 11:00:33.462+00
bitcoin,btc,Bitcoin,78651.90783179233,1574900803026.6733,17291985715.84465,,2026-05-03 12:00:11.955+00
bitcoin,btc,Bitcoin,78723.62272234702,1576236928500.0112,17642982277.06398,,2026-05-03 13:00:28.703+00
bitcoin,btc,Bitcoin,78671.01722577176,1575012771226.5994,17898874039.8741,,2026-05-03 14:00:56.232+00
bitcoin,btc,Bitcoin,78735.77368245517,1576594383331.218,18059623804.65322,,2026-05-03 15:00:25.426+00
bitcoin,btc,Bitcoin,78648.51670661499,1574824832026.538,18159640388.9371,,2026-05-03 16:00:01.209+00
bitcoin,btc,Bitcoin,78671.22481306917,1575323955746.6729,18255564019.96856,,2026-05-03 17:00:43.04+00
bitcoin,btc,Bitcoin,78714.14816000318,1576158015114.4978,18383294317.58524,,2026-05-03 18:01:04.652+00
bitcoin,btc,Bitcoin,78723.71597574794,1576163906876.6516,18650225159.77774,,2026-05-03 19:00:29.236+00
bitcoin,btc,Bitcoin,78772.93638758908,1577298903017.5696,18450261140.290585,,2026-05-03 20:00:06.341+00
bitcoin,btc,Bitcoin,78882.41352644576,1579440214244.248,19670268251.12034,,2026-05-03 21:00:24.969+00
bitcoin,btc,Bitcoin,78784.56538231378,1577423253966.6868,19541590817.771282,,2026-05-03 22:00:02.579+00
bitcoin,btc,Bitcoin,79164.91262664807,1585274788115.1965,20643152727.93216,,2026-05-03 23:00:18.129+00
bitcoin,btc,Bitcoin,78542.80803714818,1572857799168.3865,21752319971.691612,,2026-05-04 00:00:24.199+00
bitcoin,btc,Bitcoin,78523.09209511426,1571891886694.3423,22671082036.418465,,2026-05-04 01:00:21.733+00
bitcoin,btc,Bitcoin,79525.0486011737,1590342547461.5535,24530464572.538902,,2026-05-04 02:00:11.798+00
bitcoin,btc,Bitcoin,80247.57433910447,1608159922222.4316,28501121807.280876,,2026-05-04 03:00:47.107+00
bitcoin,btc,Bitcoin,80254.0760312916,1606960840231.5044,30043206556.387512,,2026-05-04 04:00:19.152+00
bitcoin,btc,Bitcoin,80296.72362760552,1606604875124.9265,32955468824.501053,,2026-05-04 05:00:04.028+00
bitcoin,btc,Bitcoin,80010.78689175253,1601771351802.552,33107456516.87622,,2026-05-04 06:00:49.287+00
bitcoin,btc,Bitcoin,79920.44749612657,1600417197114.775,32036262969.159733,,2026-05-04 07:00:26.455+00
bitcoin,btc,Bitcoin,79689.3122143952,1595843133759.1006,36130583110.56879,,2026-05-04 08:00:53.151+00
bitcoin,btc,Bitcoin,79714.0128258611,1595788516724.7139,37044143253.16777,,2026-05-04 09:00:52.207+00
bitcoin,btc,Bitcoin,79832.33782372707,1599440266082.0068,37665303465.99489,,2026-05-04 10:00:51.475+00
bitcoin,btc,Bitcoin,78911.17072497762,1578865019330.376,43638235967.95806,,2026-05-04 11:00:30.233+00
bitcoin,btc,Bitcoin,78794.5386775698,1578034088283.9321,44147182126.23705,,2026-05-04 12:00:29.63+00
bitcoin,btc,Bitcoin,78946.74382793218,1580851451288.0125,44429541786.509834,,2026-05-04 13:00:46.426+00
bitcoin,btc,Bitcoin,78795.3827203887,1577891189326.2732,45739481611.06737,,2026-05-04 14:00:19.62+00
bitcoin,btc,Bitcoin,80262.81441266934,1606985266144.71,49356317457.68933,,2026-05-04 15:00:26.294+00
bitcoin,btc,Bitcoin,79961.47965724225,1601025865587.0117,51754388162.180176,,2026-05-04 16:00:59.053+00
bitcoin,btc,Bitcoin,79997.7587206583,1602301521411.0967,55768450542.50171,,2026-05-04 17:00:29.774+00
bitcoin,btc,Bitcoin,80468.0775179202,1611657046825.13,56905930652.119026,,2026-05-04 18:00:24.474+00
bitcoin,btc,Bitcoin,80114.39169381397,1603825506464.3828,58178832930.49876,,2026-05-04 19:00:25.417+00
bitcoin,btc,Bitcoin,80052.0708073038,1601571797729.098,58470406846.66907,,2026-05-04 20:00:36.109+00
bitcoin,btc,Bitcoin,79929.45608891523,1600416908266.649,58594717175.93243,,2026-05-04 21:00:49.527+00
bitcoin,btc,Bitcoin,80248.55770465586,1607524098813.8489,58419265714.40567,,2026-05-04 22:00:46.495+00
bitcoin,btc,Bitcoin,80060.10705547684,1603431450152.6567,55236031472.88673,,2026-05-04 23:00:54.225+00
bitcoin,btc,Bitcoin,79824.40331204748,1598490258502.797,55551527031.93043,,2026-05-05 00:00:20.337+00
bitcoin,btc,Bitcoin,80138.68119208484,1604282966282.9055,54775816999.60858,,2026-05-05 01:00:42.625+00
bitcoin,btc,Bitcoin,80325.98978821686,1608297626040.7817,51058060793.77407,,2026-05-05 02:00:36.397+00
bitcoin,btc,Bitcoin,80502.6608897079,1612708561815.0208,51241640316.32863,,2026-05-05 03:00:42.948+00
bitcoin,btc,Bitcoin,80862.32986289714,1618820624176.569,50700652637.0122,,2026-05-05 04:00:41.908+00
bitcoin,btc,Bitcoin,80879.64169767959,1619484882179.1086,49266760458.50681,,2026-05-05 05:00:16.87+00
bitcoin,btc,Bitcoin,80964.32892911187,1621057997988.5496,49726800803.73007,,2026-05-05 06:00:31.571+00
bitcoin,btc,Bitcoin,80929.42691227201,1619924347655.0571,48843785839.80399,,2026-05-05 07:00:58.056+00
bitcoin,btc,Bitcoin,80832.01520950334,1618941329211.96,47315352581.447815,,2026-05-05 08:00:59.885+00
bitcoin,btc,Bitcoin,80777.53289851543,1617518707558.4443,48478914031.34287,,2026-05-05 09:00:29.966+00
bitcoin,btc,Bitcoin,80559.87773983457,1613099414281.8672,48947771833.28799,,2026-05-05 10:01:09.759+00
bitcoin,btc,Bitcoin,80807.32656323555,1617478795492.7527,44114430508.77828,,2026-05-05 11:00:10.508+00
bitcoin,btc,Bitcoin,80980.88740291572,1621333235373.455,43776726791.48088,,2026-05-05 12:00:50.66+00
bitcoin,btc,Bitcoin,81269.26250467004,1627580884251.8425,44220394355.01409,,2026-05-05 13:00:59.256+00
bitcoin,btc,Bitcoin,81344.9530195381,1628603146771.691,45479172788.48596,,2026-05-05 14:01:14.421+00
bitcoin,btc,Bitcoin,81320.6271467758,1628243692452.9446,44192228862.3139,,2026-05-05 15:00:11.258+00
bitcoin,btc,Bitcoin,81531.44168217648,1632782632386.9924,42109294743.97375,,2026-05-05 16:00:49.284+00
bitcoin,btc,Bitcoin,81239.08701427226,1626896474928.4617,40907905397.901825,,2026-05-05 17:00:29.851+00
bitcoin,btc,Bitcoin,81263.69235345974,1627244225573.9912,39822848600.26594,,2026-05-05 18:00:27.681+00
bitcoin,btc,Bitcoin,81505.5389396501,1631846502586.31,39376967307.97569,,2026-05-05 19:00:41.471+00
bitcoin,btc,Bitcoin,81610.0981394073,1634126696889.691,38814834861.32463,,2026-05-05 20:00:42.936+00
bitcoin,btc,Bitcoin,81640.76606774832,1634716290189.8203,39507630543.64771,,2026-05-05 21:00:49.608+00
bitcoin,btc,Bitcoin,81435.04217472997,1631147101474.5293,40280316648.82257,,2026-05-05 22:00:15.009+00
bitcoin,btc,Bitcoin,81102.49055562499,1625081366733.3804,41422852729.51571,,2026-05-05 23:00:48.759+00
bitcoin,btc,Bitcoin,80925.09365495079,1620550900862.796,41115413343.941505,,2026-05-06 00:00:42.626+00
bitcoin,btc,Bitcoin,81025.08656540702,1622689747938.2886,41098380358.845024,,2026-05-06 01:00:46.577+00
bitcoin,btc,Bitcoin,81397.411569984,1630007016130.5195,40634458628.24874,,2026-05-06 02:00:11.267+00
bitcoin,btc,Bitcoin,81358.38548975713,1628197196906.6484,41958865692.4301,,2026-05-06 03:00:22.686+00
bitcoin,btc,Bitcoin,81584.74166306602,1633826763257.7554,40681480588.04093,,2026-05-06 04:00:16.151+00
bitcoin,btc,Bitcoin,81306.10012559843,1628099669215.53,41387689372.75871,,2026-05-06 05:00:30.236+00
bitcoin,btc,Bitcoin,81297.72330722761,1626928228784.1982,41066595605.27643,,2026-05-06 06:00:53.578+00
bitcoin,btc,Bitcoin,81473.56659293742,1631275309562.0283,41011751910.69632,,2026-05-06 07:00:34.724+00
bitcoin,btc,Bitcoin,81329.1136388315,1628648579265.246,40135424153.72705,,2026-05-06 08:00:36.137+00
bitcoin,btc,Bitcoin,81899.30243968488,1640325602092.8972,40557530627.57004,,2026-05-06 09:00:36.661+00
bitcoin,btc,Bitcoin,81952.1101049097,1641070016229.59,41937194040.332,,2026-05-06 10:00:12.605+00
bitcoin,btc,Bitcoin,82290.68407538498,1648101367439.3,43480909034.412544,,2026-05-06 11:00:57.616+00
bitcoin,btc,Bitcoin,82496.20820745183,1652185998927.5708,45296663393.576385,,2026-05-06 12:00:55.127+00
bitcoin,btc,Bitcoin,82205.60200195608,1647172788155.216,46214721663.39324,,2026-05-06 13:00:07.183+00
bitcoin,btc,Bitcoin,81706.995476948,1635988384412.7834,45231311262.69124,,2026-05-06 14:00:44.107+00
bitcoin,btc,Bitcoin,81514.56522213451,1635565414292.1187,46168330844.73142,,2026-05-06 15:00:41.537+00
bitcoin,btc,Bitcoin,81680.52689781821,1636331897308.7703,45827493555.146774,,2026-05-06 16:00:50.319+00
bitcoin,btc,Bitcoin,81633.84574005251,1635715268149.9456,46037449453.653244,,2026-05-06 17:00:44.518+00
bitcoin,btc,Bitcoin,81442.95333192401,1630751213572.663,46097513951.05945,,2026-05-06 18:01:18.59+00
bitcoin,btc,Bitcoin,81360.03801766584,1629744153252.9685,46254094803.1743,,2026-05-06 19:00:50.023+00
bitcoin,btc,Bitcoin,81467.38228080935,1631515016280.925,45475210230.517715,,2026-05-06 20:00:40.265+00
bitcoin,btc,Bitcoin,81396.90859345869,1630072479041.6074,44769582102.76354,,2026-05-06 21:00:35.035+00
bitcoin,btc,Bitcoin,81535.56051187172,1633267339137.1372,45218388303.25237,,2026-05-06 22:00:33.775+00
bitcoin,btc,Bitcoin,81341.72824280302,1629042297040.9856,43440605226.179756,,2026-05-06 23:00:30.621+00
bitcoin,btc,Bitcoin,81424.99515650333,1630523861201.5588,41133090710.83387,,2026-05-07 00:00:43.677+00
bitcoin,btc,Bitcoin,81025.86984340467,1623390267112.4946,42359718016.06221,,2026-05-07 01:00:51.201+00
bitcoin,btc,Bitcoin,81164.7659265684,1625621716535.1392,42562882981.51727,,2026-05-07 02:00:21.779+00
bitcoin,btc,Bitcoin,81101.16003173548,1623444536975.0232,42584929981.1151,,2026-05-07 03:00:47.617+00
bitcoin,btc,Bitcoin,80866.42753547305,1619767551093.9287,41410220291.45263,,2026-05-07 04:00:26.688+00
bitcoin,btc,Bitcoin,80953.3833159498,1621150920685.2485,41582143348.9213,,2026-05-07 05:00:41.167+00
bitcoin,btc,Bitcoin,81039.78989761735,1622754169258.0498,41222409522.32012,,2026-05-07 06:00:29.501+00
bitcoin,btc,Bitcoin,81397.13070774359,1629855263404.0635,40523878603.563774,,2026-05-07 07:00:46.447+00
bitcoin,btc,Bitcoin,81497.72906865228,1631993277287.3054,41663777118.1286,,2026-05-07 08:00:27.111+00
bitcoin,btc,Bitcoin,81212.97643770608,1626520950799.2244,40462430426.828255,,2026-05-07 09:00:50.018+00
bitcoin,btc,Bitcoin,80923.64105632599,1620564130248.9724,39462237961.83836,,2026-05-07 10:01:06.904+00
bitcoin,btc,Bitcoin,80829.48845781687,1618753228342.2268,38402902863.52311,,2026-05-07 11:00:29.356+00
bitcoin,btc,Bitcoin,80858.04643663602,1619221184922.2913,36286001846.34696,,2026-05-07 12:00:06.855+00
bitcoin,btc,Bitcoin,81158.02618621176,1624911758164.325,35803276088.7324,,2026-05-07 13:00:55.622+00
bitcoin,btc,Bitcoin,80518.08550605948,1611869921696.9595,35110571192.99003,,2026-05-07 14:00:10.793+00
bitcoin,btc,Bitcoin,80160.46228405276,1607467335174.9014,35876466658.391304,,2026-05-07 15:01:02.945+00
bitcoin,btc,Bitcoin,79895.48468462411,1601473480329.4004,37147568512.06449,,2026-05-07 16:00:27.776+00
bitcoin,btc,Bitcoin,79785.58492155476,1599291394380.784,38041615510.00101,,2026-05-07 17:01:11.652+00
bitcoin,btc,Bitcoin,80080.24103755607,1601476035302.9197,38123257936.87423,,2026-05-07 18:00:36.783+00
bitcoin,btc,Bitcoin,80208.20259981617,1606347874877.27,38390542667.16612,,2026-05-07 19:00:58.078+00
bitcoin,btc,Bitcoin,80086.82987664758,1604013459662.496,38660521965.68425,,2026-05-07 20:00:04.248+00
bitcoin,btc,Bitcoin,79864.24334933555,1599772962675.0737,38593298643.86227,,2026-05-07 21:00:52.509+00
bitcoin,btc,Bitcoin,79778.9710136237,1597662608763.5818,38993622565.19638,,2026-05-07 22:00:51.762+00
bitcoin,btc,Bitcoin,79903.13315729475,1600180434924.404,39548251022.07147,,2026-05-07 23:00:55.585+00
bitcoin,btc,Bitcoin,80022.04125006415,1602537556660.9,38385751841.67185,,2026-05-08 00:00:05.244+00
bitcoin,btc,Bitcoin,79773.77281488809,1597444775604.9446,39020971923.88471,,2026-05-08 01:01:13.615+00
bitcoin,btc,Bitcoin,79726.5063910817,1596617208305.9397,37555259514.65293,,2026-05-08 02:00:37.934+00
bitcoin,btc,Bitcoin,79467.2776985759,1592115467998.957,37319191610.491974,,2026-05-08 03:00:28.351+00
bitcoin,btc,Bitcoin,79565.88415271358,1593403737803.7742,37947356110.723564,,2026-05-08 04:00:14.084+00
bitcoin,btc,Bitcoin,79643.43510935546,1594952811511.1619,36726329419.559685,,2026-05-08 05:00:38.884+00
bitcoin,btc,Bitcoin,79621.66883251265,1594727455594.216,38507608684.05252,,2026-05-08 06:00:35.144+00
bitcoin,btc,Bitcoin,79482.76287784053,1591743349220.3743,37749138514.78637,,2026-05-08 07:00:35.816+00
bitcoin,btc,Bitcoin,79666.44198815993,1595958837442.703,37743852573.63401,,2026-05-08 08:00:07.12+00
bitcoin,btc,Bitcoin,79901.01949747415,1600618633893.1626,38252770144.34685,,2026-05-08 09:00:43.846+00
bitcoin,btc,Bitcoin,79852.08374240961,1599038586458.2283,37601277569.23577,,2026-05-08 10:00:35.344+00
bitcoin,btc,Bitcoin,80195.29628009013,1606135178770.8428,38594262230.822334,,2026-05-08 11:00:40.409+00
bitcoin,btc,Bitcoin,80218.69695879071,1606533205588.7615,38105903914.49031,,2026-05-08 12:00:50.45+00
bitcoin,btc,Bitcoin,80047.65873791873,1604688859746.6382,39467432462.503784,,2026-05-08 13:00:57.951+00
bitcoin,btc,Bitcoin,79588.23885692912,1593923682728.3198,39040833846.71271,,2026-05-08 14:00:52.1+00
bitcoin,btc,Bitcoin,80097.30821841754,1604544199127.3928,34525038026.21082,,2026-05-08 15:00:28.461+00
bitcoin,btc,Bitcoin,80104.66044328224,1605004501634.9314,37037488171.8803,,2026-05-08 16:00:55.356+00
bitcoin,btc,Bitcoin,79799.24748348113,1598097412451.114,34735275602.32215,,2026-05-08 17:00:43.496+00
bitcoin,btc,Bitcoin,80026.20541110853,1604487711592.3232,36622236136.090576,,2026-05-08 18:00:53.315+00
bitcoin,btc,Bitcoin,80134.6910565651,1605311028993.3093,35692022645.68309,,2026-05-08 19:00:24.329+00
bitcoin,btc,Bitcoin,80095.51493127189,1604059731440.0374,35895524409.17617,,2026-05-08 20:00:38.222+00
bitcoin,btc,Bitcoin,80115.99080461846,1605351252443.173,35199170736.61062,,2026-05-08 21:00:35.999+00
bitcoin,btc,Bitcoin,80222.98937217446,1606218353033.6353,35577380920.07125,,2026-05-08 22:00:39.322+00
bitcoin,btc,Bitcoin,80272.10755156755,1607761050756.4763,34364403113.47488,,2026-05-08 23:00:41.591+00
bitcoin,btc,Bitcoin,80189.06503567853,1605561829780.81,34583448281.13733,,2026-05-09 00:00:30.511+00
bitcoin,btc,Bitcoin,80227.05117840739,1606570574296.0295,33828848473.62059,,2026-05-09 01:01:12.532+00
bitcoin,btc,Bitcoin,80338.74262095778,1609305275524.2134,33732735567.789604,,2026-05-09 02:00:56.529+00
bitcoin,btc,Bitcoin,80403.26336788909,1610213593847.4854,31446496787.76371,,2026-05-09 03:00:06.027+00
bitcoin,btc,Bitcoin,80381.29773964443,1609694842089.0093,31510333558.248425,,2026-05-09 04:00:29.958+00
bitcoin,btc,Bitcoin,80374.19698015944,1609934040037.8464,31559725087.37217,,2026-05-09 05:01:00.807+00
bitcoin,btc,Bitcoin,80384.38574538061,1609712766896.3904,31445029809.576046,,2026-05-09 06:00:55.441+00
bitcoin,btc,Bitcoin,80225.08553906319,1606626666506.6707,31290522585.488525,,2026-05-09 07:00:34.18+00
bitcoin,btc,Bitcoin,80217.38206877769,1606483004378.2478,29882876618.166573,,2026-05-09 08:00:20.685+00
bitcoin,btc,Bitcoin,80393.63767911753,1610181338565.1206,29343123556.721653,,2026-05-09 09:00:10.776+00
bitcoin,btc,Bitcoin,80205.7613054906,1606545424974.2485,28762495272.656647,,2026-05-09 10:00:17.112+00
bitcoin,btc,Bitcoin,80252.18834131895,1607301419556.9712,27394537274.311756,,2026-05-09 11:01:04.837+00
bitcoin,btc,Bitcoin,80350.36116385079,1609156655024.3787,27149684707.74674,,2026-05-09 12:00:23.893+00
bitcoin,btc,Bitcoin,80385.0903436548,1609720103670.134,25900602322.437637,,2026-05-09 13:00:29.436+00
bitcoin,btc,Bitcoin,80375.02812868063,1609365991515.3157,24988672634.49832,,2026-05-09 14:00:55.965+00
bitcoin,btc,Bitcoin,80321.08226008785,1608599121088.5278,23072435903.758266,,2026-05-09 15:00:28.716+00
bitcoin,btc,Bitcoin,80513.2583951042,1612404410674.822,22969701442.20461,,2026-05-09 16:00:39.151+00
bitcoin,btc,Bitcoin,80630.9162025437,1614520472814.6455,22724612422.617702,,2026-05-09 17:00:11.378+00
bitcoin,btc,Bitcoin,80785.86258160052,1617350972907.8887,21598266127.492504,,2026-05-09 18:01:13.657+00
bitcoin,btc,Bitcoin,80879.96174929348,1619761296610.0762,20812162854.543694,,2026-05-09 19:00:41.248+00
bitcoin,btc,Bitcoin,80894.73012869508,1620138040070.6868,20451856195.816837,,2026-05-09 20:00:48.087+00
bitcoin,btc,Bitcoin,80788.8733783315,1618075507367.7864,19777850097.205482,,2026-05-09 21:00:12.832+00
bitcoin,btc,Bitcoin,80783.06688231578,1617525583281.539,19769856968.79423,,2026-05-09 22:00:46.614+00
bitcoin,btc,Bitcoin,80742.81677374235,1617066868438.1506,19423175877.71449,,2026-05-09 23:00:54.295+00
bitcoin,btc,Bitcoin,80678.03394296461,1615753832504.217,18921531897.88494,,2026-05-10 00:00:21.244+00
bitcoin,btc,Bitcoin,80636.17438569819,1615226413641.3372,19380208139.246304,,2026-05-10 01:00:49.367+00
bitcoin,btc,Bitcoin,80646.3677133728,1615148308576.328,19252339950.928616,,2026-05-10 02:00:44.524+00
bitcoin,btc,Bitcoin,80740.68224066612,1616909039663.4617,19247267579.64341,,2026-05-10 03:00:42.298+00
bitcoin,btc,Bitcoin,80784.86044941361,1617896779118.0254,19097569804.917683,,2026-05-10 04:00:39.559+00
bitcoin,btc,Bitcoin,80756.84067640145,1617426121754.318,18487646279.66208,,2026-05-10 05:00:24.394+00
bitcoin,btc,Bitcoin,80687.81763340271,1615851629429.64,18466429932.539642,,2026-05-10 06:00:53.71+00
bitcoin,btc,Bitcoin,80707.17550393201,1616366848337.1533,18105707722.901638,,2026-05-10 07:00:49.53+00
bitcoin,btc,Bitcoin,80713.38278757007,1616526736643.233,17407215934.718185,,2026-05-10 08:00:48.424+00
bitcoin,btc,Bitcoin,80807.26967707316,1618613185212.3208,17702287309.69663,,2026-05-10 09:00:12.115+00
bitcoin,btc,Bitcoin,80789.39171240719,1617750057216.2212,17623041891.012993,,2026-05-10 10:00:52.849+00
bitcoin,btc,Bitcoin,80866.49555629356,1619459779834.2192,17450577968.482925,,2026-05-10 11:00:36.713+00
bitcoin,btc,Bitcoin,80823.27765456258,1618539847936.6174,17787669247.56584,,2026-05-10 12:00:54.37+00
bitcoin,btc,Bitcoin,80887.27456820405,1620139308780.558,17717366776.089634,,2026-05-10 13:00:45.367+00
bitcoin,btc,Bitcoin,80934.7288755923,1620859360839.4653,17476480521.537495,,2026-05-10 14:00:33.61+00
bitcoin,btc,Bitcoin,80932.16651690709,1620941510044.2368,17638691210.773956,,2026-05-10 15:00:18.573+00
bitcoin,btc,Bitcoin,81405.10348001376,1630070671512.4758,18883356716.523586,,2026-05-10 16:00:46.028+00
bitcoin,btc,Bitcoin,81323.98418900248,1628745370846.0747,19059942961.865444,,2026-05-10 17:00:48.799+00
bitcoin,btc,Bitcoin,81443.36517602435,1631455290271.5527,19827051700.32989,,2026-05-10 18:00:33.629+00
bitcoin,btc,Bitcoin,81264.60516402808,1627197370296.135,19532575536.43715,,2026-05-10 19:00:45.457+00
bitcoin,btc,Bitcoin,81411.0286812594,1629608230121.2632,20448375663.04202,,2026-05-10 20:00:31.352+00
bitcoin,btc,Bitcoin,80687.32159893127,1614927512434.3247,21781266484.4422,,2026-05-10 21:00:43.94+00
bitcoin,btc,Bitcoin,80720.07644503274,1616871447534.0461,22875896400.453827,,2026-05-10 22:00:37.546+00
bitcoin,btc,Bitcoin,82025.58932286626,1643947519439.89,26173724826.00355,,2026-05-10 23:00:39.528+00
bitcoin,btc,Bitcoin,82145.65606759128,1644787760960.26,28066045740.096794,,2026-05-11 00:00:57.78+00
bitcoin,btc,Bitcoin,81433.73448367607,1629957284861.3608,30788369858.08044,,2026-05-11 01:00:51.884+00
bitcoin,btc,Bitcoin,81472.29863059585,1631771264733.3892,31455311929.931625,,2026-05-11 02:01:32.366+00
bitcoin,btc,Bitcoin,81179.93465005465,1625924850632.9744,31551281477.254116,,2026-05-11 03:00:49.097+00
bitcoin,btc,Bitcoin,80694.97932549506,1616300318741.1296,33132038255.067192,,2026-05-11 04:00:31.94+00
bitcoin,btc,Bitcoin,80825.82378598195,1618967894785.4695,33966658816.989487,,2026-05-11 05:01:09.665+00
bitcoin,btc,Bitcoin,80821.49056329245,1618434351415.0256,33825956605.99565,,2026-05-11 06:00:25.445+00
bitcoin,btc,Bitcoin,80841.65645012756,1618743492830.4233,33027561655.953674,,2026-05-11 07:00:04.794+00
bitcoin,btc,Bitcoin,80710.23791266454,1616516601288.4736,34340821917.096653,,2026-05-11 08:00:07.849+00
bitcoin,btc,Bitcoin,80740.62330786207,1617392350236.0332,34874987878.34619,,2026-05-11 09:00:52.765+00
bitcoin,btc,Bitcoin,80942.44595589298,1620575125251.8943,35539391025.440285,,2026-05-11 10:00:41.944+00
bitcoin,btc,Bitcoin,80942.53310700732,1622355085910.9312,35956831347.273056,,2026-05-11 11:00:33.986+00
bitcoin,btc,Bitcoin,81149.89283166677,1624989687277.133,35089602540.72956,,2026-05-11 12:00:35.019+00
bitcoin,btc,Bitcoin,81045.84776489827,1623218018249.9558,35802037139.55216,,2026-05-11 13:00:27.843+00
bitcoin,btc,Bitcoin,81001.73089268175,1621643004480.9216,36865052792.09434,,2026-05-11 14:00:24.126+00
bitcoin,btc,Bitcoin,80898.20817826076,1619410852632.0269,38322915340.32371,,2026-05-11 15:00:18.981+00
bitcoin,btc,Bitcoin,81383.84565643611,1629442231076.0627,37043818848.76799,,2026-05-11 16:00:22.732+00
bitcoin,btc,Bitcoin,81572.92679294707,1634456468234.6333,38822089530.65159,,2026-05-11 17:00:51.267+00
bitcoin,btc,Bitcoin,81900.99041225105,1640682994086.8643,39120984610.995415,,2026-05-11 18:01:10.456+00
bitcoin,btc,Bitcoin,81876.99123747677,1641100075031.7234,40263395268.48533,,2026-05-11 19:00:34.748+00
bitcoin,btc,Bitcoin,81939.13911645801,1641418044362.5146,40115890483.82499,,2026-05-11 20:00:08.842+00
bitcoin,btc,Bitcoin,81795.30398041235,1638348420199.5923,39095825650.52724,,2026-05-11 21:00:42.688+00
bitcoin,btc,Bitcoin,81811.90192971023,1638595412579.658,38356468392.64372,,2026-05-11 22:02:02.901+00
bitcoin,btc,Bitcoin,81823.28617527579,1638861626907.0112,35994421743.647064,,2026-05-11 23:00:47.829+00
bitcoin,btc,Bitcoin,81725.20771701908,1636812805155.4443,33905980449.09922,,2026-05-12 00:00:27.362+00
bitcoin,btc,Bitcoin,81530.92615591706,1633256705574.8726,32357071143.705776,,2026-05-12 01:00:46.949+00
bitcoin,btc,Bitcoin,81170.30460840944,1625949895005.1477,32123103097.100742,,2026-05-12 02:00:32.124+00
bitcoin,btc,Bitcoin,81222.304124304,1626708971977.3086,31974743138.338326,,2026-05-12 03:00:42.009+00
bitcoin,btc,Bitcoin,81026.2679937985,1622846674684.4128,30369778396.694324,,2026-05-12 04:00:45.205+00
bitcoin,btc,Bitcoin,81199.57392751012,1626420138978.9624,30947302102.336845,,2026-05-12 05:00:52.161+00
bitcoin,btc,Bitcoin,81229.06269424419,1626966785489.814,30902375812.715855,,2026-05-12 06:00:08.103+00
bitcoin,btc,Bitcoin,81010.85603635802,1622400683628.5007,31156980004.794754,,2026-05-12 07:00:50.449+00
bitcoin,btc,Bitcoin,80862.23210418917,1620682011825.299,30867288323.79895,,2026-05-12 08:00:45.072+00
bitcoin,btc,Bitcoin,80837.67211840981,1618655727470.1572,29524188620.321484,,2026-05-12 09:00:51.88+00
bitcoin,btc,Bitcoin,80791.43564091134,1618038705834.8315,31072176459.77417,,2026-05-12 10:00:18.314+00
bitcoin,btc,Bitcoin,80632.79138688132,1614904808719.7837,30865620726.80593,,2026-05-12 11:01:00.041+00
bitcoin,btc,Bitcoin,80745.79929009557,1617000293371.2446,30481222134.479546,,2026-05-12 12:00:47.697+00
bitcoin,btc,Bitcoin,80845.76358282797,1619734183947.2083,32429062524.583485,,2026-05-12 13:00:29.329+00
bitcoin,btc,Bitcoin,80485.01831309334,1613135762662.4397,33085621167.316593,,2026-05-12 14:00:14.558+00
bitcoin,btc,Bitcoin,80496.58046316024,1612888201978.9944,33728342156.208828,,2026-05-12 15:00:55.258+00
bitcoin,btc,Bitcoin,80336.59109533313,1610151093416.0674,34077833609.19168,,2026-05-12 16:00:30.484+00
bitcoin,btc,Bitcoin,79962.92388446922,1601601209060.1482,34450798452.50003,,2026-05-12 17:00:22.252+00
bitcoin,btc,Bitcoin,80487.83277814712,1612850566754.925,34564564005.891716,,2026-05-12 18:00:43.569+00
bitcoin,btc,Bitcoin,80679.53997173761,1616238156641.5398,34246660744.615406,,2026-05-12 19:00:38.712+00
bitcoin,btc,Bitcoin,80788.26866585051,1618275637815.948,33264940488.940353,,2026-05-12 20:00:35.982+00
bitcoin,btc,Bitcoin,80675.66918067574,1615572817274.722,33701067890.605453,,2026-05-12 21:00:38.622+00
bitcoin,btc,Bitcoin,80557.61091059956,1613071679680.773,33709863169.13131,,2026-05-12 22:00:28.571+00
bitcoin,btc,Bitcoin,80652.28434539585,1616088240337.6125,33521974102.360172,,2026-05-12 23:00:21.547+00
bitcoin,btc,Bitcoin,80480.88600120835,1611919136783.8035,33067066161.61675,,2026-05-13 00:00:59.84+00
bitcoin,btc,Bitcoin,80691.23503359752,1616192107945.2974,33027169279.589325,,2026-05-13 01:00:50.365+00
bitcoin,btc,Bitcoin,80986.08973138953,1623316911213.672,33018235230.435818,,2026-05-13 02:00:39.75+00
bitcoin,btc,Bitcoin,81023.16665948738,1622735078759.5996,32956405956.115906,,2026-05-13 03:00:10.455+00
bitcoin,btc,Bitcoin,81195.70925003936,1626459031763.6113,31914341921.521656,,2026-05-13 04:00:04.275+00
bitcoin,btc,Bitcoin,81206.64457454227,1626457757909.6812,32078481278.70723,,2026-05-13 05:00:30.406+00
bitcoin,btc,Bitcoin,80991.70388721126,1622188371672.0686,31717326153.35114,,2026-05-13 06:00:41.397+00
bitcoin,btc,Bitcoin,80954.3346205502,1621422723102.1907,30999208725.64873,,2026-05-13 07:00:36.992+00
bitcoin,btc,Bitcoin,80976.2602877737,1621087609632.6384,40903720358.35437,,2026-05-13 08:00:43.879+00
bitcoin,btc,Bitcoin,81150.00352652717,1625108985026.171,40903801935.39254,,2026-05-13 09:00:15.924+00
bitcoin,btc,Bitcoin,81234.86412675556,1626885061654.7856,40266671098.999725,,2026-05-13 10:01:02.316+00
bitcoin,btc,Bitcoin,80794.70352168809,1618523284027.828,39943459385.5519,,2026-05-13 11:00:26.128+00
bitcoin,btc,Bitcoin,80484.93652001802,1612600185920.0515,39992855395.54541,,2026-05-13 12:00:18.489+00
bitcoin,btc,Bitcoin,80172.12834472199,1605417090137.9084,41132778927.537224,,2026-05-13 13:01:01.738+00
bitcoin,btc,Bitcoin,79611.24439222651,1594424770289.4973,40697678640.678276,,2026-05-13 14:01:08.364+00
bitcoin,btc,Bitcoin,79694.94565363339,1596692260619.9106,41261623103.45076,,2026-05-13 15:01:09.191+00
bitcoin,btc,Bitcoin,78827.54792181139,1582561630175.9023,42766896759.18215,,2026-05-13 16:00:50.345+00
bitcoin,btc,Bitcoin,79083.71529336565,1583957949234.1687,43236832003.107025,,2026-05-13 17:01:15.904+00
bitcoin,btc,Bitcoin,79469.1336535052,1590703812974.0034,42901316653.84088,,2026-05-13 18:00:23.416+00
bitcoin,btc,Bitcoin,79611.13033898249,1594669422298.3523,44392603254.77051,,2026-05-13 19:00:37.752+00
bitcoin,btc,Bitcoin,79563.36017130932,1592974182351.6682,44765888930.00298,,2026-05-13 20:00:38.723+00
bitcoin,btc,Bitcoin,79664.0059203044,1595378268714.963,44405805367.39278,,2026-05-13 21:00:42.663+00
bitcoin,btc,Bitcoin,79371.06007842836,1589915444457.7512,44776745443.936584,,2026-05-13 22:00:46.841+00
bitcoin,btc,Bitcoin,79401.91331959852,1590462884553.7708,44635387490.91564,,2026-05-13 23:00:29.025+00
bitcoin,btc,Bitcoin,79277.8045183824,1587717799781.685,44896912205.74269,,2026-05-14 00:00:34.09+00
bitcoin,btc,Bitcoin,79571.06259655117,1593597856913.0933,45814209010.46431,,2026-05-14 01:00:44.431+00
bitcoin,btc,Bitcoin,79556.9768049897,1593932995711.1235,45133573822.29784,,2026-05-14 02:00:28.139+00
bitcoin,btc,Bitcoin,79326.79558356298,1588716545173.4565,45166904265.46987,,2026-05-14 03:00:42.672+00
bitcoin,btc,Bitcoin,78973.18631712155,1581588581398.564,46165757813.986496,,2026-05-14 04:00:25.393+00
bitcoin,btc,Bitcoin,79398.19210185793,1590387651912.9749,46738278385.813354,,2026-05-14 05:00:07.932+00
bitcoin,btc,Bitcoin,79785.00644936842,1598663964473.6853,47063702136.75474,,2026-05-14 06:00:39.35+00
bitcoin,btc,Bitcoin,79790.68604436822,1598124982031.1824,46537083198.094025,,2026-05-14 07:00:51.863+00
bitcoin,btc,Bitcoin,79766.37977146132,1598977195192.0735,37349164032.62916,,2026-05-14 08:00:46.496+00
bitcoin,btc,Bitcoin,79786.22165732547,1598074130462.3813,37219396639.656906,,2026-05-14 09:00:46.781+00
bitcoin,btc,Bitcoin,79601.9534672012,1594364504011.8066,37175800150.86984,,2026-05-14 10:01:07.474+00
bitcoin,btc,Bitcoin,79545.68685406531,1593237093190.9453,37347639548.40938,,2026-05-14 11:00:59.819+00
bitcoin,btc,Bitcoin,79264.05774143318,1587606536360.2395,36703760274.85323,,2026-05-14 12:00:52.089+00
bitcoin,btc,Bitcoin,79726.24351022104,1596910247320.552,36063492404.15019,,2026-05-14 13:00:39.709+00
bitcoin,btc,Bitcoin,79810.89690179186,1598637876760.4675,35409607205.58284,,2026-05-14 14:00:42.849+00
bitcoin,btc,Bitcoin,80920.39660281195,1620188568943.8127,37736497903.87,,2026-05-14 15:00:17.616+00
bitcoin,btc,Bitcoin,81293.32833629358,1628254519325.2927,38928030151.110275,,2026-05-14 16:00:48.731+00
bitcoin,btc,Bitcoin,81594.45896822178,1627939464902.0552,38093548118.84112,,2026-05-14 17:00:49.769+00
bitcoin,btc,Bitcoin,81700.16059140985,1636447866629.5317,43089938435.38047,,2026-05-14 18:00:56.078+00
bitcoin,btc,Bitcoin,81590.6148904032,1634735355071.2512,43158163903.32808,,2026-05-14 19:00:14.23+00
bitcoin,btc,Bitcoin,81386.90364619115,1630129807933.939,44295020731.58851,,2026-05-14 20:00:56.885+00
bitcoin,btc,Bitcoin,81368.81927128704,1629952010262.7593,44945807430.27008,,2026-05-14 21:00:40.791+00
bitcoin,btc,Bitcoin,81381.94694404372,1630141431347.063,44023221474.379875,,2026-05-14 22:00:18.283+00
bitcoin,btc,Bitcoin,81418.22020889683,1631030004821.3933,44405157513.54792,,2026-05-14 23:00:04.813+00
bitcoin,btc,Bitcoin,81051.9828878728,1623427124965.4011,44287881795.36913,,2026-05-15 00:00:44.336+00
bitcoin,btc,Bitcoin,81487.62279226341,1631615012455.3066,44460951326.152855,,2026-05-15 01:00:56.229+00
bitcoin,btc,Bitcoin,81145.39406037347,1625379597844.9558,45096936612.26842,,2026-05-15 02:00:35.428+00
bitcoin,btc,Bitcoin,81285.34355768772,1627861805551.0122,45419724597.59379,,2026-05-15 03:00:11.48+00
bitcoin,btc,Bitcoin,81055.27674142539,1623495188680.2412,45030266673.93452,,2026-05-15 04:00:28.158+00
bitcoin,btc,Bitcoin,80770.59490895896,1618065596817.8994,44339098196.29437,,2026-05-15 05:00:46.244+00
bitcoin,btc,Bitcoin,80325.3288090536,1610945982462.396,44302920323.13323,,2026-05-15 06:01:03.954+00
bitcoin,btc,Bitcoin,80557.777154733,1614068722952.5894,44817294414.01059,,2026-05-15 07:01:03.727+00
bitcoin,btc,Bitcoin,80796.51952614383,1618580641289.66,45878421870.571365,,2026-05-15 08:01:10.21+00
bitcoin,btc,Bitcoin,80618.72075688612,1613987381240.7979,45296222642.87385,,2026-05-15 09:00:27.07+00
bitcoin,btc,Bitcoin,80436.75045952036,1610951951229.8647,44621718390.065025,,2026-05-15 10:00:47.747+00
bitcoin,btc,Bitcoin,80706.63243655507,1616622205852.991,44766347330.675674,,2026-05-15 11:01:09.044+00
bitcoin,btc,Bitcoin,80606.09448486914,1614684869926.2786,45012112228.94805,,2026-05-15 12:00:21.201+00
bitcoin,btc,Bitcoin,80353.73089436247,1609433499192.1099,44957576958.203545,,2026-05-15 13:00:42.577+00
bitcoin,btc,Bitcoin,78742.81197902776,1580023376021.5105,47785217695.32156,,2026-05-15 14:00:42.482+00
bitcoin,btc,Bitcoin,79207.6625868325,1585272652704.6934,48979577300.33946,,2026-05-15 15:00:21.37+00
bitcoin,btc,Bitcoin,79140.59603088169,1586096784408.7935,46877674675.611336,,2026-05-15 16:00:54.97+00
bitcoin,btc,Bitcoin,79227.9952205075,1587031589479.7268,43654395586.350235,,2026-05-15 17:00:43.047+00
bitcoin,btc,Bitcoin,79414.04836193676,1590621302891.0356,40921209834.776276,,2026-05-15 18:01:00.309+00
bitcoin,btc,Bitcoin,79233.92614210196,1587155031026.7212,39295347639.61671,,2026-05-15 19:00:36.331+00
bitcoin,btc,Bitcoin,79121.1795650801,1584484604980.0728,39178448289.90225,,2026-05-15 20:00:42.664+00
bitcoin,btc,Bitcoin,79074.4828476354,1583606031975.8345,38393890705.49869,,2026-05-15 21:00:44.465+00
bitcoin,btc,Bitcoin,78960.85304787316,1581942549409.8838,38736033773.635,,2026-05-15 22:00:48.811+00
bitcoin,btc,Bitcoin,79067.66378149157,1583523506629.2095,38587089530.85914,,2026-05-15 23:00:34.278+00
bitcoin,btc,Bitcoin,79071.54026748115,1583802826522.949,38709884579.74222,,2026-05-16 00:00:59.584+00
bitcoin,btc,Bitcoin,79045.98956499087,1583530169841.8047,38218852198.58715,,2026-05-16 01:00:52.902+00
bitcoin,btc,Bitcoin,79124.94324558716,1583844656837.263,37458407300.2298,,2026-05-16 02:00:28.652+00
bitcoin,btc,Bitcoin,79056.41601316098,1583529703462.6396,36370280246.567764,,2026-05-16 03:00:39.072+00
bitcoin,btc,Bitcoin,79057.8193456096,1583820116750.57,36083693144.09651,,2026-05-16 04:00:29.997+00
bitcoin,btc,Bitcoin,78983.27028455223,1581418480662.0867,36091573996.64015,,2026-05-16 05:00:40.057+00
bitcoin,btc,Bitcoin,78943.79036564812,1581627305185.3354,33460396027.997837,,2026-05-16 06:00:43.611+00
bitcoin,btc,Bitcoin,78600.90413421272,1574826587365.9202,33472263138.15601,,2026-05-16 07:01:11.774+00
bitcoin,btc,Bitcoin,78335.77889292447,1569055625548.5374,33846043193.663654,,2026-05-16 08:00:53.671+00
bitcoin,btc,Bitcoin,78381.03314710695,1569746985584.1836,34033017999.14973,,2026-05-16 09:00:18.734+00
bitcoin,btc,Bitcoin,78054.51070754218,1563389911285.7332,34306660114.372574,,2026-05-16 10:01:00.182+00
bitcoin,btc,Bitcoin,77912.5167834028,1560770465486.4824,36204608337.8438,,2026-05-16 11:00:33.785+00
bitcoin,btc,Bitcoin,78051.93728239798,1563250176902.9246,36253619913.18042,,2026-05-16 12:00:40.423+00
bitcoin,btc,Bitcoin,77982.28628828519,1562347116055.8005,36454278353.01368,,2026-05-16 13:00:25.024+00
bitcoin,btc,Bitcoin,77959.3752388931,1560831666702.0002,32644069725.77222,,2026-05-16 14:00:38.236+00
bitcoin,btc,Bitcoin,78093.091820838,1564324587379.6091,30788149036.428406,,2026-05-16 15:00:47.572+00
bitcoin,btc,Bitcoin,78202.9161974475,1566416028515.952,29714051967.630676,,2026-05-16 16:00:45.21+00
bitcoin,btc,Bitcoin,78138.05831742722,1565644482186.1367,30149176191.940502,,2026-05-16 17:00:42.461+00
bitcoin,btc,Bitcoin,78180.62622289089,1565986679387.4448,29246420671.60455,,2026-05-16 18:00:43.663+00
bitcoin,btc,Bitcoin,78198.39614142905,1566510782315.677,28736764623.60531,,2026-05-16 19:00:03.457+00
bitcoin,btc,Bitcoin,78216.81663750052,1566700020293.3179,28389679501.378807,,2026-05-16 20:00:46.859+00
bitcoin,btc,Bitcoin,78225.72888066393,1566711866003.3867,27693908397.927586,,2026-05-16 21:00:27.189+00
bitcoin,btc,Bitcoin,78257.2390768038,1567287586987.0994,26766455887.33923,,2026-05-16 22:00:42.168+00
bitcoin,btc,Bitcoin,78156.22546207823,1565678619226.8904,26627317498.04109,,2026-05-16 23:00:39.79+00
bitcoin,btc,Bitcoin,78135.00994863857,1565271173826.085,26082683404.305424,,2026-05-17 00:00:43.668+00
bitcoin,btc,Bitcoin,77882.3262379739,1560835953823.8025,26689004027.319584,,2026-05-17 01:00:36.743+00
bitcoin,btc,Bitcoin,77727.76142928877,1557947763299.461,26336686456.354298,,2026-05-17 02:00:45.701+00
bitcoin,btc,Bitcoin,77869.83067879325,1559764067916.6765,26301382229.20562,,2026-05-17 03:00:09.019+00
bitcoin,btc,Bitcoin,77979.88187175932,1561891992604.889,26005665392.013817,,2026-05-17 04:00:58.556+00
bitcoin,btc,Bitcoin,78124.20569826697,1564838084616.4163,26193688501.335064,,2026-05-17 05:01:12.505+00
bitcoin,btc,Bitcoin,78087.48797937523,1563979515630.2844,25982509421.479324,,2026-05-17 06:00:34.358+00
bitcoin,btc,Bitcoin,78065.68623550446,1563365917110.3655,24937699556.86449,,2026-05-17 07:01:12.997+00
bitcoin,btc,Bitcoin,78136.11266346957,1565140184007.5176,23452053108.63598,,2026-05-17 08:00:32.327+00
bitcoin,btc,Bitcoin,78051.86481993174,1563391770568.626,23028741510.036747,,2026-05-17 09:00:05.871+00
bitcoin,btc,Bitcoin,78233.19909920012,1567164856971.2024,21530076488.36748,,2026-05-17 10:00:27.506+00
bitcoin,btc,Bitcoin,78400.27916520913,1570660577490.8618,20374755361.94439,,2026-05-17 11:01:04.81+00
bitcoin,btc,Bitcoin,78368.61791250898,1569605774101.7185,20048781195.500237,,2026-05-17 12:01:09.541+00
bitcoin,btc,Bitcoin,78329.31987604302,1569582622324.7173,19745048816.51828,,2026-05-17 13:00:43.95+00
bitcoin,btc,Bitcoin,78180.52204950555,1565593092064.4333,18867165476.339928,,2026-05-17 14:00:22.361+00
bitcoin,btc,Bitcoin,78020.49492571769,1563120806656.8628,18202990860.389057,,2026-05-17 15:00:48.574+00
bitcoin,btc,Bitcoin,78011.09225884621,1562606738097.5237,17935002688.241253,,2026-05-17 16:00:46.182+00
bitcoin,btc,Bitcoin,78012.92029538131,1563418989160.1062,18535252948.49998,,2026-05-17 17:00:47.708+00
bitcoin,btc,Bitcoin,78035.74701606306,1563238114499.8342,18020723346.610348,,2026-05-17 18:00:36.102+00
bitcoin,btc,Bitcoin,78195.87344032283,1566124035996.4707,18119012255.953354,,2026-05-17 19:00:39.072+00
bitcoin,btc,Bitcoin,78357.07027478493,1569548604230.1487,18256107716.516785,,2026-05-17 20:00:47.329+00
bitcoin,btc,Bitcoin,78253.23742415351,1567297520282.5164,18435799927.810787,,2026-05-17 21:00:11+00
bitcoin,btc,Bitcoin,78381.76639133113,1570042310121.81,18541053277.109745,,2026-05-17 22:00:30.487+00
bitcoin,btc,Bitcoin,77927.94321509842,1560769060149.8535,19626711452.228336,,2026-05-17 23:00:45.586+00
bitcoin,btc,Bitcoin,77432.49532158482,1550679068585.1292,22222652757.710598,,2026-05-18 00:00:51.831+00
bitcoin,btc,Bitcoin,77113.76999246645,1542575357156.5906,24412995271.51784,,2026-05-18 01:00:49.983+00
bitcoin,btc,Bitcoin,77081.14895044707,1544181829505.7454,23941789533.17576,,2026-05-18 02:00:43.229+00
bitcoin,btc,Bitcoin,76766.43250777687,1537798717146.3916,24444078612.921436,,2026-05-18 03:00:17.909+00
bitcoin,btc,Bitcoin,76902.39831358608,1540296070452.367,24997129772.306503,,2026-05-18 04:00:41.153+00
bitcoin,btc,Bitcoin,76993.05426448864,1541556429701.5427,24783081916.72557,,2026-05-18 05:00:08.99+00
bitcoin,btc,Bitcoin,76859.74311691838,1539560543174.671,25263669273.421955,,2026-05-18 06:00:07.911+00
bitcoin,btc,Bitcoin,76873.53211450647,1539570984126.8396,26864245080.18151,,2026-05-18 07:00:42.053+00
bitcoin,btc,Bitcoin,77012.12004935036,1542473758235.7727,27974815624.72592,,2026-05-18 08:00:07.189+00
bitcoin,btc,Bitcoin,76981.44715886422,1541747529197.1814,29974793788.161064,,2026-05-18 09:00:26.548+00
bitcoin,btc,Bitcoin,76885.21648367132,1540043902859.3286,30620054949.488853,,2026-05-18 10:00:35.719+00
bitcoin,btc,Bitcoin,76755.92727194424,1537984469766.6443,30159673621.118626,,2026-05-18 11:00:48.161+00
bitcoin,btc,Bitcoin,77247.08712150832,1547301749314.297,31661785817.422504,,2026-05-18 12:00:24.973+00
bitcoin,btc,Bitcoin,77580.45788279633,1553941374313.368,32984607077.00422,,2026-05-18 13:00:01.587+00
bitcoin,btc,Bitcoin,76900.22553573406,1541726915002.4216,34619413576.7036,,2026-05-18 14:01:18.061+00
bitcoin,btc,Bitcoin,76310.83487159385,1529363797807.892,37628317274.392654,,2026-05-18 15:00:13.835+00
bitcoin,btc,Bitcoin,76379.69769204907,1530016488872.514,40719230480.68582,,2026-05-18 16:00:52.766+00
bitcoin,btc,Bitcoin,76378.03245877317,1530352130880.0903,42922039327.89484,,2026-05-18 17:00:38.595+00
bitcoin,btc,Bitcoin,76644.85000183797,1535288298376.833,42992383641.72913,,2026-05-18 18:00:24.305+00
bitcoin,btc,Bitcoin,76201.13499806737,1526420495770.81,45150927414.99541,,2026-05-18 19:00:29.858+00
bitcoin,btc,Bitcoin,76826.81155248074,1538972468580.2632,46032849619.023346,,2026-05-18 20:00:48.713+00
bitcoin,btc,Bitcoin,76875.459595518,1539921669090.015,47533385229.69596,,2026-05-18 21:00:31.987+00
bitcoin,btc,Bitcoin,77059.8254962274,1542877409840.0813,46661268115.58013,,2026-05-18 22:00:37.828+00
bitcoin,btc,Bitcoin,76995.11844336234,1541567502176.093,47194376407.52033,,2026-05-18 23:00:26.306+00
bitcoin,btc,Bitcoin,76952.2148594993,1541450290438.4524,43600665899.53078,,2026-05-19 00:00:43.909+00
bitcoin,btc,Bitcoin,77115.67918508459,1544751433274.5405,43792614293.90594,,2026-05-19 01:00:56.632+00
bitcoin,btc,Bitcoin,76662.75223604184,1535758259981.4011,42244070961.028465,,2026-05-19 02:00:32.767+00
bitcoin,btc,Bitcoin,76561.75331627803,1533876455033.745,42400386060.33447,,2026-05-19 03:00:34.357+00
bitcoin,btc,Bitcoin,76711.84159629511,1536827422186.7131,42255026783.89321,,2026-05-19 04:00:32.929+00
bitcoin,btc,Bitcoin,76853.63688528951,1539526161628.149,41643777076.64231,,2026-05-19 05:00:38.609+00
bitcoin,btc,Bitcoin,76866.66226018792,1539744497032.7463,40315626449.69982,,2026-05-19 06:00:38.636+00
bitcoin,btc,Bitcoin,76972.81195472868,1542244434382.6912,40502056938.449,,2026-05-19 07:00:29.987+00
bitcoin,btc,Bitcoin,77163.06667781518,1545899747366.2742,39907529641.79143,,2026-05-19 08:00:13.572+00
bitcoin,btc,Bitcoin,77016.71228883085,1542906791531.4192,39722063870.29869,,2026-05-19 09:00:51.805+00
bitcoin,btc,Bitcoin,76761.03496632191,1537149784844.895,39043911719.629776,,2026-05-19 10:00:57.013+00
bitcoin,btc,Bitcoin,76990.21123393172,1542414533166.4944,39826244725.1934,,2026-05-19 11:00:23.973+00
bitcoin,btc,Bitcoin,76669.24774787932,1535829209808.575,39349435137.112114,,2026-05-19 12:00:19.505+00
bitcoin,btc,Bitcoin,76895.93036006749,1540321941131.736,38004641721.19256,,2026-05-19 13:00:48.66+00
bitcoin,btc,Bitcoin,76817.60520358298,1540632473728.8909,36770155485.82271,,2026-05-19 14:00:28.466+00
bitcoin,btc,Bitcoin,76303.16796769164,1527255679735.7922,35873333682.15144,,2026-05-19 15:00:51.33+00
bitcoin,btc,Bitcoin,76435.07593855551,1530783700294.2815,35387855164.52463,,2026-05-19 16:00:12.611+00
bitcoin,btc,Bitcoin,76836.20168129544,1538857617593.6985,33701691636.014557,,2026-05-19 17:01:11.409+00
bitcoin,btc,Bitcoin,76764.16350432558,1537543096404.094,32664783890.753883,,2026-05-19 18:00:35.285+00
bitcoin,btc,Bitcoin,76748.12847316008,1537656487681.6746,32499968832.91443,,2026-05-19 19:00:43.024+00
bitcoin,btc,Bitcoin,76749.63496080026,1537370457593.9084,31416010247.20651,,2026-05-19 20:00:10.402+00
bitcoin,btc,Bitcoin,76964.22931200596,1541669789550.024,30479423905.289944,,2026-05-19 21:00:36.075+00
bitcoin,btc,Bitcoin,76941.07168562195,1541508311334.2944,29257043778.450226,,2026-05-19 22:00:50.153+00
bitcoin,btc,Bitcoin,76657.70732989699,1535926930251.8337,29493184937.18143,,2026-05-19 23:00:30.309+00
bitcoin,btc,Bitcoin,76752.95255055482,1537946829506.118,28870715688.24547,,2026-05-20 00:00:09.472+00
bitcoin,btc,Bitcoin,76694.16347867198,1536019774157.0188,28871382429.015293,,2026-05-20 01:00:33.532+00
bitcoin,btc,Bitcoin,76752.76732486086,1537229533992.0107,27843972396.26543,,2026-05-20 02:01:08.285+00
bitcoin,btc,Bitcoin,76618.8095608257,1534318456439.8682,27124652140.41623,,2026-05-20 03:00:23.669+00
bitcoin,btc,Bitcoin,76660.10858790681,1535789693263.2854,27710426215.019444,,2026-05-20 04:00:30.592+00
bitcoin,btc,Bitcoin,76695.07866034079,1536336795318.3105,27788222514.334812,,2026-05-20 05:00:34.287+00
bitcoin,btc,Bitcoin,77109.62949335223,1544672058558.688,27490186406.212322,,2026-05-20 06:00:51.701+00
bitcoin,btc,Bitcoin,77317.86766032185,1548801484390.1648,27274123811.138897,,2026-05-20 07:00:27.638+00
bitcoin,btc,Bitcoin,77197.76872528357,1546521753890.6887,27288076412.05185,,2026-05-20 08:00:35.458+00
bitcoin,btc,Bitcoin,77374.81435710962,1550149024495.7483,27109189536.573166,,2026-05-20 09:00:06.586+00
bitcoin,btc,Bitcoin,77391.89964897318,1550023005429.0325,26785978624.97308,,2026-05-20 10:00:22.65+00
bitcoin,btc,Bitcoin,77440.4028944954,1551316934484.9526,26586825088.417946,,2026-05-20 11:00:51.591+00
bitcoin,btc,Bitcoin,77317.01140638636,1548557069901.3315,26636565507.746334,,2026-05-20 12:00:09.587+00
bitcoin,btc,Bitcoin,77555.78541024856,1553412234256.678,27363351397.719,,2026-05-20 13:00:45.632+00
bitcoin,btc,Bitcoin,77095.28238178822,1543109858483.202,25952056873.008366,,2026-05-20 14:00:50.662+00
bitcoin,btc,Bitcoin,77426.2854889925,1551927658404.5017,27227351155.813034,,2026-05-20 15:00:25.001+00
bitcoin,btc,Bitcoin,77358.58731311708,1551088489162.1313,28184784044.06857,,2026-05-20 16:00:06.121+00
bitcoin,btc,Bitcoin,77216.24695993384,1546388498201.9763,26897401695.49617,,2026-05-20 17:00:59.604+00
bitcoin,btc,Bitcoin,77488.3621133274,1551979618160.3555,27421457156.10972,,2026-05-20 18:00:35.438+00
bitcoin,btc,Bitcoin,77341.85466299231,1549655025310.3176,28221753926.26303,,2026-05-20 19:00:58.661+00
bitcoin,btc,Bitcoin,77612.83593302881,1554598524806.2058,28014974202.506756,,2026-05-20 20:00:44.571+00
bitcoin,btc,Bitcoin,77653.42041764109,1555036713358.5603,28492197092.757565,,2026-05-20 21:00:20.706+00
bitcoin,btc,Bitcoin,77459.82621158756,1552742067580.228,28385801707.923813,,2026-05-20 22:00:10.624+00
bitcoin,btc,Bitcoin,77407.41652229207,1550483823615.0474,28604590782.145332,,2026-05-20 23:00:38.479+00
bitcoin,btc,Bitcoin,77459.94434557436,1551690153641.5295,28637186323.312496,,2026-05-21 00:00:50.051+00
bitcoin,btc,Bitcoin,77897.99240796451,1561162235548.2515,29578357310.45037,,2026-05-21 01:00:46.722+00
bitcoin,btc,Bitcoin,77787.12067906969,1558043731458.2668,28641310162.549286,,2026-05-21 02:00:08.065+00
bitcoin,btc,Bitcoin,77906.15965477488,1560586692627.1538,29101493923.834267,,2026-05-21 03:00:07.153+00
bitcoin,btc,Bitcoin,77998.92449437483,1562352253510.1123,28684623943.36368,,2026-05-21 04:00:55.024+00
bitcoin,btc,Bitcoin,77955.18081303046,1561242877396.1382,29321955633.81473,,2026-05-21 05:00:06.275+00
bitcoin,btc,Bitcoin,77708.75711657645,1556582212526.2922,27376988882.549614,,2026-05-21 06:00:09.095+00
bitcoin,btc,Bitcoin,77538.08178221434,1552611022738.303,27270861761.078247,,2026-05-21 07:00:18.05+00
bitcoin,btc,Bitcoin,77801.70532719645,1557241523095.3115,27819882225.648575,,2026-05-21 08:00:16.918+00
bitcoin,btc,Bitcoin,77854.86524874257,1559189420409.015,28286453933.428345,,2026-05-21 09:01:05.066+00
bitcoin,btc,Bitcoin,77590.61012107838,1554309259842.8452,26885918451.873104,,2026-05-21 10:00:06.799+00
bitcoin,btc,Bitcoin,77160.08546103875,1545693671340.8247,28276861297.402798,,2026-05-21 11:00:00.254+00
bitcoin,btc,Bitcoin,77129.2183062369,1545159751707.6726,29115105694.012386,,2026-05-21 12:01:14.649+00
bitcoin,btc,Bitcoin,77220.3436162166,1547377146314.8367,29461893050.055965,,2026-05-21 13:00:38.027+00
bitcoin,btc,Bitcoin,77004.92262840022,1543504556306.4602,28902431908.293674,,2026-05-21 14:00:09.704+00
bitcoin,btc,Bitcoin,76923.31167878033,1540479643003.4688,28749239371.204395,,2026-05-21 15:00:37.5+00
bitcoin,btc,Bitcoin,77180.16667552038,1545730411559.8213,24134529245.028297,,2026-05-21 16:01:03.258+00
bitcoin,btc,Bitcoin,77091.57107294537,1543869356798.3682,27812995769.507126,,2026-05-21 17:00:32.388+00
bitcoin,btc,Bitcoin,77879.9479276169,1561500551927.2278,29556232851.662884,,2026-05-21 18:01:03.059+00
bitcoin,btc,Bitcoin,77268.2484925712,1547188158270.5017,29714426753.035366,,2026-05-21 19:00:15.426+00
bitcoin,btc,Bitcoin,77629.6578120884,1555125788275.2424,30488754257.08418,,2026-05-21 20:00:40.981+00
bitcoin,btc,Bitcoin,77623.5780666652,1554523448668.2505,29727633770.914646,,2026-05-21 21:00:35.437+00
bitcoin,btc,Bitcoin,77593.42125955742,1555235615778.018,29399290574.697086,,2026-05-21 22:00:43.897+00
bitcoin,btc,Bitcoin,77549.3027208868,1553373195511.6052,28374288417.139435,,2026-05-21 23:00:44.089+00
bitcoin,btc,Bitcoin,77546.33765297421,1554827670331.5293,29075253047.052185,,2026-05-22 00:00:40.407+00
bitcoin,btc,Bitcoin,77329.74568558167,1549590995016.821,28527446453.17454,,2026-05-22 01:00:39.366+00
bitcoin,btc,Bitcoin,77519.0973810158,1552886076852.2722,27217309509.738274,,2026-05-22 02:00:57.326+00
bitcoin,btc,Bitcoin,77575.26613219114,1553615355961.5217,26653726197.361748,,2026-05-22 03:00:39.09+00
bitcoin,btc,Bitcoin,77689.64863872912,1556372214925.6726,26481052001.704742,,2026-05-22 04:01:16.625+00
bitcoin,btc,Bitcoin,77576.11365776238,1553991674865.4272,27160433348.812122,,2026-05-22 05:00:44.136+00
bitcoin,btc,Bitcoin,77434.44864744923,1551357907802.5515,26490410540.722256,,2026-05-22 06:00:24.762+00
bitcoin,btc,Bitcoin,77338.6805452457,1549472900330.831,26422852180.62089,,2026-05-22 07:00:53.353+00
bitcoin,btc,Bitcoin,77324.99782768908,1549166725365.985,26912531024.937664,,2026-05-22 08:00:44.114+00
bitcoin,btc,Bitcoin,77204.40488918967,1546745719670.7102,25846943286.92474,,2026-05-22 09:00:29.758+00
bitcoin,btc,Bitcoin,77225.78554990837,1547449718873.3525,27154857454.926605,,2026-05-22 10:00:47.118+00
bitcoin,btc,Bitcoin,77223.27179422832,1546947735364.7617,25701845186.936916,,2026-05-22 11:00:24.666+00
bitcoin,btc,Bitcoin,77321.51073719074,1548662974673.0757,25993037402.210487,,2026-05-22 12:00:48.577+00
bitcoin,btc,Bitcoin,77405.70610078031,1550176156790.3748,25886241184.47585,,2026-05-22 13:00:05.042+00
bitcoin,btc,Bitcoin,77159.30373001097,1545672313968.542,25447718562.96534,,2026-05-22 14:00:35.545+00
bitcoin,btc,Bitcoin,76699.98651599968,1537221307737.6262,26572497058.60826,,2026-05-22 15:00:58.057+00
bitcoin,btc,Bitcoin,76716.98241226714,1536893089968.5476,27487817056.869522,,2026-05-22 16:00:55.768+00
bitcoin,btc,Bitcoin,76873.62249594941,1539988491359.138,27228979026.299572,,2026-05-22 17:00:28.674+00
bitcoin,btc,Bitcoin,76681.7681851013,1536168137100.541,25835923676.772923,,2026-05-22 18:00:27.976+00
bitcoin,btc,Bitcoin,76442.19264835134,1531455675271.4807,26495608485.453667,,2026-05-22 19:00:33.943+00
bitcoin,btc,Bitcoin,75784.62429980212,1518191191100.128,28672040021.51936,,2026-05-22 20:00:54.825+00
bitcoin,btc,Bitcoin,75890.90629208337,1520311522375.024,32507081582.181793,,2026-05-22 21:00:14.646+00
bitcoin,btc,Bitcoin,75909.30496418383,1520690340452.1628,60676976957.89211,,2026-05-22 22:00:42.236+00
bitcoin,btc,Bitcoin,75650.83264919114,1515332772378.833,28388827410.692158,,2026-05-22 23:01:14.868+00
bitcoin,btc,Bitcoin,75482.52379955728,1512164902010.444,30314018356.68882,,2026-05-23 00:00:27.144+00
bitcoin,btc,Bitcoin,75308.69543704066,1508596099701.7207,31745239454.198902,,2026-05-23 01:00:55.005+00
bitcoin,btc,Bitcoin,75391.63727313517,1510327554489.7795,31461285511.56873,,2026-05-23 02:00:31.482+00
bitcoin,btc,Bitcoin,75482.60880877408,1512093984723.6704,31547415299.582348,,2026-05-23 03:00:28.357+00
bitcoin,btc,Bitcoin,75547.72106173361,1513751986294.3906,31340368689.151638,,2026-05-23 04:00:23.63+00
bitcoin,btc,Bitcoin,75432.26111879738,1511146578584.0908,31227040632.127266,,2026-05-23 05:00:30.21+00
bitcoin,btc,Bitcoin,75390.38033389076,1510321113295.4941,30280634447.93368,,2026-05-23 06:00:43.618+00
bitcoin,btc,Bitcoin,75315.48120471499,1508899849581.3308,30009162874.051186,,2026-05-23 07:01:06.509+00
bitcoin,btc,Bitcoin,74501.44624467158,1492734753421.5076,32584356149.837048,,2026-05-23 08:00:15.397+00
bitcoin,btc,Bitcoin,74594.266948548,1494256449766.223,33413648247.262123,,2026-05-23 09:00:17.082+00
bitcoin,btc,Bitcoin,74595.75522893954,1494407240322.9958,66384806216.72047,,2026-05-23 10:00:31.604+00
bitcoin,btc,Bitcoin,74634.15234894428,1495130132984.0413,32586775954.222572,,2026-05-23 11:01:04.516+00
bitcoin,btc,Bitcoin,74726.6276043982,1497040007534.9126,32539140702.285114,,2026-05-23 12:01:13.459+00
bitcoin,btc,Bitcoin,74647.68184277452,1495441142573.45,35582676870.919685,,2026-05-23 13:00:18.087+00
bitcoin,btc,Bitcoin,75144.79632662662,1505432714668.525,59723507440.78718,,2026-05-23 14:00:27.217+00
bitcoin,btc,Bitcoin,75490.81697182571,1512338273075.3872,59633727789.21952,,2026-05-23 15:00:43.687+00
bitcoin,btc,Bitcoin,75429.42744981844,1510794745366.6418,59461896312.50702,,2026-05-23 16:01:03.297+00
bitcoin,btc,Bitcoin,75385.51459468192,1510231164526.3257,59903708879.57197,,2026-05-23 17:01:00.478+00
bitcoin,btc,Bitcoin,75410.8931050197,1510736615126.9578,59501876276.60515,,2026-05-23 18:00:38.964+00
bitcoin,btc,Bitcoin,75763.66499380357,1518367233452.1665,36213323011.0502,,2026-05-23 19:00:37.223+00
bitcoin,btc,Bitcoin,75859.36223277515,1519215074246.825,34176880885.339672,,2026-05-23 20:00:50.914+00
bitcoin,btc,Bitcoin,77083.62700362576,1538700721695.8533,31877714558.183098,,2026-05-23 21:00:48.516+00
bitcoin,btc,Bitcoin,76684.10937027646,1535528599741.6492,32806866915.08699,,2026-05-23 22:00:55.137+00
bitcoin,btc,Bitcoin,76485.46079733527,1532601433623.347,32752996054.27319,,2026-05-23 23:00:32.231+00
bitcoin,btc,Bitcoin,76672.79289056802,1536316423810.9985,33021471675.838852,,2026-05-24 00:00:33.731+00
bitcoin,btc,Bitcoin,76741.90375698816,1537526690530.346,32134132450.202175,,2026-05-24 01:00:15.565+00
bitcoin,btc,Bitcoin,76774.22321506299,1538109686315.8552,31135356627.379192,,2026-05-24 02:00:17.1+00
bitcoin,btc,Bitcoin,76741.4946148287,1537339068507.0005,30713161247.144417,,2026-05-24 03:00:08.875+00
bitcoin,btc,Bitcoin,76695.50871095517,1536358896029.3386,29954689840.510918,,2026-05-24 04:00:01.276+00
bitcoin,btc,Bitcoin,76697.91404045829,1536538168543.7446,31300724361.70973,,2026-05-24 05:01:12.347+00
bitcoin,btc,Bitcoin,76729.32392445345,1537168650427.0986,28823261148.451107,,2026-05-24 06:00:21.905+00
bitcoin,btc,Bitcoin,76895.45762366304,1540885541566.2144,31157033381.512615,,2026-05-24 07:00:43.385+00
bitcoin,btc,Bitcoin,76693.3389669575,1536449659512.3137,29629675010.5099,,2026-05-24 08:00:51.837+00
bitcoin,btc,Bitcoin,76726.07252032301,1536960531508.1313,29421042638.746033,,2026-05-24 09:01:02.115+00
bitcoin,btc,Bitcoin,76929.25849479125,1540581306013.0269,27607362706.276573,,2026-05-24 10:00:44.439+00
bitcoin,btc,Bitcoin,77091.63956548445,1544421613383.3237,31244615555.11838,,2026-05-24 11:00:52.018+00
bitcoin,btc,Bitcoin,77188.80275060053,1546354380726.8442,30733216660.876366,,2026-05-24 12:00:30.722+00
bitcoin,btc,Bitcoin,77020.46751212778,1542618811879.803,31675308736.967476,,2026-05-24 13:00:42.977+00
bitcoin,btc,Bitcoin,76632.76877493666,1535366772240.4705,29052938290.432228,,2026-05-24 14:00:41.001+00
bitcoin,btc,Bitcoin,76365.91782606384,1530064852465.2495,32636332684.49417,,2026-05-24 15:00:52.16+00
bitcoin,btc,Bitcoin,76277.84004242295,1528356935643.2686,26310468236.587826,,2026-05-24 16:00:55.477+00
bitcoin,btc,Bitcoin,76585.62888759066,1533492455085.9326,26777242918.67229,,2026-05-24 17:00:46.131+00
bitcoin,btc,Bitcoin,76611.96032626045,1534757519298.4421,25980407713.759445,,2026-05-24 18:00:24.086+00
bitcoin,btc,Bitcoin,76577.2355801319,1533847862420.8904,25416717107.87976,,2026-05-24 19:00:44.042+00
bitcoin,btc,Bitcoin,76667.97493982174,1536026762144.9832,24916964768.366257,,2026-05-24 20:00:49.632+00
bitcoin,btc,Bitcoin,76536.70955926481,1533414249340.8271,23785807322.07779,,2026-05-24 21:00:34.977+00
bitcoin,btc,Bitcoin,76053.09286467356,1525226767557.6914,22523646768.11167,,2026-05-24 22:00:46.697+00
bitcoin,btc,Bitcoin,76711.6847806074,1536836958082.397,23074239831.217625,,2026-05-24 23:00:46.352+00
bitcoin,btc,Bitcoin,76988.16126107218,1542380599548.2566,23346751407.595566,,2026-05-25 00:00:43.538+00
bitcoin,btc,Bitcoin,77042.18805297921,1544157692076.5066,23804641044.381767,,2026-05-25 01:00:39.468+00
bitcoin,btc,Bitcoin,76878.52160589892,1542410420583.7568,23500310041.098618,,2026-05-25 02:00:35.265+00
bitcoin,btc,Bitcoin,77013.51257203988,1543076036876.7546,23962892372.24504,,2026-05-25 03:00:22.574+00
bitcoin,btc,Bitcoin,76945.9993239736,1541851008812.2417,23918264149.54138,,2026-05-25 04:00:24.484+00
bitcoin,btc,Bitcoin,77293.18777284141,1548446313335.7412,24290881186.846672,,2026-05-25 05:01:16.463+00
bitcoin,btc,Bitcoin,77307.78666833728,1548869584337.784,24135784948.80713,,2026-05-25 06:01:07.744+00
bitcoin,btc,Bitcoin,77319.4868518227,1549506830309.9263,24487203729.822044,,2026-05-25 07:00:17.705+00
bitcoin,btc,Bitcoin,77290.93658775333,1547955626430.2043,25107161273.331013,,2026-05-25 08:00:42+00
bitcoin,btc,Bitcoin,77352.26097057169,1549653295992.1362,24388082129.56394,,2026-05-25 09:00:14.703+00
bitcoin,btc,Bitcoin,77536.97533201851,1553304939146.7808,24635608270.84547,,2026-05-25 10:00:26.067+00
bitcoin,btc,Bitcoin,77466.16370614084,1551727535214.6096,24279700362.886936,,2026-05-25 11:00:18.224+00
bitcoin,btc,Bitcoin,77281.0986345333,1548927658315.1348,24328156868.433384,,2026-05-25 12:00:17.241+00
bitcoin,btc,Bitcoin,77311.3537794357,1549305532017.2856,24554956146.016373,,2026-05-25 13:00:56.596+00
bitcoin,btc,Bitcoin,77254.7240379568,1547717007605.2844,22926488174.226433,,2026-05-25 14:00:42.206+00
bitcoin,btc,Bitcoin,77630.86165853041,1555127028146.7334,22930899628.77988,,2026-05-25 15:00:13.333+00
bitcoin,btc,Bitcoin,77555.14791997749,1553600118189.518,23185362308.571884,,2026-05-25 16:01:15.667+00
bitcoin,btc,Bitcoin,77664.64771662546,1555696607296.79,23363900859.03828,,2026-05-25 17:01:05.448+00
bitcoin,btc,Bitcoin,77500.46084334655,1552636220014.4514,22936292494.641193,,2026-05-25 18:00:50.257+00
bitcoin,btc,Bitcoin,77480.72406742773,1552475730447.3909,23309044187.534714,,2026-05-25 19:00:34.459+00
bitcoin,btc,Bitcoin,77360.4216448523,1549651864311.5159,23259066186.160847,,2026-05-25 20:00:39.607+00
bitcoin,btc,Bitcoin,77209.92147894441,1547800432864.9045,23613089278.129265,,2026-05-25 21:00:53.746+00
bitcoin,btc,Bitcoin,77299.08289158458,1548421448454.3442,22228667986.917927,,2026-05-25 22:00:48.444+00
bitcoin,btc,Bitcoin,77092.594938148,1544714170100.4165,22128144876.328503,,2026-05-25 23:00:40.388+00
bitcoin,btc,Bitcoin,77274.40152182181,1547932919218.8884,21579710482.715477,,2026-05-26 00:00:40.938+00
bitcoin,btc,Bitcoin,76739.8657548095,1536431137440.653,22186547670.114887,,2026-05-26 01:00:52.59+00
bitcoin,btc,Bitcoin,76682.97257385454,1536559947560.4043,22173954823.930508,,2026-05-26 02:00:50.559+00
bitcoin,btc,Bitcoin,76550.50541203901,1534172679298.8347,22648281065.54532,,2026-05-26 03:00:06.389+00
bitcoin,btc,Bitcoin,76583.60515878667,1534285422959.6814,22457583526.83567,,2026-05-26 04:00:19.103+00
bitcoin,btc,Bitcoin,76683.10076811445,1536872971628.516,22998555002.45863,,2026-05-26 05:00:47.815+00
bitcoin,btc,Bitcoin,76808.79984328304,1538827201128.428,22818951244.00631,,2026-05-26 06:00:51.698+00
bitcoin,btc,Bitcoin,76833.84606671348,1539385270419.961,23432640413.744316,,2026-05-26 07:00:37.65+00
bitcoin,btc,Bitcoin,76626.94547904102,1535796907543.1802,20775981557.122223,,2026-05-26 08:00:49.629+00
bitcoin,btc,Bitcoin,76667.45509592198,1536336068061.5598,23618373869.562565,,2026-05-26 09:00:38.465+00
bitcoin,btc,Bitcoin,76583.86251168925,1534315702102.0916,23327783549.148895,,2026-05-26 10:00:37.944+00
bitcoin,btc,Bitcoin,77398.32265973478,1550899350386.0596,25185781773.113396,,2026-05-26 11:01:00.161+00
bitcoin,btc,Bitcoin,77124.5981377322,1545214738003.4731,25504139898.9891,,2026-05-26 12:00:59.271+00
bitcoin,btc,Bitcoin,77041.73401293685,1543167353222.657,26253771769.134186,,2026-05-26 13:01:27.89+00
bitcoin,btc,Bitcoin,77147.59897886326,1546422573720.823,27506426584.04567,,2026-05-26 14:01:16.04+00
bitcoin,btc,Bitcoin,76869.39131981676,1540331119843.588,31012249419.417603,,2026-05-26 15:01:09.217+00
bitcoin,btc,Bitcoin,76384.17982752257,1528582775117.1956,33435830029.65396,,2026-05-26 16:01:49.48+00
bitcoin,btc,Bitcoin,76435.94992971321,1531040312785.0498,35442621934.18751,,2026-05-26 17:01:25.406+00
bitcoin,btc,Bitcoin,75905.676364339,1521402628339.4573,36887770660.21837,,2026-05-26 18:01:57.496+00
bitcoin,btc,Bitcoin,75724.21454561081,1519473347325.9875,38292575617.98564,,2026-05-26 19:02:27.365+00
bitcoin,btc,Bitcoin,75931.35584194178,1521779931779.224,38542460964.5652,,2026-05-26 20:02:49.281+00
bitcoin,btc,Bitcoin,75994.62461604114,1522235913704.348,39232950052.81833,,2026-05-26 21:03:00.585+00
bitcoin,btc,Bitcoin,75918.45385338327,1520713128636.938,38726990015.89899,,2026-05-26 22:01:38.552+00
bitcoin,btc,Bitcoin,75636.67263339218,1515207395204.6873,38901003140.4861,,2026-05-26 23:01:13.644+00
bitcoin,btc,Bitcoin,75824.06332542913,1519006468647.7368,39159693387.273636,,2026-05-27 00:01:38.949+00
bitcoin,btc,Bitcoin,75847.70891897366,1520103553859.085,39713833611.13777,,2026-05-27 01:02:36.318+00
bitcoin,btc,Bitcoin,75787.44304555315,1519010859152.5894,38943166284.62263,,2026-05-27 02:00:55.394+00
bitcoin,btc,Bitcoin,75710.14817498735,1516860884544.8518,37651677472.786995,,2026-05-27 03:01:10.072+00
bitcoin,btc,Bitcoin,75554.85695378832,1513967460628.901,39143184625.71167,,2026-05-27 04:00:59.757+00
bitcoin,btc,Bitcoin,75477.54344710376,1512153208640.88,38820685918.875565,,2026-05-27 05:00:54.568+00
bitcoin,btc,Bitcoin,75610.10208701751,1514661085548.0908,37343917701.52986,,2026-05-27 06:00:31.411+00
bitcoin,btc,Bitcoin,75719.03822003855,1517032724160.0334,37407430267.12946,,2026-05-27 07:00:50.792+00
bitcoin,btc,Bitcoin,75858.35142366614,1519718728332.9346,37329265632.795074,,2026-05-27 08:00:58.117+00
bitcoin,btc,Bitcoin,75754.84173398792,1517705220981.3423,37105707380.588005,,2026-05-27 09:01:02.314+00
bitcoin,btc,Bitcoin,75795.07457820661,1518665050589.663,36997041037.69765,,2026-05-27 10:00:23.263+00
bitcoin,btc,Bitcoin,75808.64965275553,1518993601959.4058,35903168456.270874,,2026-05-27 11:01:12.18+00
bitcoin,btc,Bitcoin,75652.39887438538,1516094202081.8928,37113158099.888016,,2026-05-27 12:00:16.672+00
bitcoin,btc,Bitcoin,75605.32550642244,1516196083828.3613,37857600244.898544,,2026-05-27 13:00:22.175+00
bitcoin,btc,Bitcoin,74904.22831010737,1499881785057.4744,39680272401.136314,,2026-05-27 14:01:02.798+00
bitcoin,btc,Bitcoin,74921.34138561886,1501250599125.5142,39182077114.79155,,2026-05-27 15:00:34.58+00
bitcoin,btc,Bitcoin,75186.51344624023,1506036923345.8235,37306560905.92052,,2026-05-27 16:00:07.365+00
bitcoin,btc,Bitcoin,75181.6059945788,1506234878826.4072,35545557202.70008,,2026-05-27 17:00:47.206+00
bitcoin,btc,Bitcoin,74732.64177905432,1498189128966.866,35835189944.356606,,2026-05-27 18:01:18.106+00
bitcoin,btc,Bitcoin,74885.42892893817,1500154368692.4443,35116559644.18563,,2026-05-27 19:00:29.823+00
bitcoin,btc,Bitcoin,74923.09084430357,1500979820031.7134,34641713960.05525,,2026-05-27 20:00:19.029+00
bitcoin,btc,Bitcoin,75154.74067952846,1505579817222.757,34644888351.70643,,2026-05-27 21:00:35.209+00
bitcoin,btc,Bitcoin,74322.46254727744,1487652296224.3386,35920946671.285164,,2026-05-27 22:00:27.23+00
bitcoin,btc,Bitcoin,74346.87605567365,1490057036279.8406,36637747907.10669,,2026-05-27 23:00:31.563+00
bitcoin,btc,Bitcoin,74352.69928002391,1489192939341.7922,36456563334.10269,,2026-05-28 00:00:45.19+00
bitcoin,btc,Bitcoin,74425.57996613014,1491113078420.9875,37296764516.68298,,2026-05-28 01:00:12.7+00
bitcoin,btc,Bitcoin,74227.63340564318,1486997040425.2673,35838412126.967316,,2026-05-28 02:00:22.121+00
bitcoin,btc,Bitcoin,74181.84397705716,1487067083709.5376,37269811116.51506,,2026-05-28 03:00:12.433+00
bitcoin,btc,Bitcoin,73131.57748263904,1463397523112.925,41362040677.55256,,2026-05-28 04:00:16.008+00
bitcoin,btc,Bitcoin,73052.85765963126,1463649684046.4673,42164373495.20066,,2026-05-28 05:00:26.016+00
bitcoin,btc,Bitcoin,72875.90960868284,1460826902510.584,42361854090.71536,,2026-05-28 06:00:48.695+00
bitcoin,btc,Bitcoin,73048.6755154588,1463566226949.246,43351890263.54527,,2026-05-28 07:00:06.782+00
bitcoin,btc,Bitcoin,73337.44824176798,1468943360604.2437,43974312224.08034,,2026-05-28 08:00:20.433+00
bitcoin,btc,Bitcoin,73200.07694076093,1466596688498.011,44889612482.7346,,2026-05-28 09:00:40.281+00
bitcoin,btc,Bitcoin,73418.1434928209,1471115508050.258,44180295555.03468,,2026-05-28 10:00:41.776+00
bitcoin,btc,Bitcoin,73306.30442344282,1469004918388.5513,44418243109.66762,,2026-05-28 11:00:34.29+00
bitcoin,btc,Bitcoin,73384.84392551462,1470458667959.68,43335097786.73238,,2026-05-28 12:00:17.659+00
bitcoin,btc,Bitcoin,73400.04206495249,1470600415483.9272,43276154331.844475,,2026-05-28 13:00:54.903+00
bitcoin,btc,Bitcoin,72898.65501360953,1459895203898.58,41781353047.3132,,2026-05-28 14:00:47.604+00
bitcoin,btc,Bitcoin,72889.8326730699,1459887566043.3953,42687523183.79035,,2026-05-28 15:00:29.946+00
bitcoin,btc,Bitcoin,72785.65043331202,1458724035394.8682,44121505948.86718,,2026-05-28 16:00:13.79+00
bitcoin,btc,Bitcoin,73303.01923214295,1468352910914.807,43316590786.04062,,2026-05-28 17:00:33.41+00
bitcoin,btc,Bitcoin,73451.99068403647,1471667390773.7693,43538473255.72653,,2026-05-28 18:00:41.489+00
bitcoin,btc,Bitcoin,73550.79256299682,1474268759854.8804,43535872565.65977,,2026-05-28 19:00:48.955+00
bitcoin,btc,Bitcoin,73343.3487732116,1469500883547.8328,43227165728.207405,,2026-05-28 20:00:49.747+00
bitcoin,btc,Bitcoin,73482.95850574436,1472429159346.6917,41193316701.865944,,2026-05-28 21:00:52.277+00
bitcoin,btc,Bitcoin,73739.61799518361,1477537500059.2969,40754293727.86069,,2026-05-28 22:00:18.186+00
bitcoin,btc,Bitcoin,73370.36217240569,1470949781640.5264,41918551861.80674,,2026-05-28 23:00:17.139+00
bitcoin,btc,Bitcoin,73539.84189606174,1473190543991.798,39482623576.14358,,2026-05-29 00:00:35.175+00
bitcoin,btc,Bitcoin,73613.0938173537,1474930847735.0337,40261454419.95383,,2026-05-29 01:00:11.039+00
bitcoin,btc,Bitcoin,73490.21978575047,1472459506313.7864,39765158106.73515,,2026-05-29 02:00:50.034+00
bitcoin,btc,Bitcoin,73112.31168568574,1466058654291.9524,40587980266.30666,,2026-05-29 03:00:51.257+00
bitcoin,btc,Bitcoin,73195.82372288709,1466639047105.5366,36592696496.96067,,2026-05-29 04:00:09.565+00
bitcoin,btc,Bitcoin,73401.22135906796,1470389885139.241,34966212627.93534,,2026-05-29 05:00:18.364+00
bitcoin,btc,Bitcoin,73559.19835591863,1473634497889.9575,31836092215.769318,,2026-05-29 06:00:59.768+00
bitcoin,btc,Bitcoin,73673.46591664334,1476215722338.435,31851840738.558975,,2026-05-29 07:00:21.15+00
bitcoin,btc,Bitcoin,73373.04416373577,1469296526335.1511,32012209543.749775,,2026-05-29 08:00:40.855+00
bitcoin,btc,Bitcoin,73539.89255044883,1473715674603.455,32423184055.571724,,2026-05-29 09:00:29.068+00
bitcoin,btc,Bitcoin,73634.9177050287,1475302423024.041,31586306896.115055,,2026-05-29 10:00:32.186+00
bitcoin,btc,Bitcoin,73570.16949009337,1474168488426.5005,31636143567.71186,,2026-05-29 11:00:28.147+00
bitcoin,btc,Bitcoin,73359.79897581557,1469723164969.3662,31643923316.95258,,2026-05-29 12:00:49.409+00
bitcoin,btc,Bitcoin,73197.21940706698,1466763864556.8354,32207652649.002747,,2026-05-29 13:00:28.171+00
bitcoin,btc,Bitcoin,73084.79098935658,1463847910024.6123,31855130229.247078,,2026-05-29 14:01:06.839+00
bitcoin,btc,Bitcoin,73008.29234582045,1461167559339.0493,31286177932.471725,,2026-05-29 15:00:49.714+00
bitcoin,btc,Bitcoin,73706.34296495169,1476972847185.215,33313051517.85749,,2026-05-29 16:00:43.238+00
bitcoin,btc,Bitcoin,73944.31695316517,1481198660908.8657,34272577697.720238,,2026-05-29 17:00:48.853+00
bitcoin,btc,Bitcoin,73892.76714522223,1479619302450.2944,35819761479.51618,,2026-05-29 18:01:17.066+00
bitcoin,btc,Bitcoin,73252.6083321136,1467640837770.1726,36648575179.88311,,2026-05-29 19:01:18.966+00
bitcoin,btc,Bitcoin,73434.12862855184,1471380951731.3586,36140740795.208534,,2026-05-29 20:00:53.1+00
bitcoin,btc,Bitcoin,73559.98860906989,1473610619822.3425,36292954462.94979,,2026-05-29 21:00:19.597+00
bitcoin,btc,Bitcoin,73344.37491505673,1469469489383.8364,36048701489.69425,,2026-05-29 22:00:30.539+00
bitcoin,btc,Bitcoin,73390.22023302269,1470474931175.2537,35537795391.230835,,2026-05-29 23:00:18.557+00
bitcoin,btc,Bitcoin,73382.71831425565,1470438487484.5764,35500171846.420395,,2026-05-30 00:00:51.752+00
bitcoin,btc,Bitcoin,73457.7783083073,1471715266589.4905,35890159229.660866,,2026-05-30 01:01:00.933+00
bitcoin,btc,Bitcoin,73554.13465016182,1473733850829.1636,34729238614.754074,,2026-05-30 02:00:46.534+00
bitcoin,btc,Bitcoin,73678.65004220484,1476219049999.9636,34362761553.071266,,2026-05-30 03:00:17.496+00
bitcoin,btc,Bitcoin,73433.26929675156,1471665859321.838,35356668985.343414,,2026-05-30 04:00:39.809+00
bitcoin,btc,Bitcoin,73295.06859327725,1468492837482.3772,35588934769.98799,,2026-05-30 05:00:34.949+00
bitcoin,btc,Bitcoin,73510.97929090264,1473113789696.6191,33794310232.655975,,2026-05-30 06:00:28.493+00
bitcoin,btc,Bitcoin,73493.48462333863,1472668991453.0142,33547288180.30999,,2026-05-30 07:00:56.642+00
bitcoin,btc,Bitcoin,73452.81151927126,1471732700595.4915,33260323006.997166,,2026-05-30 08:00:39.055+00
bitcoin,btc,Bitcoin,73415.52758611648,1471210716977.0322,32620958873.926018,,2026-05-30 09:00:31.523+00
bitcoin,btc,Bitcoin,73507.7904924995,1472685585006.4841,30809646599.112865,,2026-05-30 10:00:14.638+00
bitcoin,btc,Bitcoin,73519.54163045478,1473360730257.3582,30438102042.474506,,2026-05-30 11:00:44.276+00
bitcoin,btc,Bitcoin,73496.47625755738,1472613873999.8936,29566187042.65711,,2026-05-30 12:00:05.027+00
bitcoin,btc,Bitcoin,73588.23593614336,1473980173777.2,29882042554.191425,,2026-05-30 13:00:50.18+00
bitcoin,btc,Bitcoin,73722.3676313432,1477142809743.595,28442825146.125816,,2026-05-30 14:01:02.729+00
bitcoin,btc,Bitcoin,73828.59561634924,1479153532631.912,25837774561.46,,2026-05-30 15:00:38.856+00
bitcoin,btc,Bitcoin,73821.07392012235,1479656405505.93,25379043571.928024,,2026-05-30 16:00:21.045+00
bitcoin,btc,Bitcoin,73824.47674568712,1479280317212.1619,23237649918.348392,,2026-05-30 17:00:49.023+00
bitcoin,btc,Bitcoin,73905.67706275536,1480832312822.9258,21061544183.1267,,2026-05-30 18:00:25.452+00
bitcoin,btc,Bitcoin,73937.87641153632,1481498849070.823,19942212761.71632,,2026-05-30 19:00:57.116+00
bitcoin,btc,Bitcoin,73913.8274514589,1481071206235.4465,19395127523.886917,,2026-05-30 20:00:01.11+00
bitcoin,btc,Bitcoin,73851.4608190981,1479873987599.6587,19400264786.202053,,2026-05-30 21:00:44.304+00
bitcoin,btc,Bitcoin,73860.46182726156,1479871268904.1277,18042545059.551807,,2026-05-30 22:00:29.188+00
bitcoin,btc,Bitcoin,73769.5162114231,1477712837911.8064,19006316067.50617,,2026-05-30 23:00:39.104+00
bitcoin,btc,Bitcoin,73751.06787328025,1477685075481.0342,18041892698.4912,,2026-05-31 00:01:09.596+00
bitcoin,btc,Bitcoin,73920.31473177562,1480787955177.692,18753528117.94189,,2026-05-31 01:01:05.071+00
bitcoin,btc,Bitcoin,73947.08282622244,1481782584928.1426,18698420588.93628,,2026-05-31 02:00:04.491+00
bitcoin,btc,Bitcoin,73964.96159780983,1481982855695.4038,19226964299.60339,,2026-05-31 03:00:46.996+00
bitcoin,btc,Bitcoin,74044.26528775951,1483763648730.0112,18036129182.0158,,2026-05-31 04:00:51.666+00
bitcoin,btc,Bitcoin,74090.7911820739,1484355268384.5042,17776943950.652477,,2026-05-31 05:00:54.306+00
bitcoin,btc,Bitcoin,73959.32784866802,1481896648623.7192,17149551139.78528,,2026-05-31 06:01:04.178+00
bitcoin,btc,Bitcoin,73950.51602071009,1481723658315.494,16365648678.555048,,2026-05-31 07:01:02.877+00
bitcoin,btc,Bitcoin,73771.70365286582,1478247891942.721,16730749856.09106,,2026-05-31 08:00:45.172+00
bitcoin,btc,Bitcoin,73836.47422326881,1479344862686.0186,17422786082.350803,,2026-05-31 09:00:35.131+00
bitcoin,btc,Bitcoin,73735.32639822178,1477412311944.577,17051919929.80511,,2026-05-31 10:01:13.076+00
bitcoin,btc,Bitcoin,73777.55592280244,1477731982105.572,17213767888.06703,,2026-05-31 11:00:00.841+00
bitcoin,btc,Bitcoin,73856.28538196295,1479734082428.9502,16801098664.071327,,2026-05-31 12:01:03.884+00
bitcoin,btc,Bitcoin,73807.57929483295,1478853702083.2812,16998639123.486134,,2026-05-31 13:00:27.379+00
bitcoin,btc,Bitcoin,73762.76278542812,1477681734290.0925,16491839884.335268,,2026-05-31 14:00:36.121+00
bitcoin,btc,Bitcoin,73524.85711770532,1474261869279.7205,16726287835.029413,,2026-05-31 15:00:46.021+00
bitcoin,btc,Bitcoin,73547.48551983605,1473587678111.2043,15862754693.48583,,2026-05-31 16:00:59.307+00
bitcoin,btc,Bitcoin,73425.39840959723,1471015269777.2412,16232170155.438738,,2026-05-31 17:00:49.232+00
bitcoin,btc,Bitcoin,73587.49530597204,1474456131128.0564,16018226908.136051,,2026-05-31 18:00:42.778+00
bitcoin,btc,Bitcoin,73522.96535084966,1472771280316.6565,16165875269.879448,,2026-05-31 19:00:48.467+00
bitcoin,btc,Bitcoin,73457.31960126235,1471841711952.407,15545335884.693003,,2026-05-31 20:00:43.553+00
bitcoin,btc,Bitcoin,73638.60211812168,1475627252740.8071,16313499293.437212,,2026-05-31 21:00:43.659+00
bitcoin,btc,Bitcoin,73773.5878451807,1478427404925.822,16946302254.332924,,2026-05-31 22:00:48.327+00
bitcoin,btc,Bitcoin,73876.60588468595,1480239178163.1516,16862863420.165442,,2026-05-31 23:00:02.441+00
bitcoin,btc,Bitcoin,73570.21708273572,1474445599875.9988,17503868565.224197,,2026-06-01 00:01:22.489+00
bitcoin,btc,Bitcoin,73797.23146758995,1478648781304.4658,17147438413.11645,,2026-06-01 01:00:50.06+00
bitcoin,btc,Bitcoin,73223.84734520393,1467485122173.3,17580368362.8426,,2026-06-01 02:01:00.079+00
bitcoin,btc,Bitcoin,73683.50449016532,1476425938162.8198,17622571381.309563,,2026-06-01 03:01:34.135+00
bitcoin,btc,Bitcoin,73648.95999568363,1475552934035.8894,18128916559.025787,,2026-06-01 04:01:06.269+00
bitcoin,btc,Bitcoin,73457.98254562725,1471129818353.2146,19112463013.623745,,2026-06-01 05:00:37.198+00
bitcoin,btc,Bitcoin,73258.64989797205,1467986132958.1008,19300190420.71216,,2026-06-01 06:00:03.512+00
bitcoin,btc,Bitcoin,73022.22591311394,1463040245344.948,19885568950.882668,,2026-06-01 07:00:26.023+00
bitcoin,btc,Bitcoin,72720.45685389063,1457251350407.7551,20905252889.590466,,2026-06-01 08:00:28.685+00
bitcoin,btc,Bitcoin,72803.2998427692,1458758783989.466,21595799485.28525,,2026-06-01 09:01:07.526+00
bitcoin,btc,Bitcoin,72791.34886625511,1458488178838.2559,21849094464.378826,,2026-06-01 10:00:47.3+00
bitcoin,btc,Bitcoin,72661.72960466995,1455865603830.16,23555946401.644505,,2026-06-01 11:01:16.451+00
bitcoin,btc,Bitcoin,72393.50490980071,1451080954966.4277,25191652417.32064,,2026-06-01 12:00:15.034+00
bitcoin,btc,Bitcoin,72121.5042474048,1445114175881.7356,28474716425.299603,,2026-06-01 13:01:04.737+00
bitcoin,btc,Bitcoin,71565.27763686831,1432569650317.6382,33873861547.956905,,2026-06-01 14:00:23.681+00
bitcoin,btc,Bitcoin,71370.97144566885,1429800332276.8105,37120625940.40243,,2026-06-01 15:00:41.955+00
bitcoin,btc,Bitcoin,70980.94428936618,1422602237134.1348,40328165856.43917,,2026-06-01 16:00:20.219+00
bitcoin,btc,Bitcoin,71444.9494361865,1431173592869.1921,43271151026.06768,,2026-06-01 17:00:43.962+00
bitcoin,btc,Bitcoin,71590.27965912364,1435512818415.1821,46946039298.73116,,2026-06-01 18:00:18.975+00
bitcoin,btc,Bitcoin,71426.04625445513,1431055997906.8027,47199480545.94737,,2026-06-01 19:00:58.162+00
bitcoin,btc,Bitcoin,71477.23635876295,1432170687938.112,47540914396.21766,,2026-06-01 20:00:47.115+00
bitcoin,btc,Bitcoin,71357.87221552467,1429782191469.5593,49295273468.52348,,2026-06-01 21:00:16.867+00
bitcoin,btc,Bitcoin,70961.43860445131,1420899500718.6292,49955190242.17546,,2026-06-01 22:00:10.467+00
bitcoin,btc,Bitcoin,71348.66693075797,1428213334564.2612,50678466468.59892,,2026-06-01 23:00:41.177+00
bitcoin,btc,Bitcoin,71320.09989733889,1428639591393.555,51782374300.17677,,2026-06-02 00:01:21.869+00
bitcoin,btc,Bitcoin,71192.44061761745,1426535113694.7856,50969729854.885826,,2026-06-02 01:00:47.16+00
bitcoin,btc,Bitcoin,70674.10440972645,1417528524621.5327,51424956313.74731,,2026-06-02 02:00:02.028+00
bitcoin,btc,Bitcoin,70674.80956731385,1415809080290.634,52453369991.863754,,2026-06-02 03:00:40.666+00
bitcoin,btc,Bitcoin,70843.70785372073,1419543544422.3022,51866898715.9229,,2026-06-02 04:00:54.165+00
bitcoin,btc,Bitcoin,70691.15966467188,1417168185551.1995,53705435641.210976,,2026-06-02 05:00:56.606+00
bitcoin,btc,Bitcoin,70214.16564960449,1406943074527.0532,50946354528.90044,,2026-06-02 06:00:35.057+00
bitcoin,btc,Bitcoin,70000.21398988042,1401579763988.9897,52918924596.87405,,2026-06-02 07:01:07.976+00
bitcoin,btc,Bitcoin,70030.71612208706,1403810258025.7266,54642337865.54893,,2026-06-02 08:00:35.516+00
bitcoin,btc,Bitcoin,69693.37351195673,1396517931835.7578,55715365291.0464,,2026-06-02 09:00:10.749+00
bitcoin,btc,Bitcoin,69306.63700406029,1389291438211.3699,54598107865.495186,,2026-06-02 10:00:08.674+00
bitcoin,btc,Bitcoin,69578.00514153196,1394222671456.0667,55632161356.53696,,2026-06-02 11:00:53.903+00
bitcoin,btc,Bitcoin,69420.75178246271,1391774171214.1658,56439129024.41821,,2026-06-02 12:00:39.917+00
bitcoin,btc,Bitcoin,68980.48546837036,1382600530925.9756,56473076332.07834,,2026-06-02 13:00:51.408+00
bitcoin,btc,Bitcoin,68675.1626071005,1376377620839.933,55135508060.53403,,2026-06-02 14:00:50.339+00
bitcoin,btc,Bitcoin,67930.07409871208,1362791843594.4294,58135032689.11772,,2026-06-02 15:00:51.973+00
bitcoin,btc,Bitcoin,67191.73015711248,1345615454419.2126,60009923300.21696,,2026-06-02 16:01:22.047+00
bitcoin,btc,Bitcoin,67362.14205456393,1349817732286.7993,60703209011.014404,,2026-06-02 17:00:24.023+00
bitcoin,btc,Bitcoin,67404.07411111722,1349774513194.1958,58012872502.166626,,2026-06-02 18:00:50.152+00
bitcoin,btc,Bitcoin,67237.49694150225,1344064473296.6567,60512455282.362465,,2026-06-02 19:00:35.593+00
bitcoin,btc,Bitcoin,67136.44638471157,1344836406671.327,63871300299.46279,,2026-06-02 20:00:50.321+00
bitcoin,btc,Bitcoin,67516.11124047743,1353082133782.1074,65904521651.15144,,2026-06-02 21:00:52.139+00
bitcoin,btc,Bitcoin,67506.15240585305,1351936706745.4668,63414540525.517044,,2026-06-02 22:00:54.965+00
bitcoin,btc,Bitcoin,66315.56201635316,1328829109585.7002,64827880300.34651,,2026-06-02 23:00:49.247+00
bitcoin,btc,Bitcoin,66694.75326849708,1337278659577.241,66505250049.06765,,2026-06-03 00:00:48.541+00
bitcoin,btc,Bitcoin,66904.28033960726,1340881042170.3992,66916162242.03115,,2026-06-03 01:00:08.102+00
bitcoin,btc,Bitcoin,66837.48168582759,1339240435917.1592,63512316189.60828,,2026-06-03 02:00:33.811+00
bitcoin,btc,Bitcoin,66537.19525872204,1335066797874.4402,62535329686.21284,,2026-06-03 03:00:28.639+00
bitcoin,btc,Bitcoin,65748.90161657339,1317805655900.2673,64465258765.78182,,2026-06-03 04:01:17.993+00
bitcoin,btc,Bitcoin,66372.87729551546,1329769622614.9263,65302101257.3557,,2026-06-03 05:01:07.684+00
bitcoin,btc,Bitcoin,67269.89806999358,1347358215489.1882,61605727685.88722,,2026-06-03 06:00:40.103+00
bitcoin,btc,Bitcoin,66909.54150769791,1342179528035.8801,61797592195.508766,,2026-06-03 07:01:08.161+00
bitcoin,btc,Bitcoin,67140.16922883953,1345556666722.6936,61419476136.35319,,2026-06-03 08:00:05.942+00
bitcoin,btc,Bitcoin,66933.36097066435,1341387121847.764,61243970812.86159,,2026-06-03 09:00:57.355+00
bitcoin,btc,Bitcoin,67022.31101694723,1343024706244.8894,57861902136.55537,,2026-06-03 10:01:12.957+00
bitcoin,btc,Bitcoin,67188.43003131494,1346250215080.5864,56537620134.00586,,2026-06-03 11:00:39.574+00
bitcoin,btc,Bitcoin,66977.29313650142,1342106649619.1663,57476753792.16436,,2026-06-03 12:00:21.343+00
bitcoin,btc,Bitcoin,66995.05270697792,1342591370698.5955,55748557759.093185,,2026-06-03 13:00:01.129+00
bitcoin,btc,Bitcoin,66787.44899622556,1339431282020.546,55695747783.93276,,2026-06-03 14:01:05.438+00
bitcoin,btc,Bitcoin,66773.00251408429,1337682989917.3657,52519140370.38052,,2026-06-03 15:00:29.31+00
bitcoin,btc,Bitcoin,66021.94863941765,1324017166067.867,50857315514.351265,,2026-06-03 16:01:16.584+00
bitcoin,btc,Bitcoin,65968.79694833071,1321465200719.5847,50615653646.43509,,2026-06-03 17:01:10.07+00
bitcoin,btc,Bitcoin,65889.62293347699,1318456794345.89,50297718132.803,,2026-06-03 18:00:55.495+00
bitcoin,btc,Bitcoin,65964.97305565678,1322029550334.627,49849328368.8218,,2026-06-03 19:01:01.333+00
bitcoin,btc,Bitcoin,65357.46528836223,1308502276524.6775,47927063363.40637,,2026-06-03 20:00:37.368+00
bitcoin,btc,Bitcoin,64879.65513355368,1299763221234.0273,48465882738.918564,,2026-06-03 21:00:36.58+00
bitcoin,btc,Bitcoin,65671.24348348453,1314389751312.399,49051116991.64279,,2026-06-03 22:00:39.726+00
bitcoin,btc,Bitcoin,64813.38289563199,1298382652205.811,48027515239.63143,,2026-06-03 23:00:16.589+00
bitcoin,btc,Bitcoin,64021.88915867498,1282892747601.9075,47109696433.67548,,2026-06-04 00:00:27.834+00
bitcoin,btc,Bitcoin,63155.43270867277,1263587083860.4727,49943671534.234604,,2026-06-04 01:00:38.197+00
bitcoin,btc,Bitcoin,62114.887626138094,1245381883034.6758,53245890435.977325,,2026-06-04 02:00:31.637+00
bitcoin,btc,Bitcoin,63156.12673184157,1265602826866.0642,58641133559.16053,,2026-06-04 03:01:03.861+00
bitcoin,btc,Bitcoin,64273.24836698033,1287357903838.101,59388068069.288216,,2026-06-04 04:00:58.7+00
bitcoin,btc,Bitcoin,64303.610991445654,1289110055609.9194,59394179074.37375,,2026-06-04 05:00:06.857+00
bitcoin,btc,Bitcoin,63877.100437640045,1279995081040.9075,59082548780.37969,,2026-06-04 06:00:43.323+00
bitcoin,btc,Bitcoin,63969.861077072135,1281831363808.0632,57685286628.36288,,2026-06-04 07:00:51.869+00
bitcoin,btc,Bitcoin,63609.23962456499,1274793896736.115,58514064106.34301,,2026-06-04 08:00:36.644+00
bitcoin,btc,Bitcoin,63562.82491603272,1273138475513.1816,60146112912.55948,,2026-06-04 09:01:02.353+00
bitcoin,btc,Bitcoin,63116.395422335314,1262954116058.8472,54708012491.79671,,2026-06-04 10:00:05.689+00
bitcoin,btc,Bitcoin,62388.618859522845,1248351748804.9578,63057909675.9774,,2026-06-04 11:00:33.811+00
bitcoin,btc,Bitcoin,62450.80905208616,1251338327174.181,65383169174.130196,,2026-06-04 12:00:01.343+00
bitcoin,btc,Bitcoin,63671.58499621012,1275666043291.5718,67102134819.72619,,2026-06-04 13:00:56.605+00
bitcoin,btc,Bitcoin,64009.791802204076,1279043371286.2651,68655503618.49395,,2026-06-04 14:00:51.986+00
bitcoin,btc,Bitcoin,63870.93213050547,1279139277132.8262,68913959991.57082,,2026-06-04 15:00:44.791+00
bitcoin,btc,Bitcoin,63902.43300939559,1275980095201.4995,61351402785.228745,,2026-06-04 16:00:59.157+00
bitcoin,btc,Bitcoin,63515.997510119945,1272755439340.628,66720802275.56205,,2026-06-04 17:01:01.69+00
bitcoin,btc,Bitcoin,63455.380634760535,1270366133309.0513,67208325467.96258,,2026-06-04 18:00:49.531+00
bitcoin,btc,Bitcoin,63778.125947749315,1278124467755.4004,68980904696.55365,,2026-06-04 19:00:58.245+00
bitcoin,btc,Bitcoin,63570.97734057268,1272760472363.9768,68280303687.737656,,2026-06-04 20:00:59.197+00
bitcoin,btc,Bitcoin,63540.57039825781,1272861926658.04,67429091568.97346,,2026-06-04 21:00:38.053+00
bitcoin,btc,Bitcoin,63243.8582040147,1269166437380.9614,59884629852.355095,,2026-06-04 22:00:41.688+00
bitcoin,btc,Bitcoin,63661.25254140083,1274173215104.5916,66678509429.311646,,2026-06-04 23:00:49.016+00
bitcoin,btc,Bitcoin,63796.2543917893,1277535354121.537,65428213201.18904,,2026-06-05 00:00:40.568+00
bitcoin,btc,Bitcoin,63380.11051713282,1270979713080.384,61851975199.25036,,2026-06-05 01:00:50.477+00
bitcoin,btc,Bitcoin,63307.94041654308,1269070593929.3696,58981310278.67993,,2026-06-05 02:00:15.688+00
bitcoin,btc,Bitcoin,62563.106314788616,1253987337975.474,53961272026.07619,,2026-06-05 03:00:22.034+00
bitcoin,btc,Bitcoin,62650.54773800535,1256711347633.916,52493285246.02763,,2026-06-05 04:01:18.819+00
bitcoin,btc,Bitcoin,63384.29445196668,1266075080492.0088,52083015424.086174,,2026-06-05 05:00:53.366+00
bitcoin,btc,Bitcoin,62373.71848187581,1254004951402.2195,52220815934.47231,,2026-06-05 06:01:00.546+00
bitcoin,btc,Bitcoin,61877.241195372124,1240659582280.191,56203860689.71437,,2026-06-05 07:00:25.101+00
bitcoin,btc,Bitcoin,62930.428692593974,1260180616760.8196,58192897672.70779,,2026-06-05 08:00:53.037+00
bitcoin,btc,Bitcoin,62394.09363525867,1248575348882.5005,57286020440.45399,,2026-06-05 09:00:17.812+00
bitcoin,btc,Bitcoin,62783.274232285476,1258669894225.523,56850644511.3191,,2026-06-05 10:00:13.361+00
bitcoin,btc,Bitcoin,62492.06747682221,1251671064804.143,53902656118.05505,,2026-06-05 11:01:12.496+00
bitcoin,btc,Bitcoin,61971.075991069585,1242641576833.3464,53372790963.45457,,2026-06-05 12:00:38.83+00
bitcoin,btc,Bitcoin,61909.86088936547,1240236848137.1062,52905075550.23181,,2026-06-05 13:00:59.512+00
bitcoin,btc,Bitcoin,60758.42527146145,1224160003402.217,47431225383.34856,,2026-06-05 14:01:09.642+00
bitcoin,btc,Bitcoin,60787.48456481218,1216736502103.131,56256236746.444115,,2026-06-05 15:01:10.814+00
bitcoin,btc,Bitcoin,60465.2518621624,1212998386855.344,58800425642.61828,,2026-06-05 16:01:17.858+00
bitcoin,btc,Bitcoin,61400.834034237996,1229561364304.7053,64129392921.08163,,2026-06-05 17:01:16.858+00
bitcoin,btc,Bitcoin,60761.4584135615,1217592351285.228,65396833498.67196,,2026-06-05 18:01:12.528+00
bitcoin,btc,Bitcoin,59353.42034890553,1190631302031.4949,67035560890.29416,,2026-06-05 19:00:18.277+00
bitcoin,btc,Bitcoin,60317.1980969419,1207072430624.4487,69787130711.81224,,2026-06-05 20:01:00.959+00
bitcoin,btc,Bitcoin,61633.1025067623,1233551747882.3057,71870667805.48528,,2026-06-05 21:00:09.064+00
bitcoin,btc,Bitcoin,61643.666878418364,1236443769254.1055,72157451094.67967,,2026-06-05 22:00:48.826+00
bitcoin,btc,Bitcoin,61658.390515035404,1238186155099.5073,74462352496.27461,,2026-06-05 23:00:35.042+00
bitcoin,btc,Bitcoin,60921.79441516493,1221126222047.2139,74296044994.81367,,2026-06-06 00:00:29.699+00
bitcoin,btc,Bitcoin,61271.40244548539,1227784758452.873,75281293239.80736,,2026-06-06 01:00:49.014+00
bitcoin,btc,Bitcoin,61080.8546109545,1224424025287.1638,74756824408.21376,,2026-06-06 02:00:50.248+00
bitcoin,btc,Bitcoin,60951.51530057916,1221386971205.0388,74133803245.32048,,2026-06-06 03:00:51.159+00
bitcoin,btc,Bitcoin,60670.4415940172,1216299326911.853,72664768968.70132,,2026-06-06 04:00:12.748+00
bitcoin,btc,Bitcoin,60073.171592618724,1203246375445.7175,74354016328.25218,,2026-06-06 05:00:59.114+00
bitcoin,btc,Bitcoin,60915.06975241639,1220250145380.6675,75473784787.68011,,2026-06-06 06:00:58.154+00
bitcoin,btc,Bitcoin,60742.468959847494,1218216431948.0354,71738686409.87427,,2026-06-06 07:00:50.944+00
bitcoin,btc,Bitcoin,60977.17981505444,1222035101047.5808,68404906405.49515,,2026-06-06 08:00:53.484+00
bitcoin,btc,Bitcoin,61282.9313998945,1228085676282.7795,68094562683.383865,,2026-06-06 09:00:42.821+00
bitcoin,btc,Bitcoin,60966.96489309166,1221763680071.5164,66879588814.96836,,2026-06-06 10:00:18.022+00
bitcoin,btc,Bitcoin,60522.4177580613,1212816601275.352,66653384506.35496,,2026-06-06 11:00:53.682+00
bitcoin,btc,Bitcoin,60766.97161805294,1219929146818.475,66260763619.52895,,2026-06-06 12:00:48.156+00
bitcoin,btc,Bitcoin,61010.48847465796,1223986280516.4548,66248992599.22139,,2026-06-06 13:00:56.416+00
bitcoin,btc,Bitcoin,60783.60690260497,1217845435579.739,62275314385.51294,,2026-06-06 14:00:09.758+00
bitcoin,btc,Bitcoin,60801.25071653321,1220024063247.3328,58259180584.155106,,2026-06-06 15:00:27.814+00
bitcoin,btc,Bitcoin,60787.40516761303,1217424446359.3687,53970894832.280815,,2026-06-06 16:01:02.475+00
bitcoin,btc,Bitcoin,60717.331369021034,1216156695035.9456,48890045925.82174,,2026-06-06 17:00:48.959+00
bitcoin,btc,Bitcoin,60544.17676509025,1212595759462.6023,47010175346.89991,,2026-06-06 18:00:36.782+00
bitcoin,btc,Bitcoin,60632.13314693318,1213819206670.5085,44443843122.85558,,2026-06-06 19:00:50.488+00
bitcoin,btc,Bitcoin,60600.08126481232,1214511205149.6091,40896614833.70195,,2026-06-06 20:00:57.904+00
bitcoin,btc,Bitcoin,60702.280740364564,1215598488984.1682,38019798814.51786,,2026-06-06 21:00:36.419+00
bitcoin,btc,Bitcoin,60747.38643397402,1217630298842.026,36607429165.81208,,2026-06-06 22:00:49.532+00
bitcoin,btc,Bitcoin,60583.529858700254,1214464885010.1614,33530268915.92528,,2026-06-06 23:00:32.555+00
bitcoin,btc,Bitcoin,60861.88012897632,1219858358359.3782,31865516854.60977,,2026-06-07 00:00:41.943+00
bitcoin,btc,Bitcoin,60761.620629732344,1217425063449.0964,31390359124.08674,,2026-06-07 01:00:49.706+00
bitcoin,btc,Bitcoin,61471.63828191639,1231831839015.3516,32256691294.888466,,2026-06-07 02:00:46.667+00
bitcoin,btc,Bitcoin,61492.783358280816,1232259707174.1665,31924110232.074383,,2026-06-07 03:00:39.301+00
bitcoin,btc,Bitcoin,61664.738019211065,1235213093351.7815,31711510482.912384,,2026-06-07 04:00:40.103+00
bitcoin,btc,Bitcoin,61867.507645404425,1239763001555.8228,30121672892.13611,,2026-06-07 05:00:45.744+00
bitcoin,btc,Bitcoin,61731.036831240555,1237033617661.4336,27529151704.530968,,2026-06-07 06:01:13.537+00
bitcoin,btc,Bitcoin,62108.17618467483,1243252493150.8713,28487758257.649216,,2026-06-07 07:01:09.54+00
bitcoin,btc,Bitcoin,62354.65926384663,1249295204820.8777,27466280592.366096,,2026-06-07 08:01:00.879+00
bitcoin,btc,Bitcoin,62799.61706024372,1258655913344.3591,29182330317.248116,,2026-06-07 09:00:29.706+00
bitcoin,btc,Bitcoin,62515.786540524714,1252894812843.9434,29792040772.1243,,2026-06-07 10:01:07.608+00
bitcoin,btc,Bitcoin,62356.89936048305,1250323052552.0454,29605574346.202435,,2026-06-07 11:00:19.41+00
bitcoin,btc,Bitcoin,62592.24803571717,1254110999863.2852,28801695517.301414,,2026-06-07 12:00:42.023+00
bitcoin,btc,Bitcoin,61899.44056352343,1238657042795.2305,30233142819.867867,,2026-06-07 13:00:57.655+00
bitcoin,btc,Bitcoin,61708.48517537129,1236995057585.957,31546437717.5973,,2026-06-07 14:00:34.998+00
bitcoin,btc,Bitcoin,61869.12182419518,1239761247293.594,31264186152.76023,,2026-06-07 15:00:14.691+00
bitcoin,btc,Bitcoin,62040.156956288505,1242792462706.3198,30645650176.757065,,2026-06-07 16:00:46.444+00
bitcoin,btc,Bitcoin,62019.38150876778,1242430543799.5007,30994960323.034576,,2026-06-07 17:01:11.565+00
bitcoin,btc,Bitcoin,62139.10458449485,1245227285885.7222,31161308372.260654,,2026-06-07 18:00:14.102+00
bitcoin,btc,Bitcoin,62065.13471974559,1243977132449.415,30891056150.722263,,2026-06-07 19:00:28.087+00
bitcoin,btc,Bitcoin,61277.73988404787,1228725641279.3054,31454470640.116173,,2026-06-07 20:00:03.269+00
bitcoin,btc,Bitcoin,61896.18584598038,1239597419754.8237,31697291434.398968,,2026-06-07 21:00:30.661+00
bitcoin,btc,Bitcoin,61736.49926860991,1236663132066.4521,31706967980.23535,,2026-06-07 22:00:42.009+00
bitcoin,btc,Bitcoin,62898.83562473381,1261008793847.6675,36631051849.65809,,2026-06-07 23:00:09.544+00
bitcoin,btc,Bitcoin,63254.57215050675,1266954887605.9854,37684637505.908424,,2026-06-08 00:00:50.798+00
bitcoin,btc,Bitcoin,63591.55171282999,1274405372555.6091,38276122711.68593,,2026-06-08 01:00:51.746+00
bitcoin,btc,Bitcoin,63135.73442175301,1265269128650.5198,38495226213.38881,,2026-06-08 02:01:14.744+00
bitcoin,btc,Bitcoin,63092.973825538276,1263985048610.4934,38579004717.36076,,2026-06-08 03:00:21.42+00
bitcoin,btc,Bitcoin,63097.738678422604,1264610051558.6765,37951096512.06866,,2026-06-08 04:00:45.095+00
bitcoin,btc,Bitcoin,62746.110994682225,1258078422212.3503,38146869789.60116,,2026-06-08 05:00:42.467+00
bitcoin,btc,Bitcoin,62686.89031970495,1256215811318.6108,36932801321.268745,,2026-06-08 06:00:51.458+00
bitcoin,btc,Bitcoin,62955.75468147986,1261581749566.039,36104715957.479744,,2026-06-08 07:00:33.13+00
bitcoin,btc,Bitcoin,63263.6371523138,1266885454191.702,36000754271.90601,,2026-06-08 08:00:33.105+00
bitcoin,btc,Bitcoin,63105.120267771585,1263206401240.8855,35539847474.44662,,2026-06-08 09:00:14.041+00
bitcoin,btc,Bitcoin,63430.00505978389,1270694609340.1265,34962851631.33051,,2026-06-08 10:00:50.451+00
bitcoin,btc,Bitcoin,63090.98170944541,1264129452848.105,33837562800.55523,,2026-06-08 11:00:47.288+00
bitcoin,btc,Bitcoin,63416.52653265283,1270789809055.3784,35559436841.632286,,2026-06-08 12:00:46.655+00
bitcoin,btc,Bitcoin,63784.417012630474,1277943885124.4365,36136770033.3675,,2026-06-08 13:00:44.859+00
bitcoin,btc,Bitcoin,63717.79786623143,1276690729719.0708,37048002465.80039,,2026-06-08 14:00:49.04+00
bitcoin,btc,Bitcoin,63975.150617444626,1281209642794.0825,37200761548.85971,,2026-06-08 15:00:12+00
bitcoin,btc,Bitcoin,63731.845419079924,1278661354285.439,39355293498.214645,,2026-06-08 16:01:17.599+00
bitcoin,btc,Bitcoin,63455.42095436701,1272594605391.7336,40051190836.834694,,2026-06-08 17:01:16.293+00
bitcoin,btc,Bitcoin,63486.55749595917,1271834212953.0286,40184767228.59978,,2026-06-08 18:00:52.793+00
bitcoin,btc,Bitcoin,63426.94217807585,1271543810665.66,40608481093.42863,,2026-06-08 19:00:15.721+00
bitcoin,btc,Bitcoin,63364.111069051134,1270221446603.2937,39702865668.97874,,2026-06-08 20:00:19.434+00
bitcoin,btc,Bitcoin,63429.52697889757,1270897367480.8232,39337709323.297615,,2026-06-08 21:00:44.477+00
bitcoin,btc,Bitcoin,63758.168414545864,1276973135707.8372,40100450230.635,,2026-06-08 22:01:13.717+00
bitcoin,btc,Bitcoin,63404.5448567149,1268915948290.2502,36335658287.621925,,2026-06-08 23:00:34.4+00
bitcoin,btc,Bitcoin,63078.44049480062,1263134225700.3467,34027346085.709057,,2026-06-09 00:00:24.671+00
bitcoin,btc,Bitcoin,62521.10105576993,1253151625780.8843,35708087215.441185,,2026-06-09 01:00:58.143+00
bitcoin,btc,Bitcoin,62764.01753232251,1257597369537.4368,34558223242.49932,,2026-06-09 02:00:32.267+00
bitcoin,btc,Bitcoin,62824.67788347735,1258711450887.358,33492759459.62244,,2026-06-09 03:00:01.92+00
bitcoin,btc,Bitcoin,62839.35254293068,1258199609162.9485,35083672803.4588,,2026-06-09 04:01:05.53+00
bitcoin,btc,Bitcoin,63231.29657420249,1267405054284.042,34963973541.87083,,2026-06-09 05:00:25.851+00
bitcoin,btc,Bitcoin,63309.01004093081,1268690273779.2822,34971464344.98196,,2026-06-09 06:00:31.236+00
bitcoin,btc,Bitcoin,63246.48358224153,1267380126421.9824,34362549354.37042,,2026-06-09 07:00:40.097+00
bitcoin,btc,Bitcoin,63164.25608395359,1265599948434.6252,34368648876.82275,,2026-06-09 08:01:08.006+00
bitcoin,btc,Bitcoin,62823.55164337146,1258988947378.1077,34871263397.32057,,2026-06-09 09:00:39.897+00
bitcoin,btc,Bitcoin,62688.51554928853,1255476574921.2798,35025226955.83535,,2026-06-09 10:00:27.131+00
bitcoin,btc,Bitcoin,62762.48564583781,1257706429392.5896,34341796522.776283,,2026-06-09 11:01:09.453+00
bitcoin,btc,Bitcoin,62681.14701021562,1254828884394.301,34439998252.50587,,2026-06-09 12:00:00.318+00
bitcoin,btc,Bitcoin,62538.666070313615,1253329795980.617,31714108973.75095,,2026-06-09 13:00:49.573+00
bitcoin,btc,Bitcoin,62332.828912384895,1249139463883.564,31491964382.8103,,2026-06-09 14:00:21.636+00
bitcoin,btc,Bitcoin,61419.43726564442,1228840765417.1433,33556267725.012115,,2026-06-09 15:00:44.752+00
bitcoin,btc,Bitcoin,61108.39138911923,1223764923996.9631,33384134977.594242,,2026-06-09 16:00:38.378+00
bitcoin,btc,Bitcoin,61363.11019490096,1227591473912.4116,36394659153.78141,,2026-06-09 17:00:28.711+00
bitcoin,btc,Bitcoin,61681.90858983838,1235872234253.0063,37432113283.330894,,2026-06-09 18:00:53.996+00
bitcoin,btc,Bitcoin,61757.899290796486,1237540468126.5857,39050024947.6522,,2026-06-09 19:00:00.683+00
bitcoin,btc,Bitcoin,62024.58648570189,1242474607220.534,40133599167.206474,,2026-06-09 20:01:08.617+00
bitcoin,btc,Bitcoin,62075.32494378098,1243915982601.1887,40493185383.265785,,2026-06-09 21:00:20.122+00
bitcoin,btc,Bitcoin,61678.19932637624,1235925745759.1145,39986775410.48205,,2026-06-09 22:00:18.167+00
bitcoin,btc,Bitcoin,61649.10953241255,1235490910239.9185,40907286157.71864,,2026-06-09 23:00:34.813+00
bitcoin,btc,Bitcoin,61658.28493108778,1235619251709.8699,40351944339.76323,,2026-06-10 00:00:49.563+00
bitcoin,btc,Bitcoin,61839.77059178349,1238087336495.0105,35590843949.55395,,2026-06-10 01:00:41.23+00
bitcoin,btc,Bitcoin,61668.9816840662,1236867351168.691,39224471990.69125,,2026-06-10 02:00:46.372+00
bitcoin,btc,Bitcoin,61292.9080724835,1226948821409.8464,34784324996.22589,,2026-06-10 03:00:48.967+00
bitcoin,btc,Bitcoin,61496.93202019679,1232105595496.1729,39043827886.198105,,2026-06-10 04:00:52.15+00
bitcoin,btc,Bitcoin,61223.551579718725,1226711827029.1885,37630626536.51604,,2026-06-10 05:01:04.945+00
bitcoin,btc,Bitcoin,61303.38099989141,1228762126739.4285,37136505367.702896,,2026-06-10 06:00:27.435+00
bitcoin,btc,Bitcoin,61425.66499549835,1230867299683.7947,36878782454.3302,,2026-06-10 07:00:42.647+00
bitcoin,btc,Bitcoin,61647.38692586603,1235686521672.905,36892830082.419624,,2026-06-10 08:00:42.486+00
bitcoin,btc,Bitcoin,61216.832016828615,1226955711550.9114,36332811877.65614,,2026-06-10 09:01:06.79+00
bitcoin,btc,Bitcoin,61283.353538509014,1228575091694.159,37083498257.378746,,2026-06-10 10:00:14.303+00
bitcoin,btc,Bitcoin,61344.54188670831,1228900898889.6162,32938921258.32129,,2026-06-10 11:00:46.993+00
bitcoin,btc,Bitcoin,60996.128040922595,1222318664042.1863,37371223117.53051,,2026-06-10 12:00:39.627+00
bitcoin,btc,Bitcoin,61584.534192559164,1234877860941.751,37463324043.63415,,2026-06-10 13:00:36.332+00
bitcoin,btc,Bitcoin,62075.453827768506,1244421297002.1484,38211427459.31139,,2026-06-10 14:01:04.066+00
bitcoin,btc,Bitcoin,61980.755226660855,1239269899457.4097,36246411690.99696,,2026-06-10 15:01:05.273+00
bitcoin,btc,Bitcoin,62623.647434555314,1255598074976.8687,35343028343.61833,,2026-06-10 16:00:46.222+00
bitcoin,btc,Bitcoin,62133.14107393966,1243838525869.8623,32588199773.124073,,2026-06-10 17:00:30.129+00
bitcoin,btc,Bitcoin,61927.62470820218,1240408463177.5457,31228889905.18619,,2026-06-10 18:00:42.865+00
bitcoin,btc,Bitcoin,61806.87304374298,1238143751917.4448,29169771681.313698,,2026-06-10 19:00:30.483+00
bitcoin,btc,Bitcoin,61941.027330796045,1241250565526.87,29503451635.871143,,2026-06-10 20:00:18.371+00
bitcoin,btc,Bitcoin,61719.94638874202,1235873923737.9722,29107022849.897587,,2026-06-10 21:00:42.199+00
bitcoin,btc,Bitcoin,61230.51600625681,1226712552865.2268,27937338294.5288,,2026-06-10 22:00:37.845+00
bitcoin,btc,Bitcoin,61356.371009591996,1229862229471.1147,27677366535.73575,,2026-06-10 23:00:12.767+00
bitcoin,btc,Bitcoin,61464.23949995995,1231644986919.7432,26894274640.9804,,2026-06-11 00:00:52.585+00
bitcoin,btc,Bitcoin,61803.34636963933,1238071420708.1516,28096891938.334606,,2026-06-11 01:00:02.338+00
bitcoin,btc,Bitcoin,62171.234316802744,1245550735749.571,27114603611.52225,,2026-06-11 02:00:29.731+00
bitcoin,btc,Bitcoin,62116.95254207385,1245026188025.9026,27904341530.603283,,2026-06-11 03:00:08.321+00
bitcoin,btc,Bitcoin,62662.389097257146,1255806909730.978,29066427682.32216,,2026-06-11 04:00:13.284+00
bitcoin,btc,Bitcoin,62649.995463096144,1256009387742.0002,29921154907.86923,,2026-06-11 05:00:13.383+00
bitcoin,btc,Bitcoin,62583.47363710605,1254578639527.2073,28936081070.201954,,2026-06-11 06:01:00.582+00
bitcoin,btc,Bitcoin,62706.43743519868,1256412442938.0774,29486403764.018787,,2026-06-11 07:00:22.049+00
bitcoin,btc,Bitcoin,62646.07013470698,1255355583709.6414,28596918389.144608,,2026-06-11 08:00:22.576+00
bitcoin,btc,Bitcoin,62860.019279567176,1259711911347.919,29008458509.454456,,2026-06-11 09:00:35.166+00
bitcoin,btc,Bitcoin,62854.72263200298,1259714524458.153,29494421812.20247,,2026-06-11 10:00:39.874+00
bitcoin,btc,Bitcoin,63079.36499333171,1263920644101.533,29968977952.792385,,2026-06-11 11:00:10.193+00
bitcoin,btc,Bitcoin,63058.39424840454,1263777302545.2053,28691524403.710526,,2026-06-11 12:01:03.236+00
bitcoin,btc,Bitcoin,62961.683346341044,1261362934011.772,29276910376.16438,,2026-06-11 13:00:49.224+00
bitcoin,btc,Bitcoin,62989.67386103632,1262113367900.447,29649368260.855606,,2026-06-11 14:00:07.346+00
bitcoin,btc,Bitcoin,62721.453316968335,1257585127541.2903,29692574012.99051,,2026-06-11 15:00:46.762+00
bitcoin,btc,Bitcoin,62640.73151783662,1255417856262.2434,28655530716.475903,,2026-06-11 16:00:51.421+00
bitcoin,btc,Bitcoin,62522.238666573896,1253086894729.114,27839813901.613747,,2026-06-11 17:00:19.374+00
bitcoin,btc,Bitcoin,63428.66958227789,1271201875713.0474,29876340485.618935,,2026-06-11 18:00:14.142+00
bitcoin,btc,Bitcoin,63430.60629621195,1271607531228.242,30349819572.448414,,2026-06-11 19:00:30.271+00
bitcoin,btc,Bitcoin,63576.83681249627,1274190580100.221,30257489877.283104,,2026-06-11 20:00:18.284+00
bitcoin,btc,Bitcoin,63331.14667252403,1269249297557.0183,30505001235.562824,,2026-06-11 21:00:14.034+00
bitcoin,btc,Bitcoin,63428.355598163755,1271170406955.3083,30069857575.429752,,2026-06-11 22:00:44.172+00
bitcoin,btc,Bitcoin,63477.65630121868,1272494116161.0903,30267763001.454388,,2026-06-11 23:00:49.56+00
bitcoin,btc,Bitcoin,63552.30087011473,1273718877820.8484,30075017169.00082,,2026-06-12 00:00:25.651+00
bitcoin,btc,Bitcoin,63580.00819320512,1274993117021.6956,30700519865.329685,,2026-06-12 01:00:22.501+00
bitcoin,btc,Bitcoin,63342.485741978475,1269339461071.141,30288591557.329338,,2026-06-12 02:00:40.01+00
bitcoin,btc,Bitcoin,63506.29080858776,1272750968186.7795,30351764590.682972,,2026-06-12 03:00:04.089+00
bitcoin,btc,Bitcoin,63434.98694269971,1271347315579.0796,28499721095.005096,,2026-06-12 04:00:52.892+00
bitcoin,btc,Bitcoin,63619.2683507374,1275034266216.0457,29501945053.9868,,2026-06-12 05:00:29.279+00
bitcoin,btc,Bitcoin,63292.28300432518,1268691909268.3547,29854487357.431934,,2026-06-12 06:00:57.605+00
bitcoin,btc,Bitcoin,62906.10966879114,1260189419069.3152,29353945994.354675,,2026-06-12 07:00:24.873+00
bitcoin,btc,Bitcoin,63021.359958826964,1262448646510.4592,30242141263.469803,,2026-06-12 08:00:27.651+00
bitcoin,btc,Bitcoin,63389.801358006895,1270504531704.626,29148048900.173885,,2026-06-12 09:01:00.064+00
bitcoin,btc,Bitcoin,63724.00769013387,1277576444711.0127,29955062295.653984,,2026-06-12 10:00:03.081+00
bitcoin,btc,Bitcoin,63636.603117999526,1275203274693.6677,31042490960.34866,,2026-06-12 11:01:02.043+00
bitcoin,btc,Bitcoin,63730.623656376774,1277696992271.1885,28993341136.896328,,2026-06-12 12:00:46.079+00
bitcoin,btc,Bitcoin,63405.206177959175,1270479916541.2083,29444572703.54519,,2026-06-12 13:00:53.494+00
bitcoin,btc,Bitcoin,63105.325352929416,1263992142179.6267,29007789762.097626,,2026-06-12 14:00:55.295+00
bitcoin,btc,Bitcoin,63898.78747971838,1279722024764.587,30012577449.70678,,2026-06-12 15:01:00.314+00
bitcoin,btc,Bitcoin,63625.06317356082,1275534408048.8713,31238617225.640114,,2026-06-12 16:00:56.109+00
bitcoin,btc,Bitcoin,63917.73346484142,1280536763249.09,31211626658.267307,,2026-06-12 17:00:56.789+00
bitcoin,btc,Bitcoin,63811.24925829858,1278690541024.3765,30033982675.156715,,2026-06-12 18:00:14.416+00
bitcoin,btc,Bitcoin,63677.0960776868,1277084184529.1216,29365572058.934742,,2026-06-12 19:00:41.09+00
bitcoin,btc,Bitcoin,63582.806131574594,1274318912077.1372,27626365532.441948,,2026-06-12 20:00:54.562+00
bitcoin,btc,Bitcoin,63427.61776228317,1270938406983.036,27654533599.18116,,2026-06-12 21:00:42.966+00
bitcoin,btc,Bitcoin,63453.028203198715,1271562093668.4807,27697365842.193512,,2026-06-12 22:01:12.098+00
bitcoin,btc,Bitcoin,63474.25336205742,1272148731279.7297,28605379981.620632,,2026-06-12 23:00:06.592+00
bitcoin,btc,Bitcoin,63532.49559512626,1273335583670.5435,27890220902.84803,,2026-06-13 00:00:25.891+00
bitcoin,btc,Bitcoin,63597.02203692289,1274522477827.755,27348543031.38551,,2026-06-13 01:00:45.16+00
bitcoin,btc,Bitcoin,63775.20757588661,1278122444804.7354,27119319304.054073,,2026-06-13 02:00:12.531+00
bitcoin,btc,Bitcoin,63608.14534923633,1274063671949.4268,26849360930.012856,,2026-06-13 03:00:55.042+00
bitcoin,btc,Bitcoin,63505.788873048805,1272905254646.0771,26988949597.031452,,2026-06-13 04:00:29.678+00
bitcoin,btc,Bitcoin,63487.16345110324,1273639492953.3845,26410402972.630558,,2026-06-13 05:00:04.079+00
bitcoin,btc,Bitcoin,63513.93729161154,1272912733200.9111,26275121427.724415,,2026-06-13 06:01:06.09+00
bitcoin,btc,Bitcoin,63694.29154869962,1276367482777.424,25788629335.69943,,2026-06-13 07:01:09.276+00
bitcoin,btc,Bitcoin,63781.418199130865,1278308019560.3582,24545369781.17679,,2026-06-13 08:00:26.846+00
bitcoin,btc,Bitcoin,63779.54391634056,1278181359264.6118,24130020739.228912,,2026-06-13 09:00:36.73+00
bitcoin,btc,Bitcoin,63717.365517844344,1277086942249.7,23429604465.507217,,2026-06-13 10:01:07.063+00
bitcoin,btc,Bitcoin,63796.66628118353,1278433095551.05,22624623537.99819,,2026-06-13 11:01:09.161+00
bitcoin,btc,Bitcoin,63926.68507690926,1280818780077.2363,22566978831.21114,,2026-06-13 12:01:01.945+00
bitcoin,btc,Bitcoin,64126.18861050401,1285500199585.8057,22477117051.37717,,2026-06-13 13:00:36.067+00
bitcoin,btc,Bitcoin,64060.27402849239,1283545198508.582,22418223969.0595,,2026-06-13 14:00:51.062+00
bitcoin,btc,Bitcoin,64184.39547780278,1286475989834.8735,20539968863.79592,,2026-06-13 15:00:17.22+00
bitcoin,btc,Bitcoin,64270.750199011265,1288112654233.854,18206549926.42191,,2026-06-13 16:00:57.389+00
bitcoin,btc,Bitcoin,63964.556061772084,1282159368306.7812,18940786252.94306,,2026-06-13 17:00:09.304+00
bitcoin,btc,Bitcoin,63944.08714863861,1281465497287.548,18670245926.987377,,2026-06-13 18:00:09.461+00
bitcoin,btc,Bitcoin,64115.78119423838,1284968905172.6494,17684969113.66242,,2026-06-13 19:00:42.046+00
bitcoin,btc,Bitcoin,64278.03702009804,1288394890876.4863,17411032441.332897,,2026-06-13 20:00:44.188+00
bitcoin,btc,Bitcoin,64246.54794773648,1287603962585.683,17231554576.319828,,2026-06-13 21:00:41.682+00
bitcoin,btc,Bitcoin,64449.72820590796,1292166583624.1846,18279739264.722393,,2026-06-13 22:00:41.933+00
bitcoin,btc,Bitcoin,64437.99982792179,1291546194319.9507,17417662170.274048,,2026-06-13 23:00:45.275+00
bitcoin,btc,Bitcoin,64415.22089619007,1290893015744.259,17498661749.40878,,2026-06-14 00:00:30.014+00
bitcoin,btc,Bitcoin,64514.75328561332,1292960054434.5664,18222409920.5123,,2026-06-14 01:00:50.14+00
bitcoin,btc,Bitcoin,64561.23046799117,1294499050779.748,17787907895.830257,,2026-06-14 02:00:23.345+00
bitcoin,btc,Bitcoin,64472.06685587077,1292204090463.3064,17732859674.229183,,2026-06-14 03:00:48.145+00
bitcoin,btc,Bitcoin,64510.53014880548,1292829168254.5388,18401934725.804775,,2026-06-14 04:00:33.456+00
bitcoin,btc,Bitcoin,64353.64117555976,1289821263397.9836,17791017614.105995,,2026-06-14 05:00:38.003+00
bitcoin,btc,Bitcoin,64331.793700305214,1289287650717.4258,17400249970.569588,,2026-06-14 06:00:30.501+00
bitcoin,btc,Bitcoin,64253.568988831044,1287730247015.2603,18687672571.20528,,2026-06-14 07:00:38.908+00
bitcoin,btc,Bitcoin,64397.3738759612,1290699552270.2363,18780545473.12691,,2026-06-14 08:00:45.637+00
bitcoin,btc,Bitcoin,64425.782631157344,1291487786444.4875,18027222867.424946,,2026-06-14 09:00:45.567+00
bitcoin,btc,Bitcoin,64574.26111468874,1294180314686.0374,17973117984.587337,,2026-06-14 10:00:16.426+00
bitcoin,btc,Bitcoin,64492.72780715823,1292779182644.1929,18522039255.708366,,2026-06-14 11:00:37.512+00
bitcoin,btc,Bitcoin,64524.82045656817,1293426332175.0654,17866821275.567646,,2026-06-14 12:00:23.897+00
bitcoin,btc,Bitcoin,64294.67183468997,1288627046098.1692,17105982025.395994,,2026-06-14 13:00:46.571+00
bitcoin,btc,Bitcoin,64287.823273260045,1288547824856.9866,16726554687.230736,,2026-06-14 14:00:51.313+00
bitcoin,btc,Bitcoin,63922.43468259581,1281166542053.202,17589297265.707092,,2026-06-14 15:00:19.336+00
bitcoin,btc,Bitcoin,64006.579338015246,1283046215735.9734,18170591327.301056,,2026-06-14 16:00:34.62+00
bitcoin,btc,Bitcoin,63917.72656499487,1281265223800.41,16606186409.158642,,2026-06-14 17:00:53.813+00
bitcoin,btc,Bitcoin,63691.244044291685,1276440570714.104,17200861525.593914,,2026-06-14 18:00:15.879+00
bitcoin,btc,Bitcoin,63774.73223241228,1277986347461.278,17152376278.559813,,2026-06-14 19:00:34.301+00
bitcoin,btc,Bitcoin,63759.51013798688,1277913690235.2817,16237047028.666521,,2026-06-14 20:00:11.965+00
bitcoin,btc,Bitcoin,63987.738180436216,1282778565711.5647,16426284403.35928,,2026-06-14 21:00:37.554+00
bitcoin,btc,Bitcoin,65311.25348726413,1309229783645.9575,20051074348.186028,,2026-06-14 22:00:42.156+00
bitcoin,btc,Bitcoin,65347.35215463668,1310550606886.7524,21832056200.82116,,2026-06-14 23:00:48.515+00
bitcoin,btc,Bitcoin,65713.6235604093,1317085172262.3992,22887575559.512203,,2026-06-15 00:00:34.363+00
bitcoin,btc,Bitcoin,65593.97025078039,1314519442652.8938,23117835118.115356,,2026-06-15 01:00:38.725+00
bitcoin,btc,Bitcoin,65460.46466949333,1311976772068.3271,23256669382.520496,,2026-06-15 02:00:05.51+00
bitcoin,btc,Bitcoin,65412.919906986936,1311054796252.1616,23411190428.65575,,2026-06-15 03:00:43.746+00
bitcoin,btc,Bitcoin,65874.8516420869,1321005569581.4983,24628088458.60504,,2026-06-15 04:00:56.768+00
bitcoin,btc,Bitcoin,65624.31317183514,1315275920987.9219,24813110486.87043,,2026-06-15 05:00:31.102+00
bitcoin,btc,Bitcoin,65811.95187227325,1318970239035.6174,25182892339.394688,,2026-06-15 06:00:31.084+00
bitcoin,btc,Bitcoin,65789.45846041392,1319310083080.1597,24947892676.92827,,2026-06-15 07:00:43.167+00
bitcoin,btc,Bitcoin,65620.13052244934,1315221191915.3176,26318464277.800903,,2026-06-15 08:01:15.86+00
bitcoin,btc,Bitcoin,65647.1556706323,1315764696145.3596,25895012524.059765,,2026-06-15 09:00:27.143+00
bitcoin,btc,Bitcoin,65547.09575903144,1313741275815.4683,26361245507.053257,,2026-06-15 10:01:10.084+00
bitcoin,btc,Bitcoin,65859.39810736204,1320016820898.2705,24853797677.810177,,2026-06-15 11:00:25.139+00
bitcoin,btc,Bitcoin,66176.6769963115,1326548521081.658,28956400481.33757,,2026-06-15 12:01:13.461+00
bitcoin,btc,Bitcoin,66529.06791842816,1333435026064.144,30672494105.195755,,2026-06-15 13:00:04.561+00
bitcoin,btc,Bitcoin,66428.78654700873,1331197099125.5762,32426657974.500637,,2026-06-15 14:01:11.642+00
bitcoin,btc,Bitcoin,66586.24781846616,1335135150284.5605,33652762532.3353,,2026-06-15 15:00:18.967+00
bitcoin,btc,Bitcoin,67203.74322201993,1346998568498.7656,34644887260.5046,,2026-06-15 16:00:25.207+00
bitcoin,btc,Bitcoin,67153.08380931441,1345891267470.9438,35638863507.25581,,2026-06-15 17:00:47.846+00
bitcoin,btc,Bitcoin,66828.6012908173,1339444300268.53,36799500913.19533,,2026-06-15 18:01:14.485+00
bitcoin,btc,Bitcoin,66769.46335691397,1338884330347.0227,37413883606.26227,,2026-06-15 19:00:50.796+00
bitcoin,btc,Bitcoin,66550.76685016969,1335085348554.1587,39083643135.70449,,2026-06-15 20:00:32.991+00
bitcoin,btc,Bitcoin,66491.03224606764,1332715282812.3564,38961712274.23712,,2026-06-15 21:00:57.389+00
bitcoin,btc,Bitcoin,66344.9252660968,1329893041534.4055,35455552376.856926,,2026-06-15 22:00:15.822+00
bitcoin,btc,Bitcoin,66179.29479665706,1326455574552.6328,33969937662.337177,,2026-06-15 23:00:30.217+00
bitcoin,btc,Bitcoin,66300.03552398227,1328868744504.0408,33210629171.648228,,2026-06-16 00:00:47.7+00
bitcoin,btc,Bitcoin,66234.34991001834,1328239258875.6406,32678456394.81139,,2026-06-16 01:00:48.556+00
bitcoin,btc,Bitcoin,66304.20148317334,1329072165126.4946,31382217527.44344,,2026-06-16 02:00:16.641+00
bitcoin,btc,Bitcoin,65679.58893459836,1316671451139.737,32037266272.210125,,2026-06-16 03:00:42.8+00
bitcoin,btc,Bitcoin,66107.3904460563,1324180197681.4863,31704197656.736965,,2026-06-16 04:00:18.135+00
bitcoin,btc,Bitcoin,65832.02266577541,1319302365695.745,31732628649.015564,,2026-06-16 05:00:05.936+00
bitcoin,btc,Bitcoin,66041.37651002446,1323693549605.1938,31873907759.60128,,2026-06-16 06:00:28.169+00
bitcoin,btc,Bitcoin,66420.43661274928,1331300417863.577,32025169317.01374,,2026-06-16 07:00:55.717+00
bitcoin,btc,Bitcoin,66330.87359644237,1329167117363.6128,31838364017.01724,,2026-06-16 08:00:51.48+00
bitcoin,btc,Bitcoin,66894.71556610646,1340466124249.3784,32474842527.82297,,2026-06-16 09:00:57.275+00
bitcoin,btc,Bitcoin,66478.07109056243,1333193103396.2583,33150097636.913097,,2026-06-16 10:00:41.754+00
bitcoin,btc,Bitcoin,66456.89263167174,1332744545403.4297,33034407326.270496,,2026-06-16 11:00:50.859+00
bitcoin,btc,Bitcoin,66415.61928528006,1330679359130.367,31639146618.711555,,2026-06-16 12:00:41.643+00
bitcoin,btc,Bitcoin,66378.38209679187,1330016607725.1616,30974089809.879623,,2026-06-16 13:00:52.764+00
bitcoin,btc,Bitcoin,66044.09472728668,1324007132481.0388,30018929746.99588,,2026-06-16 14:00:33.591+00
bitcoin,btc,Bitcoin,65615.21176154546,1315427243886.2004,30350268220.91917,,2026-06-16 15:00:57.862+00
bitcoin,btc,Bitcoin,65856.94616022993,1321128357908.9211,29878966129.682404,,2026-06-16 16:00:04.518+00
bitcoin,btc,Bitcoin,65724.78187447831,1316944447053.4417,28018330625.05674,,2026-06-16 17:00:48.276+00
bitcoin,btc,Bitcoin,65887.3354905345,1320880161662.0442,27626573180.969738,,2026-06-16 18:00:32.622+00
bitcoin,btc,Bitcoin,65792.27027664907,1318805743552.4119,27007387988.38777,,2026-06-16 19:00:37.769+00
bitcoin,btc,Bitcoin,65562.40822818082,1313717545394.026,26755386548.111336,,2026-06-16 20:00:45.962+00
bitcoin,btc,Bitcoin,65791.43457939313,1318693175111.3962,26497333156.070076,,2026-06-16 21:00:36.927+00
bitcoin,btc,Bitcoin,65712.0073438524,1317365895098.3147,26429112353.67412,,2026-06-16 22:00:39.287+00
bitcoin,btc,Bitcoin,65716.96186335573,1316852368461.9338,25826774401.921165,,2026-06-16 23:00:24.814+00
bitcoin,btc,Bitcoin,65606.96732060197,1314647072684.9172,25820349154.221188,,2026-06-17 00:00:33.673+00
bitcoin,btc,Bitcoin,65697.03531324727,1316901897564.6106,26141944583.767227,,2026-06-17 01:00:27.486+00
bitcoin,btc,Bitcoin,65872.4798591013,1319933510090.5234,25457311803.34745,,2026-06-17 02:00:42.355+00
bitcoin,btc,Bitcoin,65846.91715363193,1319838090763.4587,25192160007.85163,,2026-06-17 03:01:06.693+00
bitcoin,btc,Bitcoin,65750.37281615617,1317888872330.0217,25119953433.197727,,2026-06-17 04:00:13.793+00
bitcoin,btc,Bitcoin,65841.73204515975,1320488771222.3037,25604336023.098614,,2026-06-17 05:00:29.934+00
bitcoin,btc,Bitcoin,65771.89595947663,1317874882534.0718,25455545200.839355,,2026-06-17 06:01:07.828+00
bitcoin,btc,Bitcoin,65555.14979706943,1313907803789.8452,24226139041.187145,,2026-06-17 07:00:04.024+00
bitcoin,btc,Bitcoin,65469.460950432134,1312025331275.121,25239541984.9707,,2026-06-17 08:01:10.623+00
bitcoin,btc,Bitcoin,64890.84924045815,1300845872420.7366,25051800489.19174,,2026-06-17 09:01:13.115+00
bitcoin,btc,Bitcoin,64822.102006656045,1299262422131.3293,25292316197.89888,,2026-06-17 10:00:22.147+00
bitcoin,btc,Bitcoin,64724.80750993822,1297464697841.74,24947167229.512306,,2026-06-17 11:00:16.555+00
bitcoin,btc,Bitcoin,64774.91599569361,1298336827318.5425,25435305509.53916,,2026-06-17 12:00:21.977+00
bitcoin,btc,Bitcoin,64967.98785803342,1302186484617.8733,25632383618.157818,,2026-06-17 13:00:22.952+00
bitcoin,btc,Bitcoin,65219.99577953564,1307707184851.8242,25301452104.940807,,2026-06-17 14:00:33.768+00
bitcoin,btc,Bitcoin,65065.51501590257,1304188601318.4617,25209054043.642925,,2026-06-17 15:00:10.387+00
bitcoin,btc,Bitcoin,65672.10190013683,1316443999817.8367,24821269920.051453,,2026-06-17 16:00:54.645+00
bitcoin,btc,Bitcoin,65834.73375345417,1320316855613.556,26051173853.41354,,2026-06-17 17:00:59.045+00
bitcoin,btc,Bitcoin,65994.5858308102,1322793907118.9192,26244077127.35541,,2026-06-17 18:00:21.765+00
bitcoin,btc,Bitcoin,65446.44021870849,1311817146166.231,29447103094.368603,,2026-06-17 19:00:34.005+00
bitcoin,btc,Bitcoin,64181.05545225444,1286392787938.387,30266624847.700752,,2026-06-17 20:00:50.739+00
bitcoin,btc,Bitcoin,64356.15614101028,1288303135922.1306,32014260015.33646,,2026-06-17 21:00:16.056+00
bitcoin,btc,Bitcoin,64204.80170033092,1286638786542.2117,31548867479.84444,,2026-06-17 22:00:02.226+00
bitcoin,btc,Bitcoin,64280.19828331087,1288699788722.0554,32728051535.43581,,2026-06-17 23:00:33.293+00
bitcoin,btc,Bitcoin,64422.57366477588,1291258235600.5845,32345181752.593975,,2026-06-18 00:00:31.044+00
bitcoin,btc,Bitcoin,64415.3448923168,1291160704194.5132,32530103317.88448,,2026-06-18 01:00:53.977+00
bitcoin,btc,Bitcoin,64498.0596375187,1292785914315.326,32433399881.871117,,2026-06-18 02:00:37.24+00
bitcoin,btc,Bitcoin,64648.40575953906,1295782282698.2366,32556540079.074345,,2026-06-18 03:00:32.284+00
bitcoin,btc,Bitcoin,64231.04408260966,1287546447964.6162,32691098373.125698,,2026-06-18 04:00:41.831+00
bitcoin,btc,Bitcoin,63883.22849894649,1280689339015.9658,32996671252.9906,,2026-06-18 05:00:45.597+00
bitcoin,btc,Bitcoin,63928.438252364365,1281295247951.151,33276972518.780434,,2026-06-18 06:01:06.245+00
bitcoin,btc,Bitcoin,64040.80792898535,1283629968971.9265,33445297659.020565,,2026-06-18 07:00:41.136+00
bitcoin,btc,Bitcoin,64426.68374055879,1291247080535.6248,33957588161.43284,,2026-06-18 08:00:50.267+00
bitcoin,btc,Bitcoin,64351.66443233458,1290417398320.4863,32076906819.789913,,2026-06-18 09:00:45.568+00
bitcoin,btc,Bitcoin,64156.527564594006,1286099172384.0974,32805608103.22889,,2026-06-18 10:00:53.83+00
bitcoin,btc,Bitcoin,64060.324493329135,1284502754226.8818,33351131618.58293,,2026-06-18 11:00:22.284+00
bitcoin,btc,Bitcoin,63915.19857732089,1280631088301.7034,31601885857.15308,,2026-06-18 12:00:56.469+00
bitcoin,btc,Bitcoin,64309.78028980231,1288861091665.577,31798463014.292305,,2026-06-18 13:00:43.173+00
bitcoin,btc,Bitcoin,63854.8919952108,1282388910888.5415,33654165060.06362,,2026-06-18 14:00:42.798+00
bitcoin,btc,Bitcoin,63773.94493559738,1275162828951.0532,33903685176.770947,,2026-06-18 15:01:08.483+00
bitcoin,btc,Bitcoin,62303.962298981154,1251475045689.0725,35064222319.42511,,2026-06-18 16:00:51.194+00
bitcoin,btc,Bitcoin,62623.496621262675,1255298408336.1768,34598034952.10235,,2026-06-18 17:00:32.66+00
bitcoin,btc,Bitcoin,62504.71283524252,1252404460849.1465,35853116882.972824,,2026-06-18 18:00:44.891+00
bitcoin,btc,Bitcoin,62612.25853715704,1255025278850.528,33807274527.75176,,2026-06-18 19:00:57.232+00
bitcoin,btc,Bitcoin,62910.5015748242,1260939503640.9346,30868379694.52588,,2026-06-18 20:00:59.102+00
bitcoin,btc,Bitcoin,63029.59478538174,1263612417044.7664,31079417125.548374,,2026-06-18 21:00:51.672+00
bitcoin,btc,Bitcoin,62923.544491029694,1261232536575.8564,30617153983.57293,,2026-06-18 22:00:17.431+00
bitcoin,btc,Bitcoin,62822.605621537536,1259263949732.5469,30889261351.581142,,2026-06-18 23:00:41.019+00
bitcoin,btc,Bitcoin,62900.22709317204,1260907043905.3882,31279738052.083103,,2026-06-19 00:00:59.81+00
bitcoin,btc,Bitcoin,62929.92898531401,1261383424597.0781,30310214170.59072,,2026-06-19 01:00:58.286+00
bitcoin,btc,Bitcoin,62964.79135675775,1261990911866.7478,30197866736.91471,,2026-06-19 02:00:13.643+00
bitcoin,btc,Bitcoin,62942.36428294927,1261373475128.1133,30266376247.830475,,2026-06-19 03:00:22.308+00
bitcoin,btc,Bitcoin,62719.4992006861,1257529930467.5303,30460036223.130905,,2026-06-19 04:00:05.338+00
bitcoin,btc,Bitcoin,62384.21561780186,1250146715433.5007,29609903449.575863,,2026-06-19 05:00:44.997+00
bitcoin,btc,Bitcoin,62673.439793011086,1256219106005.1775,28797971801.99967,,2026-06-19 06:00:16.423+00
bitcoin,btc,Bitcoin,62850.70648920113,1259326660953.3855,27965043247.679104,,2026-06-19 07:00:43.149+00
bitcoin,btc,Bitcoin,62557.954778312,1254082914362.6155,29445880065.90949,,2026-06-19 08:00:06.691+00
bitcoin,btc,Bitcoin,62524.43579013089,1253632773992.1243,28324194193.833252,,2026-06-19 09:00:38.737+00
bitcoin,btc,Bitcoin,62348.91122269732,1249430937377.783,29346141539.400238,,2026-06-19 10:00:17.095+00
bitcoin,btc,Bitcoin,62487.998579343024,1253049312355.7737,29631770625.777466,,2026-06-19 11:00:45.434+00
bitcoin,btc,Bitcoin,62577.202538005855,1254323428685.1367,29634705863.241714,,2026-06-19 12:00:43.57+00
bitcoin,btc,Bitcoin,62729.45075831364,1257160289276.5256,30155246076.9048,,2026-06-19 13:00:59.26+00
bitcoin,btc,Bitcoin,63175.98074164291,1266372682015.7104,30050368343.321632,,2026-06-19 14:00:48.772+00
bitcoin,btc,Bitcoin,63148.3861884272,1266184311900.806,27646947141.594463,,2026-06-19 15:00:40.33+00
bitcoin,btc,Bitcoin,63159.432954581534,1266635381992.3328,26446246325.468086,,2026-06-19 16:00:27.113+00
bitcoin,btc,Bitcoin,62934.94732450514,1261620385699.2522,23728587797.301987,,2026-06-19 17:00:14.41+00
bitcoin,btc,Bitcoin,63148.481990645334,1265307173041.9126,23496749288.367203,,2026-06-19 18:00:43.431+00
bitcoin,btc,Bitcoin,63042.82637725984,1262934132546.6394,24722275442.5187,,2026-06-19 19:00:56.736+00
bitcoin,btc,Bitcoin,62959.09109524105,1262732541169.8604,24252117976.92597,,2026-06-19 20:01:14.325+00
bitcoin,btc,Bitcoin,63195.2284343016,1265997183536.6536,22224017759.088856,,2026-06-19 21:00:20.968+00
bitcoin,btc,Bitcoin,63012.32825754403,1263144454675.992,22369365518.449425,,2026-06-19 22:00:56.646+00
bitcoin,btc,Bitcoin,63266.15709765246,1268504548403.512,21521550011.085114,,2026-06-19 23:00:37.422+00
bitcoin,btc,Bitcoin,63513.65867862926,1268758066935.9958,23172898934.025856,,2026-06-20 00:01:09.957+00
bitcoin,btc,Bitcoin,63496.158339193826,1273075063757.9695,22398387211.429714,,2026-06-20 01:00:05.538+00
bitcoin,btc,Bitcoin,63510.90036668932,1273339466171.176,21816147115.71307,,2026-06-20 02:01:04.043+00
bitcoin,btc,Bitcoin,63304.890670990404,1268850012965.094,22381569869.519802,,2026-06-20 03:00:49.56+00
bitcoin,btc,Bitcoin,63379.40256078363,1270458237823.4583,21982866017.123177,,2026-06-20 04:00:25.869+00
bitcoin,btc,Bitcoin,63502.82002490304,1273052674883.3242,20639686365.93182,,2026-06-20 05:00:14.95+00
bitcoin,btc,Bitcoin,63616.95037618205,1275220968757.8044,21014501889.913456,,2026-06-20 06:00:56.484+00
bitcoin,btc,Bitcoin,63681.380836533914,1276217103445.2734,21096824120.600132,,2026-06-20 07:00:34.888+00
bitcoin,btc,Bitcoin,63621.05910459087,1275790968528.3267,21519114461.28182,,2026-06-20 08:00:37.514+00
bitcoin,btc,Bitcoin,63351.08268255933,1269870545059.841,20804358966.356205,,2026-06-20 09:00:52.239+00
bitcoin,btc,Bitcoin,63679.2308895568,1276920529487.4749,20880797446.566395,,2026-06-20 10:00:38.24+00
bitcoin,btc,Bitcoin,63606.56270077006,1274897777542.9607,20175429827.245247,,2026-06-20 11:00:47.901+00
bitcoin,btc,Bitcoin,63619.35732609742,1275280753830.4094,20278111785.002407,,2026-06-20 12:00:09.287+00
bitcoin,btc,Bitcoin,63585.73091015975,1274606887827.1755,17185463343.38366,,2026-06-20 13:00:49.169+00
bitcoin,btc,Bitcoin,63362.43392790553,1270080363368.9275,18992665608.67119,,2026-06-20 14:00:26.396+00
bitcoin,btc,Bitcoin,63894.21615280764,1280375762505.3816,17937186610.96506,,2026-06-20 15:01:04.239+00
bitcoin,btc,Bitcoin,64062.833768911434,1284192134804.7463,19406980217.16372,,2026-06-20 16:00:45.439+00
bitcoin,btc,Bitcoin,63943.04118715367,1281657690452.0142,18671879590.08775,,2026-06-20 17:00:24.886+00
bitcoin,btc,Bitcoin,63784.922563789114,1278604093467.8052,16898645857.630903,,2026-06-20 18:00:55.21+00
bitcoin,btc,Bitcoin,63725.97689907947,1277338482296.6562,18804395392.04011,,2026-06-20 19:00:48.292+00
bitcoin,btc,Bitcoin,63853.1671355726,1279976770006.1714,17427104642.041946,,2026-06-20 20:00:33.127+00
bitcoin,btc,Bitcoin,63848.028045326435,1279848382061.9011,17476001775.332104,,2026-06-20 21:00:48.639+00
bitcoin,btc,Bitcoin,63934.59027569325,1281558018814.7295,17807215690.56981,,2026-06-20 22:00:41.295+00
bitcoin,btc,Bitcoin,64230.359598341056,1287484805719.2664,18172575777.46981,,2026-06-20 23:00:08.45+00
bitcoin,btc,Bitcoin,64240.23278038838,1287768457406.0122,17171401473.160103,,2026-06-21 00:01:14.526+00
bitcoin,btc,Bitcoin,64217.24097636916,1287228375557.7522,16889507655.693764,,2026-06-21 01:01:02.626+00
bitcoin,btc,Bitcoin,64191.186350054384,1286802143894.4907,17411835867.23598,,2026-06-21 02:00:11.967+00
bitcoin,btc,Bitcoin,64186.60079332979,1286661881839.4612,17735576070.526833,,2026-06-21 03:00:08.248+00
bitcoin,btc,Bitcoin,64362.421773695045,1290203324537.1252,16951665209.789505,,2026-06-21 04:00:37.868+00
bitcoin,btc,Bitcoin,64210.079461463036,1287382941452.0962,18495859268.31273,,2026-06-21 05:01:11.776+00
bitcoin,btc,Bitcoin,64182.552305195,1286606914321.964,16499134821.244066,,2026-06-21 06:00:19.8+00
bitcoin,btc,Bitcoin,64221.92326540055,1287424305195.2898,16595577413.533613,,2026-06-21 07:01:11.108+00
bitcoin,btc,Bitcoin,64127.25467229687,1285469195861.322,17430943947.70096,,2026-06-21 08:00:29.155+00
bitcoin,btc,Bitcoin,63926.36278043242,1281142138683.8738,16657092101.151012,,2026-06-21 09:00:32.606+00
bitcoin,btc,Bitcoin,64135.487232232656,1285732022112.4858,16523511176.09798,,2026-06-21 10:00:32.905+00
bitcoin,btc,Bitcoin,64279.45257624553,1288402786448.6423,16846444409.87409,,2026-06-21 11:00:23.06+00
bitcoin,btc,Bitcoin,64075.9827674072,1284391641320.4558,16580562660.649382,,2026-06-21 12:00:36.305+00
bitcoin,btc,Bitcoin,64121.742128811944,1285379851286.9233,18236691958.177113,,2026-06-21 13:00:54.665+00
bitcoin,btc,Bitcoin,64040.79854664274,1283664308093.7886,17208408443.06408,,2026-06-21 14:00:06.712+00
bitcoin,btc,Bitcoin,64049.07486151821,1284103116564.3896,16317177352.701721,,2026-06-21 15:00:32.75+00
bitcoin,btc,Bitcoin,64164.14040212614,1286199485738.8958,14470390025.019764,,2026-06-21 16:00:51.287+00
bitcoin,btc,Bitcoin,64073.09375345309,1284566604633.056,14382153228.212933,,2026-06-21 17:00:24.195+00
bitcoin,btc,Bitcoin,64106.015938391814,1285056726120.6963,13935215949.147488,,2026-06-21 18:00:29.826+00
bitcoin,btc,Bitcoin,64104.840705353294,1285153917190.571,14168700404.306442,,2026-06-21 19:00:10.718+00
bitcoin,btc,Bitcoin,64143.29569438601,1285829455887.284,15320399695.087452,,2026-06-21 20:00:12.913+00
bitcoin,btc,Bitcoin,63752.068770525155,1277495074622.524,14884402718.752552,,2026-06-21 21:00:23.217+00
bitcoin,btc,Bitcoin,63736.59228664353,1277643994963.1702,15463123840.217361,,2026-06-21 22:00:12.888+00
bitcoin,btc,Bitcoin,63730.37118386725,1277733158668.8955,15617493016.642418,,2026-06-21 23:00:19.124+00
bitcoin,btc,Bitcoin,63231.86958363731,1267530073395.4507,16735692356.85876,,2026-06-22 00:00:48.001+00
bitcoin,btc,Bitcoin,63773.22019447084,1278214138292.149,17761555263.5839,,2026-06-22 01:00:50.192+00
bitcoin,btc,Bitcoin,64510.52230449925,1293192157113.403,18336970457.928097,,2026-06-22 02:01:15.288+00
bitcoin,btc,Bitcoin,64200.788144693484,1287396621619.6536,18447363810.479057,,2026-06-22 03:01:06.137+00
bitcoin,btc,Bitcoin,63898.787155602484,1280932967550.8804,17275522698.59536,,2026-06-22 04:00:26.402+00
bitcoin,btc,Bitcoin,64016.58324267139,1282955061038.8215,19309745413.97308,,2026-06-22 05:00:27.836+00
bitcoin,btc,Bitcoin,64154.72982336872,1285910246539.7073,19957046300.05778,,2026-06-22 06:01:19.697+00
bitcoin,btc,Bitcoin,63940.26315995606,1281091467909.4536,19900775079.564117,,2026-06-22 07:00:09.052+00
bitcoin,btc,Bitcoin,64134.651134027,1285656748962.178,20866507588.780323,,2026-06-22 08:00:04.601+00
bitcoin,btc,Bitcoin,64087.37042490323,1284416695551.0332,19562204948.073814,,2026-06-22 09:00:47.268+00
bitcoin,btc,Bitcoin,64055.179036193535,1284184469140.706,19931646704.130333,,2026-06-22 10:01:12.085+00
bitcoin,btc,Bitcoin,64068.498384986066,1284376686755.9636,19968184468.004467,,2026-06-22 11:00:51.388+00
bitcoin,btc,Bitcoin,64594.71350884732,1294334306122.024,20580924987.280235,,2026-06-22 12:00:54.969+00
bitcoin,btc,Bitcoin,65095.257315744195,1304831819077.4233,22825428160.42662,,2026-06-22 13:00:41.538+00
bitcoin,btc,Bitcoin,65468.626564180355,1312313689202.6907,24255517016.475857,,2026-06-22 14:00:40.441+00
bitcoin,btc,Bitcoin,64888.927469478935,1300266837823.5159,26057974256.53934,,2026-06-22 15:00:31.274+00
bitcoin,btc,Bitcoin,64754.92452119641,1297630166964.455,25867492229.06084,,2026-06-22 16:01:11.989+00
bitcoin,btc,Bitcoin,64683.704578473276,1296666054041.377,26072241875.32991,,2026-06-22 17:00:27.748+00
bitcoin,btc,Bitcoin,64556.49952209388,1294314063432.45,27372315792.639305,,2026-06-22 18:00:26.444+00
bitcoin,btc,Bitcoin,64301.39877649407,1289014876175.2917,26783022727.976364,,2026-06-22 19:00:26.012+00
bitcoin,btc,Bitcoin,64417.748318432954,1291007101429.5503,26877389516.81716,,2026-06-22 20:00:09.489+00
bitcoin,btc,Bitcoin,64365.9175955822,1290347540737.478,27804621541.788483,,2026-06-22 21:00:52.591+00
bitcoin,btc,Bitcoin,64235.021031055294,1287514263689.9658,27376510214.61576,,2026-06-22 22:00:20.586+00
bitcoin,btc,Bitcoin,63911.612718239056,1281268578791.5432,28112956077.67352,,2026-06-22 23:00:43.113+00
bitcoin,btc,Bitcoin,63957.19561383976,1282343470084.9612,26433062359.229366,,2026-06-23 00:00:48.091+00
bitcoin,btc,Bitcoin,64045.666767229544,1283502857797.6636,25595648684.28252,,2026-06-23 01:00:37.436+00
bitcoin,btc,Bitcoin,64079.82103359411,1284710953492.6704,26190574588.08829,,2026-06-23 02:00:54.183+00
bitcoin,btc,Bitcoin,64144.39979492271,1286456079528.1228,25987329463.80359,,2026-06-23 03:00:06.902+00
bitcoin,btc,Bitcoin,63980.98741876507,1282600332162.3572,24807014761.98504,,2026-06-23 04:01:06.162+00
bitcoin,btc,Bitcoin,63621.26042010823,1275238285517.1052,24554047140.818306,,2026-06-23 05:00:10.677+00
bitcoin,btc,Bitcoin,63313.7269410536,1270212697396.7969,25253529953.89665,,2026-06-23 06:00:19.877+00
bitcoin,btc,Bitcoin,62866.90848700344,1260518979921.5583,26187547778.024937,,2026-06-23 07:01:12.714+00
bitcoin,btc,Bitcoin,62850.76814022467,1260519030697.5696,27380246625.01116,,2026-06-23 08:00:34.076+00
bitcoin,btc,Bitcoin,62311.40037519842,1249549809563.128,31680814474.632633,,2026-06-23 09:00:23.936+00
bitcoin,btc,Bitcoin,62307.34214427159,1249289331105.6807,31555449949.327713,,2026-06-23 10:00:20.133+00
bitcoin,btc,Bitcoin,62264.18908247069,1247804414537.0728,32429904891.904213,,2026-06-23 11:00:22.496+00
bitcoin,btc,Bitcoin,62451.49737098857,1251887360069.7344,31318370804.982944,,2026-06-23 12:00:02.705+00
bitcoin,btc,Bitcoin,62199.8784487437,1247280053398.0974,30541840727.689278,,2026-06-23 13:01:06.432+00
bitcoin,btc,Bitcoin,62383.94741826511,1250741384595.7798,31109789109.312374,,2026-06-23 14:00:08.342+00
bitcoin,btc,Bitcoin,62457.865612986134,1251928765402.1382,31065870727.8508,,2026-06-23 15:00:12.347+00
bitcoin,btc,Bitcoin,62378.52994283749,1249103539869.2478,30584586850.577415,,2026-06-23 16:00:10.077+00
bitcoin,btc,Bitcoin,62492.81701127148,1251664989852.415,31071706660.398403,,2026-06-23 17:00:19.382+00
bitcoin,btc,Bitcoin,62300.737372444346,1248880135000.4646,30783324376.858963,,2026-06-23 18:00:01.758+00
bitcoin,btc,Bitcoin,62171.87002961892,1246065062359.2573,30252492837.370583,,2026-06-23 19:01:13.228+00
bitcoin,btc,Bitcoin,62310.62864515332,1248695013113.3674,30466243097.19477,,2026-06-23 20:00:46.79+00
bitcoin,btc,Bitcoin,62385.33941347201,1250737985166.274,30430392436.01197,,2026-06-23 21:01:12.728+00
bitcoin,btc,Bitcoin,62530.759849035516,1253386057399.437,30439044184.138447,,2026-06-23 22:00:02.489+00
bitcoin,btc,Bitcoin,62515.95646051559,1253554586350.5474,30494936945.58905,,2026-06-23 23:00:18.68+00
bitcoin,btc,Bitcoin,62651.93474257838,1256025968759.2698,29785354920.68503,,2026-06-24 00:00:02.283+00
bitcoin,btc,Bitcoin,62912.97023760417,1261261023174.1782,30400777136.885483,,2026-06-24 01:00:25.089+00
bitcoin,btc,Bitcoin,62883.37584853357,1261513437989.6128,30246647990.22893,,2026-06-24 02:00:54.309+00
bitcoin,btc,Bitcoin,62583.0454660447,1254843438166.07,30410134980.140766,,2026-06-24 03:00:56.003+00
bitcoin,btc,Bitcoin,62676.59157469255,1256596325116.5918,30601602682.478954,,2026-06-24 04:00:29.18+00
bitcoin,btc,Bitcoin,62703.951669706556,1257037207021.296,29987947497.621487,,2026-06-24 05:00:42.294+00
bitcoin,btc,Bitcoin,62802.23166347988,1258956706348.9785,30021057941.140453,,2026-06-24 06:01:07.103+00
bitcoin,btc,Bitcoin,62699.01945275507,1256900933435.0564,29297703843.943375,,2026-06-24 07:00:46.435+00
bitcoin,btc,Bitcoin,62568.95078726398,1254231566231.3884,28323627433.596634,,2026-06-24 08:01:09.698+00
bitcoin,btc,Bitcoin,62716.04032481007,1257218567982.5938,23562241080.02295,,2026-06-24 09:00:20.413+00
bitcoin,btc,Bitcoin,62621.29389792389,1255341696284.0056,23687719175.35791,,2026-06-24 10:00:20.726+00
bitcoin,btc,Bitcoin,62379.401309585366,1250555236491.9966,23960573171.867718,,2026-06-24 11:01:06.483+00
bitcoin,btc,Bitcoin,62815.96886427302,1259597568149.1152,25099473617.48471,,2026-06-24 12:00:27.973+00
bitcoin,btc,Bitcoin,62538.57860514398,1254442708807.895,24737840232.19611,,2026-06-24 13:00:02.033+00
bitcoin,btc,Bitcoin,61236.55534272521,1228399562568.9814,26169443077.73195,,2026-06-24 14:00:49.062+00
bitcoin,btc,Bitcoin,60985.864493824105,1222365265992.9495,27152469970.18969,,2026-06-24 15:00:58.433+00
bitcoin,btc,Bitcoin,60204.220327509334,1208472198748.3909,29585405003.04256,,2026-06-24 16:00:06.775+00
bitcoin,btc,Bitcoin,59783.05042276664,1198396411101.1416,33294125510.48245,,2026-06-24 17:01:06.298+00
bitcoin,btc,Bitcoin,59297.73643929386,1190140321691.0825,36361086796.345505,,2026-06-24 18:00:21.576+00
bitcoin,btc,Bitcoin,59507.187984197044,1193604688682.7302,38006446230.52544,,2026-06-24 19:00:54.081+00
bitcoin,btc,Bitcoin,59822.24825588187,1198477188951.4602,39587807213.674805,,2026-06-24 20:00:34.821+00
bitcoin,btc,Bitcoin,60882.548735749966,1221039100192.6646,41233109105.40063,,2026-06-24 21:01:17.862+00
bitcoin,btc,Bitcoin,61005.378953134474,1222697086454.93,42358193748.30167,,2026-06-24 22:00:38.249+00
bitcoin,btc,Bitcoin,60783.200878396405,1218572823340.3557,39922378220.90428,,2026-06-24 23:00:49.952+00
bitcoin,btc,Bitcoin,60990.53863518005,1222980619229.9146,42608716765.273605,,2026-06-25 00:00:42.693+00
bitcoin,btc,Bitcoin,60664.90692436006,1217392792054.818,43242848565.75174,,2026-06-25 01:00:51.018+00
bitcoin,btc,Bitcoin,60812.426404174934,1220329269417.9338,43277913990.82769,,2026-06-25 02:00:45.624+00
bitcoin,btc,Bitcoin,60629.714711165805,1215627094483.2275,41565920662.48866,,2026-06-25 03:00:01.287+00
bitcoin,btc,Bitcoin,60788.38575979891,1218523187990.167,42010355332.01648,,2026-06-25 04:01:12.163+00
bitcoin,btc,Bitcoin,61257.61278932525,1228262425151.512,41819576729.38746,,2026-06-25 05:00:46.865+00
bitcoin,btc,Bitcoin,61534.43462777755,1233663986459.1094,43928949176.09817,,2026-06-25 06:00:21.948+00
bitcoin,btc,Bitcoin,61646.00687766538,1236111734120.3733,44562256352.55696,,2026-06-25 07:00:42.041+00
bitcoin,btc,Bitcoin,61816.442509036395,1239251648168.9685,45385170092.77326,,2026-06-25 08:00:14.641+00
bitcoin,btc,Bitcoin,61606.905269718525,1235496247844.6587,45456911213.89508,,2026-06-25 09:01:09.213+00
bitcoin,btc,Bitcoin,61652.90431812403,1235885223983.7937,45009456810.89259,,2026-06-25 10:00:17.388+00
bitcoin,btc,Bitcoin,61211.78155908992,1227335863751.1545,44980895185.72555,,2026-06-25 11:00:09.157+00
bitcoin,btc,Bitcoin,61185.54992485836,1226429522268.5845,43763737146.434166,,2026-06-25 12:00:16.892+00
bitcoin,btc,Bitcoin,61114.65746062846,1225258765687.5627,45339408087.43132,,2026-06-25 13:00:29.614+00
bitcoin,btc,Bitcoin,58188.668886715604,1167740076855.7083,46843038321.428795,,2026-06-25 14:00:36.454+00
bitcoin,btc,Bitcoin,59419.45155775679,1191292766305.983,50553500788.866905,,2026-06-25 15:00:14.612+00
bitcoin,btc,Bitcoin,59513.72747967234,1192323907095.8452,49689884244.91631,,2026-06-25 16:00:19.924+00
bitcoin,btc,Bitcoin,59234.5777533372,1187494148831.201,47216275886.42708,,2026-06-25 17:00:46.587+00
bitcoin,btc,Bitcoin,59534.099860815295,1193025637102.1538,44183585024.95149,,2026-06-25 18:00:17.544+00
bitcoin,btc,Bitcoin,59430.91825964714,1191788697962.626,43669911067.35972,,2026-06-25 19:00:41.47+00
bitcoin,btc,Bitcoin,59237.365253537,1187666509255.178,42628263265.70009,,2026-06-25 20:00:40.952+00
bitcoin,btc,Bitcoin,59312.805434743896,1188985721639.8171,40621774274.79046,,2026-06-25 21:00:41.586+00
bitcoin,btc,Bitcoin,60111.69113616151,1204301394415.723,41359406557.695694,,2026-06-25 22:00:20.998+00
bitcoin,btc,Bitcoin,59787.08233594131,1198249581930.4521,41165445079.93453,,2026-06-25 23:00:36.15+00
bitcoin,btc,Bitcoin,59712.618061582114,1197252258228.0588,40411370315.014114,,2026-06-26 00:00:03.634+00
bitcoin,btc,Bitcoin,59589.363566722495,1194718092005.6167,38521034871.417595,,2026-06-26 01:00:52.622+00
bitcoin,btc,Bitcoin,59299.072111513124,1188932094197.2485,40806367544.200165,,2026-06-26 02:00:49.124+00
bitcoin,btc,Bitcoin,58482.96476980456,1171929976953.4993,42600148537.30616,,2026-06-26 03:00:25.937+00
bitcoin,btc,Bitcoin,59836.297717503796,1199569975195.981,44723098830.9228,,2026-06-26 04:00:27.529+00
bitcoin,btc,Bitcoin,59813.84530916572,1199155392694.2944,45093408431.828766,,2026-06-26 05:00:26.096+00
bitcoin,btc,Bitcoin,59869.425120800624,1200189044720.2092,45011122868.4113,,2026-06-26 06:00:35.195+00
bitcoin,btc,Bitcoin,60237.0568540939,1207365098842.2114,46154530993.72253,,2026-06-26 07:01:00.088+00
bitcoin,btc,Bitcoin,60481.35722924747,1212615233245.7568,45809680844.75077,,2026-06-26 08:00:10.245+00
bitcoin,btc,Bitcoin,60152.35271713132,1205924541242.5935,47281148665.92834,,2026-06-26 09:01:52.514+00
bitcoin,btc,Bitcoin,59633.32449414534,1195838966469.071,47696201157.65899,,2026-06-26 10:00:23.881+00
bitcoin,btc,Bitcoin,59215.19340895525,1187586816174.5454,48560281122.52405,,2026-06-26 11:00:16.662+00
bitcoin,btc,Bitcoin,59316.01978220941,1188746878801.8882,48851019653.64143,,2026-06-26 12:00:07.851+00
bitcoin,btc,Bitcoin,59181.15371571542,1186694647031.9749,48590770697.39816,,2026-06-26 13:01:37.941+00
bitcoin,btc,Bitcoin,60047.79171625427,1202522377712.3765,42828217763.477936,,2026-06-26 14:01:29.468+00
bitcoin,btc,Bitcoin,59544.55798790487,1193167781551.225,42290996969.7305,,2026-06-26 15:01:36.884+00
bitcoin,btc,Bitcoin,60234.41217478131,1207540240947.6821,41681193169.28044,,2026-06-26 16:00:15.459+00
bitcoin,btc,Bitcoin,59989.84009196498,1202545203147.2449,41283887519.42066,,2026-06-26 17:01:21.835+00
bitcoin,btc,Bitcoin,59956.8650670713,1201719942904.7815,40872994073.95478,,2026-06-26 18:01:11.559+00
bitcoin,btc,Bitcoin,59548.21995225559,1193745568945.6094,40196448874.0884,,2026-06-26 19:01:11.744+00
bitcoin,btc,Bitcoin,59783.392831819365,1198379262202.7974,39877040815.73534,,2026-06-26 20:02:32.352+00
bitcoin,btc,Bitcoin,59649.930123311075,1195688696076.5105,40155779600.07011,,2026-06-26 21:00:29.675+00
bitcoin,btc,Bitcoin,59858.072565853494,1200230367781.4224,39835444013.466705,,2026-06-26 22:01:43.354+00
bitcoin,btc,Bitcoin,59981.17710194979,1202558134836.849,39671014285.2885,,2026-06-26 23:01:28.199+00
bitcoin,btc,Bitcoin,60019.95786697783,1203009385529.516,39932481692.652534,,2026-06-27 00:01:42.796+00
bitcoin,btc,Bitcoin,59964.45026386145,1202217859817.45,38949318311.52032,,2026-06-27 01:01:47.653+00
bitcoin,btc,Bitcoin,59876.12754548514,1200352859123.977,38222208191.54495,,2026-06-27 02:00:59.075+00
bitcoin,btc,Bitcoin,60223.82465168318,1207239340371.9456,37019305968.73525,,2026-06-27 03:02:10.432+00
bitcoin,btc,Bitcoin,60209.80787261281,1207404792503.4766,34321441517.22962,,2026-06-27 04:00:14.929+00
bitcoin,btc,Bitcoin,60147.077420030015,1206027014366.5344,34173915812.007015,,2026-06-27 05:01:40.278+00
bitcoin,btc,Bitcoin,60171.478533144495,1206254726310.292,31949289730.02232,,2026-06-27 06:01:30.714+00
bitcoin,btc,Bitcoin,60274.13576881021,1208484611628.4468,30823221343.82157,,2026-06-27 07:00:35.144+00
bitcoin,btc,Bitcoin,60455.26973124937,1211969564385.77,30042068834.13193,,2026-06-27 08:00:26.864+00
bitcoin,btc,Bitcoin,60375.79046546325,1210512677343.0217,29524849184.288914,,2026-06-27 09:00:39.646+00
bitcoin,btc,Bitcoin,60335.19971344227,1209549529615.8855,28107526826.719227,,2026-06-27 10:00:03.478+00
bitcoin,btc,Bitcoin,60318.79468914347,1209228456728.9448,27930632779.291164,,2026-06-27 11:00:27.798+00
bitcoin,btc,Bitcoin,60272.896834644176,1208431103083.9167,26219364011.336567,,2026-06-27 12:02:42.169+00
bitcoin,btc,Bitcoin,60318.795624051476,1209290268066.1921,25047913363.22017,,2026-06-27 13:02:08.228+00
bitcoin,btc,Bitcoin,60473.74809860174,1212171073956.5774,22768136147.116096,,2026-06-27 14:02:39.476+00
bitcoin,btc,Bitcoin,60514.09495299602,1213359011791.5737,19217227270.10045,,2026-06-27 15:00:31.255+00
bitcoin,btc,Bitcoin,60726.0944020887,1217580198934.0671,18962030952.19887,,2026-06-27 16:02:38.002+00
bitcoin,btc,Bitcoin,60700.46947559311,1216893303543.0244,18287004004.52278,,2026-06-27 17:00:50.153+00
bitcoin,btc,Bitcoin,60481.77726989441,1212528524113.2588,17232473754.5085,,2026-06-27 18:00:42.883+00
bitcoin,btc,Bitcoin,60456.37514817717,1212159699998.924,16821921312.051502,,2026-06-27 19:01:05.709+00
bitcoin,btc,Bitcoin,60076.97687579784,1204519462864.7644,15728352568.701035,,2026-06-27 20:00:47.981+00
bitcoin,btc,Bitcoin,60183.761872484516,1206667890859.2231,15398850859.281092,,2026-06-27 21:00:47.339+00
bitcoin,btc,Bitcoin,60109.83787971532,1205153522799.3296,15724476221.387148,,2026-06-27 22:00:32.855+00
bitcoin,btc,Bitcoin,60142.21183335991,1205830072935.774,15941968721.938164,,2026-06-27 23:02:17.242+00
bitcoin,btc,Bitcoin,59943.11077412465,1201807514775.0078,15714909474.505539,,2026-06-28 00:01:35.72+00
bitcoin,btc,Bitcoin,60094.323390000915,1204649366957.3237,16068501988.547665,,2026-06-28 01:01:18.284+00
bitcoin,btc,Bitcoin,60127.42543751148,1205617964774.281,16092876855.167778,,2026-06-28 02:00:10.104+00
bitcoin,btc,Bitcoin,60089.01267259338,1204855345268.8271,15608016270.601076,,2026-06-28 03:01:15.763+00
bitcoin,btc,Bitcoin,60118.541800496205,1205235333501.5437,15502428485.258806,,2026-06-28 04:02:15.109+00
bitcoin,btc,Bitcoin,60038.87607343662,1203791443122.8152,14806180652.763601,,2026-06-28 05:00:36.735+00
bitcoin,btc,Bitcoin,59891.782608466485,1200791087417.2593,15496431654.033253,,2026-06-28 06:00:36.97+00
bitcoin,btc,Bitcoin,59920.66782573778,1201352800053.8665,14833703385.161543,,2026-06-28 07:00:56.745+00
bitcoin,btc,Bitcoin,60116.601882979696,1205306489052.545,14264994633.176569,,2026-06-28 08:00:53.079+00
bitcoin,btc,Bitcoin,60298.350227957766,1209006764134.964,15769971970.169464,,2026-06-28 09:02:15.158+00
bitcoin,btc,Bitcoin,60185.59725852188,1206521472281.5386,15160481176.10371,,2026-06-28 10:02:10.927+00
bitcoin,btc,Bitcoin,60082.00970436492,1204656112016.5432,15131215072.99752,,2026-06-28 11:00:14.312+00
bitcoin,btc,Bitcoin,60250.09690682865,1208031934387.015,15372295332.376373,,2026-06-28 12:00:04.796+00
bitcoin,btc,Bitcoin,60209.826283247254,1207058819477.2034,15114941630.146135,,2026-06-28 13:01:17.221+00
bitcoin,btc,Bitcoin,59993.62219134955,1202724872699.5469,14872210019.439312,,2026-06-28 14:00:19.571+00
bitcoin,btc,Bitcoin,59958.878845995176,1202247473333.309,15239750212.248661,,2026-06-28 15:00:45.787+00
bitcoin,btc,Bitcoin,59795.77601296277,1198806722261.009,14936701014.334127,,2026-06-28 16:01:28.847+00
bitcoin,btc,Bitcoin,59603.99470359071,1195117550686.3237,15455340805.080992,,2026-06-28 17:02:13.276+00
bitcoin,btc,Bitcoin,59513.50156723828,1193396868332.9883,15806212498.038668,,2026-06-28 18:01:44.545+00
bitcoin,btc,Bitcoin,59524.93799420059,1193363841918.0886,15604565740.916815,,2026-06-28 19:00:20.584+00
bitcoin,btc,Bitcoin,59396.89382257217,1190586911372.6428,15752609159.661,,2026-06-28 20:01:37.862+00
bitcoin,btc,Bitcoin,59569.664031856664,1194455480641.111,15179046097.522501,,2026-06-28 21:02:13.381+00
bitcoin,btc,Bitcoin,59314.897022466685,1189052126158.4421,15749212217.674828,,2026-06-28 22:00:57.687+00
bitcoin,btc,Bitcoin,58971.23519682808,1182364958636.8435,16583793738.351406,,2026-06-28 23:01:18.108+00
bitcoin,btc,Bitcoin,59516.449485815276,1194028203595.5457,16825599617.937849,,2026-06-29 00:02:11.479+00
bitcoin,btc,Bitcoin,59536.763045853324,1192868676225.175,17806806066.12587,,2026-06-29 01:02:19.267+00
bitcoin,btc,Bitcoin,59380.65908962489,1190570369727.8691,17648860019.072266,,2026-06-29 02:01:00.846+00
bitcoin,btc,Bitcoin,59661.55398160819,1196150398686.0803,18477465971.501213,,2026-06-29 03:00:55.614+00
bitcoin,btc,Bitcoin,59923.93226579998,1201169841889.4927,19700435122.905506,,2026-06-29 04:00:50.551+00
bitcoin,btc,Bitcoin,59726.33088120169,1197520555668.5393,19647906549.680965,,2026-06-29 05:01:15.597+00
bitcoin,btc,Bitcoin,59971.313088808965,1202034296027.0684,19691269398.34192,,2026-06-29 06:02:29.885+00
bitcoin,btc,Bitcoin,59998.27530548425,1202881441503.3438,20685900195.97963,,2026-06-29 07:00:40.033+00
bitcoin,btc,Bitcoin,59962.77802195896,1202162900411.2236,21229369218.78989,,2026-06-29 08:01:21.033+00
bitcoin,btc,Bitcoin,59766.57617949523,1198272042742.7146,20672297739.400684,,2026-06-29 09:01:27.481+00
bitcoin,btc,Bitcoin,59964.32556389398,1202354709365.936,20248690761.061012,,2026-06-29 10:02:04.028+00
bitcoin,btc,Bitcoin,60001.17115663765,1202962462194.91,20679129386.360264,,2026-06-29 11:02:20.072+00
bitcoin,btc,Bitcoin,59848.310873191185,1199709605513.7368,22955284115.472015,,2026-06-29 12:00:11.621+00
bitcoin,btc,Bitcoin,59879.185745244955,1200712103428.3975,24692791768.753998,,2026-06-29 13:00:23.437+00
bitcoin,btc,Bitcoin,59403.21046749944,1190451627918.3335,27118696687.605152,,2026-06-29 14:01:49.189+00
bitcoin,btc,Bitcoin,59322.403378063944,1189401639872.238,29810738914.79947,,2026-06-29 15:00:31.255+00
bitcoin,btc,Bitcoin,59737.18874677538,1197826291837.4238,31033784250.196354,,2026-06-29 16:01:17.738+00
bitcoin,btc,Bitcoin,59799.44547358118,1199048964844.3323,30712120398.133858,,2026-06-29 17:01:31.297+00
bitcoin,btc,Bitcoin,60352.933054072964,1210710729005.4,32185862671.83055,,2026-06-29 18:01:26.19+00
bitcoin,btc,Bitcoin,60185.86090922262,1206592884034.1475,32584107506.208042,,2026-06-29 19:01:37.075+00
bitcoin,btc,Bitcoin,60365.99092778629,1210370479079.865,32859434702.808624,,2026-06-29 20:01:34.737+00
bitcoin,btc,Bitcoin,60208.60225938614,1207185943576.7805,31708047849.899555,,2026-06-29 21:02:31.103+00
bitcoin,btc,Bitcoin,60402.6398148205,1211190100078.8052,32986265129.820923,,2026-06-29 22:02:29.797+00
bitcoin,btc,Bitcoin,60277.64965863437,1208600593465.3005,32460266981.943886,,2026-06-29 23:01:26.133+00
bitcoin,btc,Bitcoin,60143.56968976742,1205876783866.361,30449793261.035637,,2026-06-30 00:00:14.079+00
bitcoin,btc,Bitcoin,59763.76807236464,1198214976602.9197,31309389601.38212,,2026-06-30 01:00:47.04+00
bitcoin,btc,Bitcoin,59855.17763398167,1200065871697.925,31124961295.98953,,2026-06-30 02:00:00.744+00
bitcoin,btc,Bitcoin,59877.69088980854,1200974573536.4136,30556165552.643295,,2026-06-30 03:00:13.052+00
bitcoin,btc,Bitcoin,59538.373932222115,1193648527422.832,29690919708.111298,,2026-06-30 04:01:41.569+00
bitcoin,btc,Bitcoin,59400.63642258716,1190885386661.65,30428704910.115814,,2026-06-30 05:01:42.1+00
bitcoin,btc,Bitcoin,59545.28581974851,1193772191163.1301,29909330525.1417,,2026-06-30 06:01:28.072+00
bitcoin,btc,Bitcoin,59488.13160733083,1192733074211.3647,30101269995.766155,,2026-06-30 07:01:26.557+00
bitcoin,btc,Bitcoin,59434.561635618695,1191686710966.8901,30628144966.267025,,2026-06-30 08:01:31.336+00
bitcoin,btc,Bitcoin,59224.09548556559,1187339792582.167,30552361603.659695,,2026-06-30 09:00:46.306+00
bitcoin,btc,Bitcoin,59278.70670720093,1188562408887.845,30663443031.091972,,2026-06-30 10:02:30.38+00
bitcoin,btc,Bitcoin,59290.66415548365,1188891180945.0752,31207162440.390934,,2026-06-30 11:00:43.342+00
bitcoin,btc,Bitcoin,59080.666508993316,1184527091866.2446,31692898950.799778,,2026-06-30 12:01:49.703+00
bitcoin,btc,Bitcoin,58361.62212387054,1170812771466.7312,31783116437.726685,,2026-06-30 13:01:40.995+00
bitcoin,btc,Bitcoin,58603.030121524156,1174334525376.2722,32520808978.149956,,2026-06-30 14:02:23.88+00
bitcoin,btc,Bitcoin,58424.39729457026,1170896859306.2935,31752524288.15982,,2026-06-30 15:01:18.142+00
bitcoin,btc,Bitcoin,58331.3311178704,1170344229059.9849,32235306443.711197,,2026-06-30 16:01:06.251+00
bitcoin,btc,Bitcoin,58375.41692485716,1170930266175.5125,32693920638.319603,,2026-06-30 17:00:12.817+00
bitcoin,btc,Bitcoin,58331.83443777217,1169596115485.2358,31406213150.191547,,2026-06-30 18:01:49.311+00
bitcoin,btc,Bitcoin,58579.528664432866,1174405150849.5203,31666764762.693714,,2026-06-30 19:00:54.516+00
bitcoin,btc,Bitcoin,58711.424716016336,1177011141366.252,31207420536.903934,,2026-06-30 20:01:26.347+00
bitcoin,btc,Bitcoin,58668.24249598245,1176278066344.7188,32093731185.426308,,2026-06-30 21:01:35.125+00
bitcoin,btc,Bitcoin,58553.23708090124,1173890008143.0344,31095596843.96395,,2026-06-30 22:00:29.859+00
bitcoin,btc,Bitcoin,58519.109561345475,1173320202934.1765,31748841072.9794,,2026-06-30 23:01:16.739+00
bitcoin,btc,Bitcoin,58557.699161739816,1174005784553.329,31816425189.680138,,2026-07-01 00:00:33.287+00
bitcoin,btc,Bitcoin,58474.56780052823,1172589817242.2017,31837489569.764416,,2026-07-01 01:00:24.318+00
bitcoin,btc,Bitcoin,58695.88415560775,1177106766426.129,34946406911.23131,,2026-07-01 02:00:14.617+00
bitcoin,btc,Bitcoin,59007.480156095095,1183183982276.698,35335893361.36284,,2026-07-01 03:00:39.764+00
bitcoin,btc,Bitcoin,59087.88649635893,1184774188110.9,35829426771.51181,,2026-07-01 04:00:42.938+00
bitcoin,btc,Bitcoin,59240.81479183014,1187808936578.8176,34783815264.43814,,2026-07-01 05:00:35.32+00
bitcoin,btc,Bitcoin,59056.07800512759,1184010979143.1526,34790266189.40798,,2026-07-01 06:01:49.733+00
bitcoin,btc,Bitcoin,58660.38219233212,1176275365201.1643,33804031534.313656,,2026-07-01 07:00:51.45+00
bitcoin,btc,Bitcoin,58678.894153851295,1176605419085.1953,33118743633.098892,,2026-07-01 08:01:43.156+00
bitcoin,btc,Bitcoin,58884.753538105266,1179838867010.4924,34030263022.2009,,2026-07-01 09:00:58.172+00
bitcoin,btc,Bitcoin,58866.763614235475,1180333567506.6875,33777774460.844646,,2026-07-01 10:00:51.338+00
bitcoin,btc,Bitcoin,58590.05322656013,1174970001927.532,34649811370.13323,,2026-07-01 11:01:59.268+00
bitcoin,btc,Bitcoin,58541.60278645741,1173610060878.4077,34049655028.21157,,2026-07-01 12:01:16.464+00
bitcoin,btc,Bitcoin,58448.22896692919,1171604130320.78,33216154859.81288,,2026-07-01 13:01:33.14+00
bitcoin,btc,Bitcoin,59312.92896437234,1189018506075.517,33270558797.958107,,2026-07-01 14:00:40.598+00
bitcoin,btc,Bitcoin,59466.02292764383,1192878111010.996,34712497681.901085,,2026-07-01 15:00:18.374+00
bitcoin,btc,Bitcoin,60090.85821617794,1204578698430.9673,35536243625.81004,,2026-07-01 16:00:48.879+00
bitcoin,btc,Bitcoin,59852.979014868964,1199925339833.3486,35880787419.73766,,2026-07-01 17:02:25.578+00
bitcoin,btc,Bitcoin,60132.64834348138,1205874147477.2083,35082013784.549934,,2026-07-01 18:01:09.938+00
bitcoin,btc,Bitcoin,60095.709313453386,1204751285193.952,35134735027.19983,,2026-07-01 19:01:29.028+00
bitcoin,btc,Bitcoin,59960.31569926729,1202465496189.8455,35125016926.42478,,2026-07-01 20:01:41.931+00
bitcoin,btc,Bitcoin,60065.380452334844,1204302388981.7842,34237784324.89985,,2026-07-01 21:00:10.801+00
bitcoin,btc,Bitcoin,60745.743247635626,1217968086522.2515,36219630539.40492,,2026-07-01 22:00:10.059+00
bitcoin,btc,Bitcoin,60415.2229242068,1210903394182.4338,38035306145.19226,,2026-07-01 23:00:45.056+00
bitcoin,btc,Bitcoin,59979.90070833996,1203067263000.6277,38794170476.28798,,2026-07-02 00:02:01.424+00
bitcoin,btc,Bitcoin,59660.4839927567,1196106603419.1736,39179441990.794624,,2026-07-02 01:01:21.718+00
bitcoin,btc,Bitcoin,60084.32991287333,1204714666522.6948,38230202948.4142,,2026-07-02 02:00:56.968+00
bitcoin,btc,Bitcoin,60384.86661547189,1210646910251.4998,38378196069.6476,,2026-07-02 03:01:31.9+00
bitcoin,btc,Bitcoin,60957.393957087705,1222393032598.3254,38824367511.18454,,2026-07-02 04:01:31.191+00
bitcoin,btc,Bitcoin,60729.02277627768,1217688085937.0947,38968293974.9634,,2026-07-02 05:00:44.72+00
bitcoin,btc,Bitcoin,60446.65072196339,1212170990738.5676,39926935183.88754,,2026-07-02 06:01:27.096+00
bitcoin,btc,Bitcoin,60221.16622835474,1207725300502.006,38834224551.851166,,2026-07-02 07:01:35.303+00
bitcoin,btc,Bitcoin,60055.335102163546,1204032902392.2659,40680025073.238686,,2026-07-02 08:00:51.103+00
bitcoin,btc,Bitcoin,60431.30338105714,1211714895832.5793,41389476683.714485,,2026-07-02 09:01:40.963+00
bitcoin,btc,Bitcoin,61139.924936473275,1226438013834.6973,42826032378.39465,,2026-07-02 10:01:20.746+00
bitcoin,btc,Bitcoin,61192.444687262076,1227052249422.6616,42402022331.376366,,2026-07-02 11:01:33.036+00
bitcoin,btc,Bitcoin,61220.64052012101,1227190777611.3853,44109849312.42494,,2026-07-02 12:01:11.698+00
bitcoin,btc,Bitcoin,61467.82857696401,1232760186738.2485,44533547077.33195,,2026-07-02 13:00:04.289+00
bitcoin,btc,Bitcoin,61839.24095285028,1239556204984.6792,45888115160.099655,,2026-07-02 14:01:20.363+00
bitcoin,btc,Bitcoin,61559.14539111479,1233590974962.7297,43952074530.16615,,2026-07-02 15:00:13.343+00
bitcoin,btc,Bitcoin,61552.24644930286,1233575634570.3594,42492595724.97908,,2026-07-02 16:00:44.096+00
bitcoin,btc,Bitcoin,61590.77616291104,1234676702758.417,43417774863.741516,,2026-07-02 17:01:47.118+00
bitcoin,btc,Bitcoin,61610.62755154093,1235453563555.0215,43462151097.346054,,2026-07-02 18:00:22.205+00
bitcoin,btc,Bitcoin,61686.23259803437,1236594026738.793,43937856152.44253,,2026-07-02 19:01:38.841+00
bitcoin,btc,Bitcoin,61427.45640568673,1232638327736.622,43873124564.21745,,2026-07-02 20:01:38.568+00
bitcoin,btc,Bitcoin,61508.07375090117,1233016832132.4163,43968731349.87521,,2026-07-02 21:01:22.045+00
bitcoin,btc,Bitcoin,61503.81872816729,1233157270003.3787,42161148689.27941,,2026-07-02 22:01:03.576+00
bitcoin,btc,Bitcoin,61438.58446448573,1232226709040.9739,41035278467.85364,,2026-07-02 23:01:18.121+00
bitcoin,btc,Bitcoin,61487.29901031284,1232917246447.8645,39471243076.727066,,2026-07-03 00:01:22.44+00
bitcoin,btc,Bitcoin,61237.16135251831,1228028702474.6367,39759038864.3197,,2026-07-03 01:01:54.919+00
bitcoin,btc,Bitcoin,61533.75646897373,1234143696295.2927,39152199546.7099,,2026-07-03 02:01:58.419+00
bitcoin,btc,Bitcoin,61363.8521565249,1230367014921.384,38252255592.73093,,2026-07-03 03:01:30.354+00
bitcoin,btc,Bitcoin,61353.15167836988,1229917605072.472,38227288294.69082,,2026-07-03 04:01:53.263+00
bitcoin,btc,Bitcoin,61391.16847497167,1231113292463.4883,38350394004.78812,,2026-07-03 05:01:43.018+00
bitcoin,btc,Bitcoin,61632.764774500036,1235904139855.986,36859054576.832016,,2026-07-03 06:01:08.426+00
bitcoin,btc,Bitcoin,61662.83761214957,1236468852447.4253,36594755257.92253,,2026-07-03 07:01:43.328+00
bitcoin,btc,Bitcoin,61696.22955231316,1237078995902.189,37013663146.3408,,2026-07-03 08:01:45.707+00
bitcoin,btc,Bitcoin,61514.027723446874,1233502025492.7478,36006507297.96824,,2026-07-03 09:01:08.442+00
bitcoin,btc,Bitcoin,61652.43657254511,1236259977662.1653,34592877853.52168,,2026-07-03 10:02:24.488+00
bitcoin,btc,Bitcoin,61864.89102935673,1240519100735.4434,32853228750.20656,,2026-07-03 11:00:05.917+00
bitcoin,btc,Bitcoin,61953.556085459175,1242107149191.7944,32809403135.646893,,2026-07-03 12:00:29.768+00
bitcoin,btc,Bitcoin,61907.5900261029,1241113820014.785,32077738289.067173,,2026-07-03 13:00:04.356+00
bitcoin,btc,Bitcoin,62047.91006319728,1244215298424.6184,29285066134.593636,,2026-07-03 14:00:08.82+00
bitcoin,btc,Bitcoin,62122.81633107454,1245889244224.0613,28338552768.167793,,2026-07-03 15:02:16.921+00
bitcoin,btc,Bitcoin,61868.114447527485,1240481318381.6406,27621080528.314983,,2026-07-03 16:00:23.169+00
bitcoin,btc,Bitcoin,62047.01380537126,1244184878925.0415,26115603355.056446,,2026-07-03 17:01:41.347+00
bitcoin,btc,Bitcoin,62128.092588572435,1246064462358.4053,26069610307.275986,,2026-07-03 18:01:15.997+00
bitcoin,btc,Bitcoin,62162.777580189475,1246674265170.4746,24978427854.074604,,2026-07-03 19:01:49.261+00
bitcoin,btc,Bitcoin,62157.92997951671,1246443688032.0837,24758581106.479836,,2026-07-03 20:01:46.864+00
bitcoin,btc,Bitcoin,62686.692450261944,1256785759995.99,25631957711.792873,,2026-07-03 21:02:31.773+00
bitcoin,btc,Bitcoin,62690.4786542379,1257129445281.0752,26078088128.896233,,2026-07-03 22:01:33.665+00
bitcoin,btc,Bitcoin,62533.8264247283,1253908643207.1362,26109916710.97793,,2026-07-03 23:02:27.891+00
bitcoin,btc,Bitcoin,62553.59200884509,1254248824042.979,26589432795.998592,,2026-07-04 00:01:05.787+00
bitcoin,btc,Bitcoin,62700.90133125955,1257267472716.2078,25733578881.300632,,2026-07-04 01:01:54.319+00
bitcoin,btc,Bitcoin,62436.791019800745,1251841281371.1748,25929667262.274536,,2026-07-04 02:02:01.362+00
bitcoin,btc,Bitcoin,62482.58461473608,1252927014551.0603,25272575873.065445,,2026-07-04 03:01:25.047+00
bitcoin,btc,Bitcoin,62587.62471405669,1254981761071.121,25586560298.51,,2026-07-04 04:01:28.765+00
bitcoin,btc,Bitcoin,62603.43275198819,1255234052522.894,25124713950.441505,,2026-07-04 05:02:09.586+00
bitcoin,btc,Bitcoin,62407.120168589456,1251256780860.4636,24123309941.022354,,2026-07-04 06:00:17.786+00
bitcoin,btc,Bitcoin,62451.84682956266,1252273824734.229,23757190062.06792,,2026-07-04 07:01:15.369+00
bitcoin,btc,Bitcoin,62532.23831629742,1253828541995.3457,23085923424.74536,,2026-07-04 08:01:28.864+00
bitcoin,btc,Bitcoin,62520.84723413682,1253780770031.9663,23195830707.75249,,2026-07-04 09:01:15.918+00
bitcoin,btc,Bitcoin,62450.20119712215,1252328947898.5776,23193612845.998623,,2026-07-04 10:02:34.365+00
bitcoin,btc,Bitcoin,62482.39506667081,1252915556548.5627,23120237194.082874,,2026-07-04 11:02:36.179+00
bitcoin,btc,Bitcoin,62453.12714663282,1252391915737.7507,22050309577.722485,,2026-07-04 12:01:35.991+00
bitcoin,btc,Bitcoin,62610.396860971974,1255167129449.088,22081481091.379917,,2026-07-04 13:00:40.893+00
bitcoin,btc,Bitcoin,62536.59571423263,1253904439651.46,21289826430.559814,,2026-07-04 14:01:24.725+00
bitcoin,btc,Bitcoin,62633.96023435144,1255689134656.665,19326847517.208984,,2026-07-04 15:00:09.43+00
bitcoin,btc,Bitcoin,62880.762249371735,1260905322298.7053,19469924011.01269,,2026-07-04 16:01:23.968+00
bitcoin,btc,Bitcoin,62876.142857469764,1260639455186.8347,19347589400.107647,,2026-07-04 17:01:35.565+00
bitcoin,btc,Bitcoin,63265.08190642989,1268852776204.9587,20122887565.83901,,2026-07-04 18:01:51.011+00
bitcoin,btc,Bitcoin,63117.40706240529,1265656220071.853,20930728580.92707,,2026-07-04 19:01:29.251+00
bitcoin,btc,Bitcoin,63258.54754066335,1268561756520.7336,20417841956.852264,,2026-07-04 20:02:36.251+00
bitcoin,btc,Bitcoin,63196.956647480525,1267880573677.1436,19143911039.973255,,2026-07-04 21:01:30.842+00
bitcoin,btc,Bitcoin,63266.54853473329,1268842715776.4023,18356479646.023006,,2026-07-04 22:00:23.403+00
bitcoin,btc,Bitcoin,63133.65522954236,1266062834253.1904,18939456953.067966,,2026-07-04 23:00:27.292+00
bitcoin,btc,Bitcoin,63094.24017750663,1265163108868.5112,19052046395.496124,,2026-07-05 00:01:41.864+00
bitcoin,btc,Bitcoin,62911.17832947541,1261040382232.2712,18240123738.08612,,2026-07-05 01:02:12.29+00
bitcoin,btc,Bitcoin,62843.35957438356,1260111710586.4617,18531219721.392216,,2026-07-05 02:01:46.866+00
bitcoin,btc,Bitcoin,62631.116007543984,1255740835883.6394,18030162826.736404,,2026-07-05 03:00:16.303+00
bitcoin,btc,Bitcoin,62734.25655011185,1257809602211.581,18241294201.654156,,2026-07-05 04:02:33.905+00
bitcoin,btc,Bitcoin,62785.11026004227,1258934882630.1868,18009591488.92338,,2026-07-05 05:02:31.688+00
bitcoin,btc,Bitcoin,62709.51187800394,1257492167095.9395,17816294238.126514,,2026-07-05 06:01:01.886+00
bitcoin,btc,Bitcoin,62724.35082043866,1257889734597.5024,17356836133.16894,,2026-07-05 07:00:55.938+00
bitcoin,btc,Bitcoin,62978.095888553216,1262859181456.2974,18334024614.70762,,2026-07-05 08:01:22.956+00
bitcoin,btc,Bitcoin,62887.67049149987,1261008459668.3657,17988660749.93119,,2026-07-05 09:01:25.515+00
bitcoin,btc,Bitcoin,62566.15760554671,1254543606597.689,17607679717.928703,,2026-07-05 10:00:28.703+00
bitcoin,btc,Bitcoin,62694.52324430207,1257123424613.764,18312599300.79102,,2026-07-05 11:01:03.556+00
bitcoin,btc,Bitcoin,62615.486952953535,1255608215317.4944,17648771439.389553,,2026-07-05 12:01:35.865+00
bitcoin,btc,Bitcoin,62677.224459595,1256776859706.503,17608607748.849316,,2026-07-05 13:00:51.714+00
bitcoin,btc,Bitcoin,62737.554656126806,1258030809721.0476,18434528624.389816,,2026-07-05 14:00:44.293+00
bitcoin,btc,Bitcoin,62739.572214585096,1258005179796.375,18738311711.28678,,2026-07-05 15:01:39.161+00
bitcoin,btc,Bitcoin,62687.39820897023,1257225160226.34,16972493844.281645,,2026-07-05 16:01:28.802+00
bitcoin,btc,Bitcoin,62592.79284419807,1255072806350.2588,16881308051.26452,,2026-07-05 17:01:26.169+00
bitcoin,btc,Bitcoin,62575.48273011255,1254752316175.0957,16246963142.83914,,2026-07-05 18:01:07.345+00
bitcoin,btc,Bitcoin,62762.70842480428,1258598981787.2925,16102498578.480436,,2026-07-05 19:00:33.771+00
bitcoin,btc,Bitcoin,62724.48656942632,1257709055982.6792,15959568969.894018,,2026-07-05 20:00:52.42+00
bitcoin,btc,Bitcoin,62687.03341572992,1256954844990.7532,15432617459.26188,,2026-07-05 21:00:46.671+00
bitcoin,btc,Bitcoin,63091.255621016324,1265903181943.5825,16166872153.771473,,2026-07-05 22:00:43.039+00
bitcoin,btc,Bitcoin,63625.70218985658,1274672781850.4517,18522106488.61648,,2026-07-05 23:00:40.928+00
bitcoin,btc,Bitcoin,63546.43013166118,1274101034947.2993,18562833785.667885,,2026-07-06 00:01:19.394+00
bitcoin,btc,Bitcoin,63664.44947588352,1276194044765.2815,19953850341.333344,,2026-07-06 01:00:50.005+00
bitcoin,btc,Bitcoin,63517.88397289706,1273814916252.77,19144053418.443893,,2026-07-06 02:01:09.761+00
bitcoin,btc,Bitcoin,63356.81634247567,1270455146601.7236,19480092854.994595,,2026-07-06 03:00:00.199+00
bitcoin,btc,Bitcoin,63214.39765600102,1267186040687.4812,20093120265.07173,,2026-07-06 04:02:24.896+00
bitcoin,btc,Bitcoin,63212.03855536063,1267956962482.3574,20321038100.063305,,2026-07-06 05:01:25.254+00
bitcoin,btc,Bitcoin,63062.9316093853,1264748022062.2148,20708494721.94582,,2026-07-06 06:02:26.663+00
bitcoin,btc,Bitcoin,62933.16116759757,1261927834602.3804,20793249706.631027,,2026-07-06 07:00:33.492+00
bitcoin,btc,Bitcoin,63035.84457747941,1263974945778.1785,21255217074.36942,,2026-07-06 08:00:34.891+00
bitcoin,btc,Bitcoin,62835.1273290497,1259864312097.3235,21464102445.819157,,2026-07-06 09:00:42.551+00
bitcoin,btc,Bitcoin,62602.19666873886,1255325431461.1143,21133867764.262848,,2026-07-06 10:01:35.297+00
bitcoin,btc,Bitcoin,62753.1882449598,1258451044782.655,21896249261.349495,,2026-07-06 11:00:20.742+00
bitcoin,btc,Bitcoin,62629.58604555236,1256407699479.686,22915623117.694084,,2026-07-06 12:01:30.63+00
bitcoin,btc,Bitcoin,61715.901782077715,1237703033962.9927,25217385097.024857,,2026-07-06 13:00:46.157+00
bitcoin,btc,Bitcoin,61780.449238816414,1239611882304.5417,28339536712.961678,,2026-07-06 14:01:41.059+00
bitcoin,btc,Bitcoin,61968.36690072932,1242757577691.768,30618808875.893963,,2026-07-06 15:01:01.33+00
bitcoin,btc,Bitcoin,63436.93887280679,1271560603706.4556,32530671557.659912,,2026-07-06 16:00:37.197+00
bitcoin,btc,Bitcoin,63655.61229080628,1276247849002.3994,34186789464.658653,,2026-07-06 17:01:30.357+00
bitcoin,btc,Bitcoin,63542.08000663692,1274165167314.6912,36464935048.02189,,2026-07-06 18:00:59.579+00
bitcoin,btc,Bitcoin,63674.372381924,1277281969631.9587,36430438134.10577,,2026-07-06 19:00:43.453+00
bitcoin,btc,Bitcoin,63711.967437081395,1277835378862.0437,36631430317.01875,,2026-07-06 20:00:13.701+00
bitcoin,btc,Bitcoin,63795.073329467814,1279110590461.9238,37182662155.275986,,2026-07-06 21:01:06.629+00
bitcoin,btc,Bitcoin,64371.47818824933,1290715025108.0737,39153176881.38098,,2026-07-06 22:02:39.811+00
bitcoin,btc,Bitcoin,64180.63420514519,1286892434197.497,37018716168.05211,,2026-07-06 23:01:17.744+00
bitcoin,btc,Bitcoin,63994.68116388147,1283450339612.535,36138004044.051544,,2026-07-07 00:00:54.89+00
bitcoin,btc,Bitcoin,64158.33162160982,1286519325252.5696,35667906762.6804,,2026-07-07 01:00:18.62+00
bitcoin,btc,Bitcoin,63854.42907009023,1280957700276.7036,36550254086.51304,,2026-07-07 02:01:38.807+00
bitcoin,btc,Bitcoin,63275.803446682585,1269063491743.122,35876796956.499504,,2026-07-07 03:00:39.86+00
bitcoin,btc,Bitcoin,63124.7255654564,1265719358315.343,36282440226.654,,2026-07-07 04:02:31.031+00
bitcoin,btc,Bitcoin,63055.22636161977,1264473776650.1277,36592866940.69838,,2026-07-07 05:01:29.854+00
bitcoin,btc,Bitcoin,63093.52474767431,1265520125054.1946,36998934927.43726,,2026-07-07 06:00:06.604+00
bitcoin,btc,Bitcoin,63295.03276766405,1269688947465.3704,37362075578.08747,,2026-07-07 07:01:19.851+00
bitcoin,btc,Bitcoin,63043.643597929586,1264334549555.0662,37310644283.841866,,2026-07-07 08:01:33.293+00
bitcoin,btc,Bitcoin,63067.49655854592,1264746126859.0618,37205825547.74122,,2026-07-07 09:01:15.726+00
bitcoin,btc,Bitcoin,63191.92703981319,1267111614672.8655,37615057033.61929,,2026-07-07 10:01:08.863+00
bitcoin,btc,Bitcoin,63202.42235299024,1267255171181.1084,36996719120.33935,,2026-07-07 11:01:38.077+00
bitcoin,btc,Bitcoin,63338.135433245836,1269913940295.4712,36987468930.8362,,2026-07-07 12:00:38.215+00
bitcoin,btc,Bitcoin,63407.301844394664,1271870793023.755,35606052098.67936,,2026-07-07 13:00:17.362+00
bitcoin,btc,Bitcoin,63000.05499932012,1263545204875.1465,32710234692.9377,,2026-07-07 14:01:11.625+00
bitcoin,btc,Bitcoin,63507.95601078837,1272149670144.8828,34047371339.12721,,2026-07-07 15:01:59.957+00
bitcoin,btc,Bitcoin,63865.49136103849,1280850949890.213,33337346549.920883,,2026-07-07 16:00:41.772+00
bitcoin,btc,Bitcoin,63942.09671686718,1282490022316.2664,32470916733.466785,,2026-07-07 17:00:49.124+00
bitcoin,btc,Bitcoin,64134.38775357911,1286103081069.8267,32038737945.956398,,2026-07-07 18:00:00.992+00
bitcoin,btc,Bitcoin,63658.43220461216,1276801024747.587,32193733408.06113,,2026-07-07 19:00:23+00
bitcoin,btc,Bitcoin,63766.30289430432,1278568540643.3967,32916992169.30281,,2026-07-07 20:01:31.026+00
bitcoin,btc,Bitcoin,63641.221279416444,1275948013680.432,32879133456.859943,,2026-07-07 21:00:05.06+00
bitcoin,btc,Bitcoin,63372.597940312146,1270647825021.0112,32337665094.838173,,2026-07-07 22:00:26.49+00
bitcoin,btc,Bitcoin,63505.74328204638,1273408896067.892,31633958994.804596,,2026-07-07 23:00:49.661+00
bitcoin,btc,Bitcoin,63287.204623191705,1269315381797.1243,31159756832.39611,,2026-07-08 00:01:53.423+00
bitcoin,btc,Bitcoin,63573.84506209216,1275107796294.6785,31511787398.05149,,2026-07-08 01:00:28.019+00
bitcoin,btc,Bitcoin,63001.391652521525,1263881009620.1902,29375559244.105446,,2026-07-08 02:01:39.654+00
bitcoin,btc,Bitcoin,62932.52174162355,1261897295022.9514,32321629753.524677,,2026-07-08 03:00:11.431+00
bitcoin,btc,Bitcoin,62716.95149636293,1257632479305.807,31350086586.959297,,2026-07-08 04:00:57.809+00
bitcoin,btc,Bitcoin,62735.112422890656,1257648397797.3137,31653034688.885193,,2026-07-08 05:00:06.413+00
bitcoin,btc,Bitcoin,62583.96837804984,1255205483562.7002,31255209675.129543,,2026-07-08 06:01:06.917+00
bitcoin,btc,Bitcoin,62600.141430180454,1255343957792.9312,30612724305.728783,,2026-07-08 07:01:00.089+00
bitcoin,btc,Bitcoin,62825.39569794576,1259775231418.577,30081058935.343327,,2026-07-08 08:00:27.172+00
bitcoin,btc,Bitcoin,61984.20323442917,1243286067619.2056,31723661426.59319,,2026-07-08 09:02:28.501+00
bitcoin,btc,Bitcoin,62014.74797212771,1243657234230.399,32841353731.088543,,2026-07-08 10:02:28.53+00
bitcoin,btc,Bitcoin,62091.43336056865,1245356103622.02,33185805700.8504,,2026-07-08 11:00:52.005+00
bitcoin,btc,Bitcoin,62246.096425569114,1248202484217.3787,33257981287.97989,,2026-07-08 12:01:30.052+00
bitcoin,btc,Bitcoin,61932.05086676209,1242543654665.8103,33228734025.3016,,2026-07-08 13:00:57.46+00
bitcoin,btc,Bitcoin,61831.22745667842,1238386345889.085,32919727172.901794,,2026-07-08 14:01:58.858+00
bitcoin,btc,Bitcoin,61842.84560816078,1240120739893.8452,31532184802.995594,,2026-07-08 15:01:42.346+00
bitcoin,btc,Bitcoin,61641.213975719205,1235950360435.822,29998485638.182777,,2026-07-08 16:00:59.835+00
bitcoin,btc,Bitcoin,62054.78429083154,1244450080098.3865,29915569954.509495,,2026-07-08 17:01:19.614+00
bitcoin,btc,Bitcoin,62048.00605643022,1244239730404.5596,29614363892.259052,,2026-07-08 18:01:15.416+00
bitcoin,btc,Bitcoin,62123.72638065353,1245749562623.4697,29097077956.785435,,2026-07-08 19:01:12.744+00
bitcoin,btc,Bitcoin,62195.710556983504,1246709473196.351,28341402387.91247,,2026-07-08 20:01:25.679+00
bitcoin,btc,Bitcoin,62056.45927908783,1244409765450.1167,27881164054.324078,,2026-07-08 21:01:17.41+00
bitcoin,btc,Bitcoin,62144.73025971306,1246785979609.4238,28605329115.26569,,2026-07-08 22:02:02.55+00
bitcoin,btc,Bitcoin,62267.37381989537,1248529680526.128,28116865407.83394,,2026-07-08 23:01:28.396+00
bitcoin,btc,Bitcoin,62252.63748967275,1248630201273.9177,27555262900.0978,,2026-07-09 00:02:26.396+00
bitcoin,btc,Bitcoin,62057.24234087997,1244351019303.1812,27383531057.81466,,2026-07-09 01:01:41.482+00
bitcoin,btc,Bitcoin,61855.58077868091,1240582454724.204,27281952192.510246,,2026-07-09 02:01:11.528+00
bitcoin,btc,Bitcoin,61740.75242165106,1238072958503.8777,25467595319.966946,,2026-07-09 03:01:36.552+00
bitcoin,btc,Bitcoin,61931.83568226704,1241990050997.9282,25485452648.94536,,2026-07-09 04:00:45.144+00
bitcoin,btc,Bitcoin,62388.799997011505,1251018478289.304,25013758214.70463,,2026-07-09 05:00:12.991+00
bitcoin,btc,Bitcoin,62513.2301450384,1253501970074.4387,25791376023.131546,,2026-07-09 06:00:23.621+00
bitcoin,btc,Bitcoin,62820.149627589315,1259668916200.7485,26020761565.00741,,2026-07-09 07:00:13.412+00
bitcoin,btc,Bitcoin,62947.80102698248,1262253011019.451,26959734730.947994,,2026-07-09 08:00:32.122+00
bitcoin,btc,Bitcoin,62836.64826003586,1260135085234.8745,26261332228.84298,,2026-07-09 09:01:05.072+00
bitcoin,btc,Bitcoin,62892.293535390665,1261382831276.394,25176141887.980907,,2026-07-09 10:00:01.674+00
bitcoin,btc,Bitcoin,62712.089962465136,1257510656252.3533,25739804706.908794,,2026-07-09 11:00:22.345+00
bitcoin,btc,Bitcoin,62726.73097400199,1257904950201.1033,25806113063.74301,,2026-07-09 12:00:14.063+00
bitcoin,btc,Bitcoin,62570.820826883464,1255087527225.3154,27716807155.272438,,2026-07-09 13:01:32.232+00
bitcoin,btc,Bitcoin,62968.05424026797,1262377196978.2253,27400405653.841747,,2026-07-09 14:01:31.9+00
bitcoin,btc,Bitcoin,62947.935198366315,1262093050560.4983,26798315238.283947,,2026-07-09 15:00:14.776+00
bitcoin,btc,Bitcoin,62819.43817638452,1259582971042.211,26387401561.0466,,2026-07-09 16:01:22.763+00
bitcoin,btc,Bitcoin,62652.276781562185,1256268195244.4885,25958180845.1278,,2026-07-09 17:00:50.444+00
bitcoin,btc,Bitcoin,63076.73003282413,1264745548360.4004,26172373109.807034,,2026-07-09 18:01:34.358+00
bitcoin,btc,Bitcoin,63158.21618374233,1266739538893.9592,26257295928.750866,,2026-07-09 19:01:09.589+00
bitcoin,btc,Bitcoin,63202.575673133855,1267652319561.1057,26728454228.295685,,2026-07-09 20:00:35.662+00
bitcoin,btc,Bitcoin,63255.281135642144,1268026839689.299,26869081370.373104,,2026-07-09 21:00:32.919+00
bitcoin,btc,Bitcoin,63233.95531837552,1268003497651.6772,26434606782.309834,,2026-07-09 22:01:09.59+00
bitcoin,btc,Bitcoin,63178.828901258355,1267112281209.3662,26128316080.81432,,2026-07-09 23:01:16.035+00
bitcoin,btc,Bitcoin,63201.08806990343,1267709779632.264,26638326096.506954,,2026-07-10 00:00:49.864+00
bitcoin,btc,Bitcoin,63045.18746663233,1264234269432.1143,26989127370.85678,,2026-07-10 01:00:50.002+00
bitcoin,btc,Bitcoin,63681.16647688241,1277521842119.3933,27370655769.031563,,2026-07-10 02:01:36.379+00
bitcoin,btc,Bitcoin,63919.6728866854,1282019226808.0676,27600198091.792038,,2026-07-10 03:01:38.228+00
bitcoin,btc,Bitcoin,63881.11532044424,1280979796115.2324,27747091142.82025,,2026-07-10 04:00:56.169+00
bitcoin,btc,Bitcoin,64004.05069425178,1283746915218.925,28090846260.652855,,2026-07-10 05:00:33.411+00
bitcoin,btc,Bitcoin,64060.62365144604,1284680573496.467,28359091769.93511,,2026-07-10 06:00:48.135+00
bitcoin,btc,Bitcoin,63807.168886962325,1279500088029.8613,28743445930.683067,,2026-07-10 07:01:27.187+00
bitcoin,btc,Bitcoin,63950.301083552404,1282353263324.2622,27996701624.83368,,2026-07-10 08:01:26.275+00
bitcoin,btc,Bitcoin,64212.07079433152,1287874145918.899,28079834212.06322,,2026-07-10 09:01:50.328+00
bitcoin,btc,Bitcoin,64344.57686298755,1290436008847.5571,27682409978.058456,,2026-07-10 10:01:38.087+00
bitcoin,btc,Bitcoin,64369.17004777795,1291017774964.5073,28073637954.006073,,2026-07-10 11:01:22.99+00
bitcoin,btc,Bitcoin,64360.08798509396,1290577290382.5862,27846035951.862164,,2026-07-10 12:01:52.137+00
bitcoin,btc,Bitcoin,64246.64072845215,1288354975932.1035,26507791987.72099,,2026-07-10 13:01:01.69+00
bitcoin,btc,Bitcoin,64442.51730042664,1292019122359.9097,26404433716.765343,,2026-07-10 14:01:14.248+00
bitcoin,btc,Bitcoin,63879.560460151944,1281203892674.221,27491693474.528034,,2026-07-10 15:01:13.133+00
bitcoin,btc,Bitcoin,63961.53854038046,1282623005493.931,27253429816.368896,,2026-07-10 16:00:54.477+00
bitcoin,btc,Bitcoin,64119.29884229157,1285666802131.566,27530155631.107933,,2026-07-10 17:01:23.375+00
bitcoin,btc,Bitcoin,63799.59845515737,1279811906231.2642,27023135184.06911,,2026-07-10 18:01:06.299+00
bitcoin,btc,Bitcoin,63756.88286384032,1278361639595.7422,26562460129.546036,,2026-07-10 19:01:17.611+00
bitcoin,btc,Bitcoin,63880.81340092693,1281149999431.64,26974123451.72893,,2026-07-10 20:00:20.072+00
bitcoin,btc,Bitcoin,63800.85162223474,1279436911152.3906,27444045337.225002,,2026-07-10 21:00:49.699+00
bitcoin,btc,Bitcoin,63955.87380446337,1282582462499.2058,27597350001.824173,,2026-07-10 22:00:51.798+00
bitcoin,btc,Bitcoin,64065.46308731039,1284817806941.009,28026443630.784664,,2026-07-10 23:01:28.525+00
bitcoin,btc,Bitcoin,64118.700579107266,1285876819397.4307,27765146140.84519,,2026-07-11 00:01:42.271+00
bitcoin,btc,Bitcoin,64090.985162830504,1285280370776.5762,27401572225.306057,,2026-07-11 01:02:05.329+00
bitcoin,btc,Bitcoin,63983.96626764876,1283472747471.4407,26816506398.570663,,2026-07-11 02:00:59.925+00
bitcoin,btc,Bitcoin,64115.522860571924,1285812774989.4436,25027300564.65094,,2026-07-11 03:00:48.727+00
bitcoin,btc,Bitcoin,64115.37631038539,1285988275059.376,25415500018.969105,,2026-07-11 04:01:24.797+00
bitcoin,btc,Bitcoin,64086.92184183047,1285204057802.4888,23466226430.704178,,2026-07-11 05:00:10.577+00
bitcoin,btc,Bitcoin,64125.93552085215,1286075782190.2473,22896673841.124615,,2026-07-11 06:00:43.735+00
bitcoin,btc,Bitcoin,64167.142957502365,1286911910748.063,22470725814.329544,,2026-07-11 07:00:27.618+00
bitcoin,btc,Bitcoin,64110.967829055204,1285641874620.9087,22390604283.003788,,2026-07-11 08:00:10.782+00
bitcoin,btc,Bitcoin,64209.99503621056,1287719745203.3687,20339334547.79032,,2026-07-11 09:00:31.965+00
bitcoin,btc,Bitcoin,64104.14383795518,1285721716796.0298,20398855459.45624,,2026-07-11 10:00:36.448+00
bitcoin,btc,Bitcoin,64117.181131837984,1285868175025.8767,19430877764.68851,,2026-07-11 11:01:03.235+00
bitcoin,btc,Bitcoin,64142.03562105326,1286250894245.3853,19506549580.24482,,2026-07-11 12:01:44.085+00
bitcoin,btc,Bitcoin,64135.07789561458,1286225553750.931,19389053365.917057,,2026-07-11 13:00:57.886+00
bitcoin,btc,Bitcoin,64188.71487099244,1287418748490.78,18641852870.644794,,2026-07-11 14:00:28.971+00
bitcoin,btc,Bitcoin,64311.1039631105,1289777988751.1125,17283235929.17595,,2026-07-11 15:00:11.61+00
bitcoin,btc,Bitcoin,64110.189634873896,1285893056540.668,17688647436.289116,,2026-07-11 16:01:44.467+00
bitcoin,btc,Bitcoin,64128.165827774385,1286027496922.702,17462475924.49974,,2026-07-11 17:01:26.586+00
bitcoin,btc,Bitcoin,64263.63534810441,1288867900239.2153,16278867409.737072,,2026-07-11 18:00:52.668+00
bitcoin,btc,Bitcoin,64279.15675534047,1289031665066.9429,16662060856.75299,,2026-07-11 19:01:01.855+00
bitcoin,btc,Bitcoin,64241.07631095752,1288346776142.6367,15827980919.833649,,2026-07-11 20:01:51.064+00
bitcoin,btc,Bitcoin,64339.095199074836,1290197767436.7642,14126517226.431585,,2026-07-11 21:00:41.252+00
bitcoin,btc,Bitcoin,64303.19087890115,1289585930197.7974,14480827218.473694,,2026-07-11 22:00:17.018+00
bitcoin,btc,Bitcoin,64154.8812983746,1286546767895.4978,14395605048.386324,,2026-07-11 23:01:41.81+00
bitcoin,btc,Bitcoin,63785.019944129,1279348118840.025,14621427303.689535,,2026-07-12 00:01:00.088+00
bitcoin,btc,Bitcoin,63795.5534612457,1279602596566.4197,16099401145.212929,,2026-07-12 01:01:19.738+00
bitcoin,btc,Bitcoin,64083.899429257246,1285151713728.3481,16362736849.090137,,2026-07-12 02:00:26.237+00
bitcoin,btc,Bitcoin,64063.16077869598,1284895188866.9358,16852778962.315887,,2026-07-12 03:01:48.294+00
bitcoin,btc,Bitcoin,64133.10697088716,1286183215575.048,17106232842.021156,,2026-07-12 04:01:44.291+00
bitcoin,btc,Bitcoin,63940.97636885769,1282170962709.733,17437743840.677803,,2026-07-12 05:00:12.575+00
bitcoin,btc,Bitcoin,63941.1451891897,1282262608300.4023,17401369836.92951,,2026-07-12 06:01:18.985+00
bitcoin,btc,Bitcoin,63724.00477666906,1277968507061.7593,17955073770.663242,,2026-07-12 07:01:46.488+00
bitcoin,btc,Bitcoin,63849.17710443917,1280451501851.932,17120090496.273497,,2026-07-12 08:01:47.207+00
bitcoin,btc,Bitcoin,63944.78172943581,1282439554891.2524,19206322435.371513,,2026-07-12 09:00:42.175+00
bitcoin,btc,Bitcoin,63922.04380563007,1281978113788.5068,21576539774.450962,,2026-07-12 10:01:52.741+00
bitcoin,btc,Bitcoin,63837.20446081583,1280326750853.3955,21806261257.66324,,2026-07-12 11:01:11.04+00
bitcoin,btc,Bitcoin,63971.89666202366,1282944906836.2512,20875591575.025032,,2026-07-12 12:00:28.134+00
bitcoin,btc,Bitcoin,63985.68399412193,1283330543747.9937,20524150485.240738,,2026-07-12 13:01:01.101+00
bitcoin,btc,Bitcoin,63985.723272603704,1283237650496.543,21110235261.71346,,2026-07-12 14:00:25.336+00
bitcoin,btc,Bitcoin,64171.54979050959,1286882052860.0178,19593780111.889843,,2026-07-12 15:00:38.551+00
bitcoin,btc,Bitcoin,64124.30325557406,1286004317324.5452,18879984804.250507,,2026-07-12 16:01:13.689+00
bitcoin,btc,Bitcoin,64126.799872384305,1285897015186.0928,19744776543.4769,,2026-07-12 17:00:06.769+00
bitcoin,btc,Bitcoin,64037.39022055867,1284298211716.7288,19567841325.47437,,2026-07-12 18:00:19.623+00
bitcoin,btc,Bitcoin,64109.22648415865,1285696462822.7463,18392867483.822514,,2026-07-12 19:00:11.956+00
bitcoin,btc,Bitcoin,64196.767261017034,1287507960170.9036,18452692083.497936,,2026-07-12 20:01:31.485+00
bitcoin,btc,Bitcoin,64159.25931357315,1286747074564.4822,18379468015.335674,,2026-07-12 20:23:36+00
bitcoin,btc,Bitcoin,63639.0,1276874562219.0,25818464194.0,0.5,2026-08-03 21:39:29.711364+00
bitcoin,btc,Bitcoin,63646.0,1276976234214.0,25809338719.0,0.5,2026-08-03 21:40:57.980624+00
bitcoin,btc,Bitcoin,63644.0,1277269018925.0,25834965896.0,0.5,2026-08-03 21:42:31.994384+00
bitcoin,btc,Bitcoin,63634.0,1276834275670.0,25818863624.0,0.5,2026-08-03 21:43:56.684236+00
bitcoin,btc,Bitcoin,63627.0,1276726006381.0,25753132574.0,0.5,2026-08-03 21:45:28.80113+00
bitcoin,btc,Bitcoin,63627.0,1276692096458.0,25754485449.0,0.5,2026-08-03 21:46:59.284276+00
bitcoin,btc,Bitcoin,63618.0,1276518241030.0,25702681180.0,0.5,2026-08-03 21:48:26.608433+00
bitcoin,btc,Bitcoin,63617.0,1276466666019.0,25699007337.0,0.5,2026-08-03 21:49:59.281024+00
bitcoin,btc,Bitcoin,63593.0,1276316944728.0,25680638371.0,0.5,2026-08-03 21:51:28.017008+00
bitcoin,btc,Bitcoin,63605.0,1276010462790.0,25647119587.0,0.5,2026-08-03 21:52:58.538575+00
bitcoin,btc,Bitcoin,63595.0,1276358655435.0,25626463762.0,0.5,2026-08-03 21:54:26.769424+00
bitcoin,btc,Bitcoin,63592.0,1276003021239.0,25647900020.0,0.5,2026-08-03 21:55:59.229977+00
bitcoin,btc,Bitcoin,63546.0,1275376483310.0,25630156424.0,0.5,2026-08-03 21:57:27.606964+00
bitcoin,btc,Bitcoin,63524.0,1274629865703.0,25636673894.0,0.5,2026-08-03 21:58:56.396474+00
bitcoin,btc,Bitcoin,63539.0,1274939349172.0,25648885220.0,0.2,2026-08-03 22:00:32.133416+00
bitcoin,btc,Bitcoin,63550.0,1274924165107.0,25662756152.0,0.2,2026-08-03 22:01:57.095076+00
bitcoin,btc,Bitcoin,63549.0,1275141483898.0,25583800128.0,0.2,2026-08-03 22:03:26.58533+00
bitcoin,btc,Bitcoin,63445.0,1273325639576.0,25494405458.0,0.2,2026-08-03 22:05:04.2222+00
bitcoin,btc,Bitcoin,63448.0,1272834029262.0,25477708801.0,0.2,2026-08-03 22:06:30.648964+00
bitcoin,btc,Bitcoin,63400.0,1272460351472.0,25480073689.0,0.2,2026-08-03 22:07:59.822197+00
bitcoin,btc,Bitcoin,63406.0,1271645795457.0,25535722443.0,0.2,2026-08-03 22:09:26.882278+00
bitcoin,btc,Bitcoin,63433.0,1272424664376.0,25620702831.0,0.2,2026-08-03 22:11:04.440586+00
ethereum,eth,Ethereum,2312.425853378198,279089302137.90436,30656283091.82975,,2026-04-14 21:00:18.192+00
ethereum,eth,Ethereum,2325.1125565065213,280623877824.5688,28818853946.171608,,2026-04-14 22:00:50.238+00
ethereum,eth,Ethereum,2316.4275228538836,279590790569.8512,27595479295.24822,,2026-04-14 23:00:17.758+00
ethereum,eth,Ethereum,2323.217827319875,280391279509.0663,24070653200.686302,,2026-04-15 00:00:39.187+00
ethereum,eth,Ethereum,2334.600371369054,281531714170.93396,24518200267.39825,,2026-04-15 01:00:08.987+00
ethereum,eth,Ethereum,2336.3775268637373,281986634001.68036,22608591660.664356,,2026-04-15 02:00:02.808+00
ethereum,eth,Ethereum,2325.2254555556456,280447596535.0832,22938162860.32434,,2026-04-15 03:00:12.062+00
ethereum,eth,Ethereum,2329.181030063494,281110110179.00696,21893509188.28094,,2026-04-15 04:00:47.712+00
ethereum,eth,Ethereum,2333.665868843239,281621756659.36383,23191699897.511147,,2026-04-15 05:00:10.78+00
ethereum,eth,Ethereum,2320.6525636642577,279870381837.9706,22985123860.440346,,2026-04-15 06:00:48.049+00
ethereum,eth,Ethereum,2317.292447157918,279667956026.45776,22563076630.11517,,2026-04-15 07:01:03.499+00
ethereum,eth,Ethereum,2316.641948703998,279625417390.55774,21226937501.302376,,2026-04-15 08:00:43.338+00
ethereum,eth,Ethereum,2328.424719102701,281027201892.24725,20193672655.211506,,2026-04-15 09:00:18.138+00
ethereum,eth,Ethereum,2320.9042842118747,280110186583.7223,21134779018.1566,,2026-04-15 10:00:39.477+00
ethereum,eth,Ethereum,2322.719683572723,280331261353.32025,20999133333.52477,,2026-04-15 11:00:01.877+00
ethereum,eth,Ethereum,2335.7637305811054,280785789496.4903,20435361779.28413,,2026-04-15 12:00:14.983+00
ethereum,eth,Ethereum,2337.5056694194113,282117857146.4932,20946533518.551773,,2026-04-15 13:00:15.913+00
ethereum,eth,Ethereum,2327.487330027052,280890942678.76636,20131036312.57918,,2026-04-15 14:00:04.131+00
ethereum,eth,Ethereum,2337.8958778768597,282212484949.993,18133295938.91031,,2026-04-15 15:00:34.288+00
ethereum,eth,Ethereum,2331.837670451234,281547079917.81396,17074771482.768335,,2026-04-15 16:00:35.249+00
ethereum,eth,Ethereum,2340.382852697643,282439179930.58655,16812097165.748499,,2026-04-15 17:00:33.864+00
ethereum,eth,Ethereum,2347.9158682132474,283371518892.9235,15964444186.709528,,2026-04-15 18:00:31.564+00
ethereum,eth,Ethereum,2359.0253553241396,284707985105.868,16299330569.457205,,2026-04-15 19:01:02.267+00
ethereum,eth,Ethereum,2375.968711159628,286766156759.26245,15772226099.653795,,2026-04-15 20:00:49.291+00
ethereum,eth,Ethereum,2363.656994056358,285257371480.7351,15638443507.011742,,2026-04-15 21:00:21.99+00
ethereum,eth,Ethereum,2360.453896884255,284924602160.42096,16028011991.637802,,2026-04-15 22:00:40.53+00
ethereum,eth,Ethereum,2365.0274808601425,285550655428.03,15700809012.024801,,2026-04-15 23:00:31.25+00
ethereum,eth,Ethereum,2359.683410161545,284827964173.4559,17326838284.48319,,2026-04-16 00:00:42.694+00
ethereum,eth,Ethereum,2360.9435958606546,284944496244.0525,16868636543.986038,,2026-04-16 01:00:38.226+00
ethereum,eth,Ethereum,2351.6484203422615,283902667425.8636,16139327096.106909,,2026-04-16 02:00:36.179+00
ethereum,eth,Ethereum,2359.256988630276,284660401340.1777,16567573262.046461,,2026-04-16 03:00:34.084+00
ethereum,eth,Ethereum,2358.6831417983026,284824881032.79425,16448005495.105188,,2026-04-16 04:01:13.883+00
ethereum,eth,Ethereum,2354.66734633891,284118438280.8386,17000574601.756828,,2026-04-16 05:00:40.632+00
ethereum,eth,Ethereum,2356.9042200433823,284468016747.03845,17240217804.826736,,2026-04-16 06:00:46.535+00
ethereum,eth,Ethereum,2355.2885621552623,284250304877.8645,17220284965.11474,,2026-04-16 07:00:59.211+00
ethereum,eth,Ethereum,2341.3228313818177,282361399655.0838,16806406118.893532,,2026-04-16 08:00:33.723+00
ethereum,eth,Ethereum,2339.7357506797744,282761436333.34906,17275492778.99542,,2026-04-16 09:00:37.961+00
ethereum,eth,Ethereum,2338.9188369333137,282282134197.2717,16514994182.82353,,2026-04-16 10:00:48.635+00
ethereum,eth,Ethereum,2332.752373575803,281573136448.52844,16343250600.672422,,2026-04-16 11:00:07.102+00
ethereum,eth,Ethereum,2335.536480285313,281828627867.8608,17467174809.85375,,2026-04-16 12:00:43.884+00
ethereum,eth,Ethereum,2340.351728786543,282453141800.96735,16733403023.804333,,2026-04-16 13:00:57.656+00
ethereum,eth,Ethereum,2306.3651540479595,278177463237.28766,18095489157.505795,,2026-04-16 14:00:18.697+00
ethereum,eth,Ethereum,2308.81567097933,278581480266.2554,18914534429.941833,,2026-04-16 15:00:11.468+00
ethereum,eth,Ethereum,2340.056895909236,282409726290.40936,18997746823.398693,,2026-04-16 16:00:51.731+00
ethereum,eth,Ethereum,2317.287629963791,279612357653.03687,17080264401.712513,,2026-04-16 17:00:51.218+00
ethereum,eth,Ethereum,2323.2625642679222,280368775592.34906,20080406622.928143,,2026-04-16 18:00:23.622+00
ethereum,eth,Ethereum,2342.5808135081033,282496662635.40845,21203029293.443592,,2026-04-16 19:00:42.67+00
ethereum,eth,Ethereum,2360.6074114592543,284824461079.3773,16772893345.58576,,2026-04-16 20:00:53.211+00
ethereum,eth,Ethereum,2350.21241672148,283636746223.20245,20333825340.88688,,2026-04-16 21:00:39.189+00
ethereum,eth,Ethereum,2341.1301628139686,282494853243.4025,20274063675.724,,2026-04-16 22:00:27.548+00
ethereum,eth,Ethereum,2342.7972739114166,282739991408.9646,19869743051.04966,,2026-04-16 23:00:58.3+00
ethereum,eth,Ethereum,2348.7047080527386,283412286692.5497,20472335141.626884,,2026-04-17 00:00:30.137+00
ethereum,eth,Ethereum,2345.2343377086845,283043761687.6724,19476363338.463226,,2026-04-17 01:00:11.883+00
ethereum,eth,Ethereum,2337.6728964079666,281824781383.6422,17235930639.63609,,2026-04-17 02:00:24.441+00
ethereum,eth,Ethereum,2331.202692426321,281371880662.1241,20155032080.12139,,2026-04-17 03:01:20.155+00
ethereum,eth,Ethereum,2327.0375824617995,280898055436.3393,19158042886.99952,,2026-04-17 04:00:37.726+00
ethereum,eth,Ethereum,2329.574165846616,281139584275.5757,20021274392.69887,,2026-04-17 05:00:45.438+00
ethereum,eth,Ethereum,2319.4205736198137,280031630267.4205,19911642535.360714,,2026-04-17 06:00:45.827+00
ethereum,eth,Ethereum,2330.9754150607623,281341444564.70245,19007724811.006187,,2026-04-17 07:00:52.166+00
ethereum,eth,Ethereum,2333.6936201659278,281547040798.307,18952708916.55784,,2026-04-17 08:01:13.303+00
ethereum,eth,Ethereum,2355.0552909142352,284232545354.6686,20225238409.84157,,2026-04-17 09:01:01.292+00
ethereum,eth,Ethereum,2359.2939585489876,284846909143.2741,20699008442.152576,,2026-04-17 10:00:35.548+00
ethereum,eth,Ethereum,2344.555455064471,282907477107.5,21103412839.424282,,2026-04-17 11:00:04.077+00
ethereum,eth,Ethereum,2355.081945415364,284161240349.08984,21275960101.695393,,2026-04-17 12:01:16.186+00
ethereum,eth,Ethereum,2372.1635143427457,286508845407.34534,21609441347.647003,,2026-04-17 13:00:59.734+00
ethereum,eth,Ethereum,2437.6357591352703,294140044956.0524,24670862209.35991,,2026-04-17 14:00:54.099+00
ethereum,eth,Ethereum,2448.945072075849,295514465747.1193,24894079941.631172,,2026-04-17 15:00:59.421+00
ethereum,eth,Ethereum,2443.9448783253692,295066404109.5311,24762814828.74632,,2026-04-17 16:01:16.367+00
ethereum,eth,Ethereum,2451.211711769277,295931320326.7538,24884161877.891926,,2026-04-17 17:00:38.05+00
ethereum,eth,Ethereum,2440.28854288759,294520616326.1016,24158071326.431225,,2026-04-17 18:00:16.597+00
ethereum,eth,Ethereum,2420.5584158654083,292138712158.81024,23352278199.311745,,2026-04-17 19:00:53.964+00
ethereum,eth,Ethereum,2431.008458879134,293424612493.2664,24001019943.046917,,2026-04-17 20:00:53.541+00
ethereum,eth,Ethereum,2427.280803866344,292973881019.37836,24756169986.43091,,2026-04-17 21:00:58.147+00
ethereum,eth,Ethereum,2430.8044908063684,293365133723.14716,24717353977.899014,,2026-04-17 22:01:03.121+00
ethereum,eth,Ethereum,2434.4818660301457,294036790731.0886,25064971068.011143,,2026-04-17 23:00:40.466+00
ethereum,eth,Ethereum,2421.00695362286,292201557219.6431,25049986905.615837,,2026-04-18 00:00:09.558+00
ethereum,eth,Ethereum,2420.3348358609305,292427814200.15967,26151388856.216408,,2026-04-18 01:00:21.631+00
ethereum,eth,Ethereum,2420.5034414612805,292088694150.2351,25975409392.536877,,2026-04-18 02:00:11.397+00
ethereum,eth,Ethereum,2420.2274024594367,292131948241.7294,25975736279.776806,,2026-04-18 03:00:13.501+00
ethereum,eth,Ethereum,2404.3911907093743,290150908618.646,25458476438.60754,,2026-04-18 04:00:41.723+00
ethereum,eth,Ethereum,2409.2765464734557,290787566441.3469,25230812123.11695,,2026-04-18 05:00:38.704+00
ethereum,eth,Ethereum,2409.309409105987,290781603470.2651,25746584984.44756,,2026-04-18 06:00:52.667+00
ethereum,eth,Ethereum,2410.435194362355,290936719575.9289,25816717223.03841,,2026-04-18 07:01:05.464+00
ethereum,eth,Ethereum,2405.02886684861,290177011397.6794,24850295275.895504,,2026-04-18 08:00:41.542+00
ethereum,eth,Ethereum,2381.129007792183,287343458691.7451,24654627638.26141,,2026-04-18 09:00:40.571+00
ethereum,eth,Ethereum,2376.627234117947,286712888235.30524,22145196340.798504,,2026-04-18 10:00:44.141+00
ethereum,eth,Ethereum,2359.4446699284285,284768734943.1488,24440907579.053707,,2026-04-18 11:00:21.021+00
ethereum,eth,Ethereum,2353.4976552499966,283959886154.2136,25515547103.750965,,2026-04-18 12:00:51.736+00
ethereum,eth,Ethereum,2358.3260314299887,284633938712.8295,23337125510.037514,,2026-04-18 13:01:04.018+00
ethereum,eth,Ethereum,2356.322149916212,284373783769.525,19674178799.205322,,2026-04-18 14:00:39.695+00
ethereum,eth,Ethereum,2365.1823398135616,285407105979.5452,17072839757.932392,,2026-04-18 15:00:35.959+00
ethereum,eth,Ethereum,2363.8531167196975,285303925993.9926,17229770219.376057,,2026-04-18 16:00:14.406+00
ethereum,eth,Ethereum,2360.770793047376,284921078418.3509,16709092139.10532,,2026-04-18 17:00:43.59+00
ethereum,eth,Ethereum,2363.103035483339,285209177486.04407,16092940268.567595,,2026-04-18 18:00:53.384+00
ethereum,eth,Ethereum,2347.8583057637297,283357374642.2452,16641032540.8311,,2026-04-18 19:01:15.308+00
ethereum,eth,Ethereum,2349.840649275992,283590245955.4304,15751196864.640293,,2026-04-18 20:00:49.171+00
ethereum,eth,Ethereum,2353.54095789082,283979003574.4482,15718596304.21024,,2026-04-18 21:01:10.857+00
ethereum,eth,Ethereum,2354.686026016955,284186806164.82605,14785273987.306707,,2026-04-18 22:00:19.48+00
ethereum,eth,Ethereum,2357.5179547928574,284566265174.08234,13802807572.051153,,2026-04-18 23:00:43.126+00
ethereum,eth,Ethereum,2350.9360042357484,283736558086.4004,13349871162.941334,,2026-04-19 00:00:10.67+00
ethereum,eth,Ethereum,2349.009688882503,283464172241.5788,13829456139.68712,,2026-04-19 01:00:55.916+00
ethereum,eth,Ethereum,2348.5712266259807,283517221879.0509,13063672045.883617,,2026-04-19 02:00:10.566+00
ethereum,eth,Ethereum,2340.3695086105213,282506795922.99097,13167114506.536394,,2026-04-19 03:01:12.429+00
ethereum,eth,Ethereum,2340.4023204891705,282466331957.0777,13950844671.151703,,2026-04-19 04:00:06.685+00
ethereum,eth,Ethereum,2333.68259244468,281656938477.9163,12762612120.883268,,2026-04-19 05:00:50.243+00
ethereum,eth,Ethereum,2333.3592720878005,281614228750.21686,14090927599.276945,,2026-04-19 06:01:10.043+00
ethereum,eth,Ethereum,2327.104980731569,280775720180.6372,13606362512.526299,,2026-04-19 07:00:44.572+00
ethereum,eth,Ethereum,2318.0115659583994,279826775505.9339,14608404685.479427,,2026-04-19 08:00:32.374+00
ethereum,eth,Ethereum,2319.0432542098297,279902021149.64856,13963279281.288809,,2026-04-19 09:00:12.827+00
ethereum,eth,Ethereum,2310.4215985856695,278846836684.7753,13578127602.382969,,2026-04-19 10:00:35.292+00
ethereum,eth,Ethereum,2319.2556690838746,279936694286.48114,12750566141.771545,,2026-04-19 11:00:56.06+00
ethereum,eth,Ethereum,2330.0036014974025,281238284320.93445,13940679240.813793,,2026-04-19 12:00:37.746+00
ethereum,eth,Ethereum,2333.258666738629,281525943684.91876,14047981110.695055,,2026-04-19 13:00:09.773+00
ethereum,eth,Ethereum,2338.8574107349245,282306496471.3983,13407409507.710762,,2026-04-19 14:00:21.256+00
ethereum,eth,Ethereum,2339.3290712886364,282425676828.87054,13847040858.989798,,2026-04-19 15:00:08.002+00
ethereum,eth,Ethereum,2330.2872556645325,281245134324.7367,13002105677.698349,,2026-04-19 16:00:17.848+00
ethereum,eth,Ethereum,2312.7375563533787,279118008871.1383,13809606397.395575,,2026-04-19 17:00:53.349+00
ethereum,eth,Ethereum,2298.301033425732,277523968615.34125,13281367136.818611,,2026-04-19 18:00:35.724+00
ethereum,eth,Ethereum,2296.0086051984713,276934352002.6195,13487422628.519897,,2026-04-19 19:00:55.107+00
ethereum,eth,Ethereum,2300.276015098981,277502171619.96,13813453955.932407,,2026-04-19 20:00:54.105+00
ethereum,eth,Ethereum,2282.5236282226165,275606337140.7145,14868317995.960613,,2026-04-19 21:00:47.741+00
ethereum,eth,Ethereum,2278.2494088649414,275107842134.6419,14490096904.370838,,2026-04-19 22:00:32.805+00
ethereum,eth,Ethereum,2273.6731714241137,274438320816.37097,15632966164.300167,,2026-04-19 23:00:33.627+00
ethereum,eth,Ethereum,2264.8143990219965,273471912491.04132,16902057633.758123,,2026-04-20 00:00:49.48+00
ethereum,eth,Ethereum,2282.5862235018767,275488128177.50916,17320382306.594776,,2026-04-20 01:00:02.846+00
ethereum,eth,Ethereum,2287.163178268528,276238052874.2383,16766767836.490957,,2026-04-20 02:00:44.156+00
ethereum,eth,Ethereum,2278.9148960135035,275057544261.462,16689158632.584251,,2026-04-20 03:00:45.399+00
ethereum,eth,Ethereum,2287.4759904332263,275979584433.6257,16337798546.83209,,2026-04-20 04:00:30.484+00
ethereum,eth,Ethereum,2283.809414268388,275617610870.00745,15993935385.912636,,2026-04-20 05:00:51.242+00
ethereum,eth,Ethereum,2270.6687830213773,274157163875.64902,16614743187.398302,,2026-04-20 06:00:47.816+00
ethereum,eth,Ethereum,2286.027842499384,275646539248.3132,16390983081.105164,,2026-04-20 07:00:43.744+00
ethereum,eth,Ethereum,2296.305069334071,277102425871.13745,17591048333.07009,,2026-04-20 08:00:11.105+00
ethereum,eth,Ethereum,2294.101746129897,276871409919.5652,16842454110.119652,,2026-04-20 09:00:37.702+00
ethereum,eth,Ethereum,2309.506013516057,279013548425.8945,16401515196.883165,,2026-04-20 10:00:47.288+00
ethereum,eth,Ethereum,2304.6494468140368,278162461863.38293,17945538988.98423,,2026-04-20 11:00:48.07+00
ethereum,eth,Ethereum,2308.497402443918,278779602507.62476,17042031742.488081,,2026-04-20 12:00:30.88+00
ethereum,eth,Ethereum,2318.628734401316,279703051525.4335,17119829486.938326,,2026-04-20 13:00:39.06+00
ethereum,eth,Ethereum,2313.713906393512,279284912334.19946,16846387654.89334,,2026-04-20 14:00:08.167+00
ethereum,eth,Ethereum,2289.020123401735,276503301830.0085,18426195247.310947,,2026-04-20 15:01:00.669+00
ethereum,eth,Ethereum,2311.69404035839,278962089674.3921,19302113966.483284,,2026-04-20 16:00:06.919+00
ethereum,eth,Ethereum,2300.2484067136365,277745837835.75397,20343532116.483032,,2026-04-20 17:00:32.593+00
ethereum,eth,Ethereum,2318.7356240049,279809578625.69525,21046492405.346626,,2026-04-20 18:00:23.939+00
ethereum,eth,Ethereum,2335.2297824484576,282344777054.6308,21626847391.241226,,2026-04-20 19:01:17.886+00
ethereum,eth,Ethereum,2333.0818474626226,281425398422.25323,21565544737.016396,,2026-04-20 20:00:37.341+00
ethereum,eth,Ethereum,2338.8947445662147,282281180751.3451,21919022393.071384,,2026-04-20 21:00:56.569+00
ethereum,eth,Ethereum,2322.1573367573706,280272045563.9241,23529523267.179703,,2026-04-20 22:00:39.531+00
ethereum,eth,Ethereum,2320.1642883263166,280002905794.581,22506504571.06906,,2026-04-20 23:00:11.283+00
ethereum,eth,Ethereum,2315.024147296644,279392380110.18536,23156669964.6911,,2026-04-21 00:00:30.93+00
ethereum,eth,Ethereum,2321.9702453002765,280044376431.74176,21851779030.864017,,2026-04-21 01:00:39.894+00
ethereum,eth,Ethereum,2314.815647711241,279332282789.2334,21428883726.69772,,2026-04-21 02:00:59.42+00
ethereum,eth,Ethereum,2309.740915811182,278712434960.98016,21158742997.828144,,2026-04-21 03:00:48.906+00
ethereum,eth,Ethereum,2312.471178184025,279089610818.9976,21044049605.972977,,2026-04-21 04:00:52.569+00
ethereum,eth,Ethereum,2315.1091854612096,279392001476.542,21547565953.7809,,2026-04-21 05:00:37.106+00
ethereum,eth,Ethereum,2315.1138763319614,279413438530.2404,21044112859.20118,,2026-04-21 06:01:11.815+00
ethereum,eth,Ethereum,2318.9334067567193,279884970560.71405,20704454374.14899,,2026-04-21 07:01:10.986+00
ethereum,eth,Ethereum,2319.885959046846,279992890963.1113,18574172870.87665,,2026-04-21 08:00:39.037+00
ethereum,eth,Ethereum,2324.334686693435,280518864685.88477,18525823691.047234,,2026-04-21 09:00:09.823+00
ethereum,eth,Ethereum,2325.3733356660987,280554820259.8691,19752187131.166225,,2026-04-21 10:00:42.067+00
ethereum,eth,Ethereum,2333.6076323466323,281807207723.2021,16672841553.568323,,2026-04-21 11:00:30.223+00
ethereum,eth,Ethereum,2321.3784585510516,280115439172.2016,16789256383.168575,,2026-04-21 12:00:54.016+00
ethereum,eth,Ethereum,2307.9388011068704,278484067835.347,16584253913.410625,,2026-04-21 13:01:03.544+00
ethereum,eth,Ethereum,2313.1157194059656,279204113015.17975,17640442340.40565,,2026-04-21 14:00:21.385+00
ethereum,eth,Ethereum,2303.1949300643046,278795942480.702,16701232119.637056,,2026-04-21 15:00:32.423+00
ethereum,eth,Ethereum,2308.6161084589503,278510617899.4639,17102679442.88702,,2026-04-21 16:00:27.039+00
ethereum,eth,Ethereum,2310.0061551136964,278938097811.68365,17084730967.13791,,2026-04-21 17:00:03.653+00
ethereum,eth,Ethereum,2305.582944793784,278262171160.1561,17002140321.074474,,2026-04-21 18:00:00.622+00
ethereum,eth,Ethereum,2312.4042200822328,279092049065.33246,16123460900.06273,,2026-04-21 19:00:44.986+00
ethereum,eth,Ethereum,2297.4433787374537,277199846257.2664,16377574273.346989,,2026-04-21 20:01:09.977+00
ethereum,eth,Ethereum,2319.2396488322947,279808988437.69354,17551739787.52122,,2026-04-21 21:00:42.306+00
ethereum,eth,Ethereum,2313.131851904494,279089806614.19165,17107311016.968037,,2026-04-21 22:00:30.618+00
ethereum,eth,Ethereum,2311.6887564860276,278918456642.8101,15580592688.418623,,2026-04-21 23:00:27.51+00
ethereum,eth,Ethereum,2327.5116327297133,280906616299.54285,17130568289.747871,,2026-04-22 00:00:19.335+00
ethereum,eth,Ethereum,2324.671334780479,280573911743.17004,16182813496.98754,,2026-04-22 01:00:32.612+00
ethereum,eth,Ethereum,2323.766070336116,280442647272.30457,15845773832.99603,,2026-04-22 02:00:50.58+00
ethereum,eth,Ethereum,2371.1906294510204,286191750437.61646,17324721975.332134,,2026-04-22 03:00:53.132+00
ethereum,eth,Ethereum,2365.2332568332313,285481312080.36163,18829984018.87135,,2026-04-22 04:00:41.286+00
ethereum,eth,Ethereum,2362.8999075684396,285165150180.63416,18517138296.488667,,2026-04-22 05:00:28.972+00
ethereum,eth,Ethereum,2397.7086568006334,289466842465.3805,21507170777.998226,,2026-04-22 06:00:46.966+00
ethereum,eth,Ethereum,2391.9121190731994,288671204892.647,19898888544.19235,,2026-04-22 07:00:07.792+00
ethereum,eth,Ethereum,2391.0151695495956,288430368116.1287,20865582961.473476,,2026-04-22 08:00:33.933+00
ethereum,eth,Ethereum,2387.947822423711,288233751229.4753,20189787141.945026,,2026-04-22 09:00:58.238+00
ethereum,eth,Ethereum,2387.41867137886,288128522964.46045,21184314402.827126,,2026-04-22 10:00:02.913+00
ethereum,eth,Ethereum,2390.2991265304563,288419201183.94855,19992718914.719646,,2026-04-22 11:00:38.784+00
ethereum,eth,Ethereum,2398.238120093487,289423626565.225,19717170259.021126,,2026-04-22 12:00:57.216+00
ethereum,eth,Ethereum,2405.3811261313854,290287756200.7684,21163633060.915794,,2026-04-22 13:00:59.05+00
ethereum,eth,Ethereum,2415.4283472828724,291509648373.2283,21479627051.33336,,2026-04-22 14:00:52.031+00
ethereum,eth,Ethereum,2404.526950639835,289886442760.2389,22707109640.454464,,2026-04-22 15:00:14.012+00
ethereum,eth,Ethereum,2405.293208645257,290789730783.8794,23149711117.45737,,2026-04-22 16:00:57.045+00
ethereum,eth,Ethereum,2386.781949842445,288081049577.96857,21664876038.77102,,2026-04-22 17:00:30.431+00
ethereum,eth,Ethereum,2399.9349269438344,289698746044.8205,23027404535.48486,,2026-04-22 18:00:50.653+00
ethereum,eth,Ethereum,2398.262652277654,289561632729.76825,23006204147.324272,,2026-04-22 19:00:41.115+00
ethereum,eth,Ethereum,2398.9024197136923,289541208046.9106,22513006605.512016,,2026-04-22 20:00:54.872+00
ethereum,eth,Ethereum,2392.0933256078483,288757375185.0006,20839251070.753933,,2026-04-22 21:00:52.73+00
ethereum,eth,Ethereum,2403.557011682404,290158005652.9282,22140716221.496223,,2026-04-22 22:00:01.134+00
ethereum,eth,Ethereum,2398.368731452138,289419338954.8976,21192126703.284817,,2026-04-22 23:00:04.049+00
ethereum,eth,Ethereum,2375.7666715287,286934705207.57837,21043206575.188683,,2026-04-23 00:00:53.562+00
ethereum,eth,Ethereum,2371.8000819035865,286286708355.0237,21950716826.529118,,2026-04-23 01:00:48.459+00
ethereum,eth,Ethereum,2366.7499029287046,285735710868.2852,22201049843.883244,,2026-04-23 02:01:11.249+00
ethereum,eth,Ethereum,2353.1824793060814,284008447658.2307,22186471211.985188,,2026-04-23 03:00:49.721+00
ethereum,eth,Ethereum,2340.1653976712137,282347762201.2433,20746747978.639225,,2026-04-23 04:00:27.123+00
ethereum,eth,Ethereum,2348.2429788192144,283394187298.64624,20310668917.03632,,2026-04-23 05:00:22.821+00
ethereum,eth,Ethereum,2349.3062227002115,283636725048.9524,20003206903.105278,,2026-04-23 06:00:35.216+00
ethereum,eth,Ethereum,2355.511648115607,284284303305.41797,18461316627.241722,,2026-04-23 07:00:13.86+00
ethereum,eth,Ethereum,2344.0790011249437,282898636404.53644,18928850185.29333,,2026-04-23 08:00:19.027+00
ethereum,eth,Ethereum,2340.6043470267023,282483108521.95056,18871642853.712223,,2026-04-23 09:00:17.874+00
ethereum,eth,Ethereum,2317.0301077545414,279652974663.90076,20251113009.20678,,2026-04-23 10:00:27.183+00
ethereum,eth,Ethereum,2314.5478538028215,279272566838.026,19878538568.47911,,2026-04-23 11:00:05.178+00
ethereum,eth,Ethereum,2329.9066478375735,281253760750.61554,20869550205.450405,,2026-04-23 12:00:32.228+00
ethereum,eth,Ethereum,2328.3882875475056,280980345296.5026,20600937535.472275,,2026-04-23 13:01:08.752+00
ethereum,eth,Ethereum,2320.0214388479694,279983458721.2844,20092584727.79708,,2026-04-23 14:00:03.09+00
ethereum,eth,Ethereum,2334.2448072220927,281670038818.832,17792820087.644585,,2026-04-23 15:01:10.589+00
ethereum,eth,Ethereum,2333.1439752745523,281408996432.851,16028407510.078226,,2026-04-23 16:01:13.678+00
ethereum,eth,Ethereum,2326.3292542048166,280808410147.6916,17043651331.344904,,2026-04-23 17:00:16.342+00
ethereum,eth,Ethereum,2310.087175654325,278739549768.8727,18386139317.384087,,2026-04-23 18:00:15.655+00
ethereum,eth,Ethereum,2309.4884308751507,278720969073.4047,19928054179.50036,,2026-04-23 19:00:31.323+00
ethereum,eth,Ethereum,2317.683915576855,279806036489.9982,18664709693.860233,,2026-04-23 20:00:15.664+00
ethereum,eth,Ethereum,2324.019523113514,280393406266.7501,19079045074.755085,,2026-04-23 21:00:08.387+00
ethereum,eth,Ethereum,2326.296655666293,280893590016.5968,19921132618.92642,,2026-04-23 22:00:49.804+00
ethereum,eth,Ethereum,2332.663724395286,281541797048.6895,19101603110.085857,,2026-04-23 23:00:41.018+00
ethereum,eth,Ethereum,2330.8275816492055,281372763547.7247,19629913368.43663,,2026-04-24 00:00:39.868+00
ethereum,eth,Ethereum,2331.7141074346027,281388047832.874,18009737508.144356,,2026-04-24 01:00:42.938+00
ethereum,eth,Ethereum,2333.2292116245276,281591699418.8952,17575821953.783707,,2026-04-24 02:00:18.568+00
ethereum,eth,Ethereum,2320.3656151056566,279968551222.08203,17522047184.081104,,2026-04-24 03:00:43.046+00
ethereum,eth,Ethereum,2308.6868317549684,278586674677.81287,16740311180.62511,,2026-04-24 04:01:14.637+00
ethereum,eth,Ethereum,2307.3942964061803,278512559361.2562,16681545452.381338,,2026-04-24 05:00:42.544+00
ethereum,eth,Ethereum,2315.464104686312,279448978644.1363,15336320644.158169,,2026-04-24 06:00:30.321+00
ethereum,eth,Ethereum,2310.040640374919,278835834122.27716,16384508961.901777,,2026-04-24 07:00:55.072+00
ethereum,eth,Ethereum,2310.4283965149903,278786109908.7072,16203048632.065012,,2026-04-24 08:00:51.891+00
ethereum,eth,Ethereum,2316.796623613986,279716532835.78827,16966714636.10727,,2026-04-24 09:00:35.379+00
ethereum,eth,Ethereum,2310.0121632261485,278740319364.19556,16091824932.259344,,2026-04-24 10:00:38.889+00
ethereum,eth,Ethereum,2317.6607731279723,279758846395.0206,15640380752.112175,,2026-04-24 11:00:57.798+00
ethereum,eth,Ethereum,2328.951150076609,281080321264.7852,15047252418.215794,,2026-04-24 12:00:22.93+00
ethereum,eth,Ethereum,2323.5905195688056,280255740245.52527,15900483537.80324,,2026-04-24 13:01:00.631+00
ethereum,eth,Ethereum,2316.9558178980783,279604010593.94775,14969185112.506474,,2026-04-24 14:00:44.49+00
ethereum,eth,Ethereum,2313.64077585708,279439168983.35535,15894643429.532372,,2026-04-24 15:00:29.591+00
ethereum,eth,Ethereum,2322.8229057281737,280316453180.05505,14911837217.266607,,2026-04-24 16:00:50.688+00
ethereum,eth,Ethereum,2315.4604650006036,279250493442.28955,15141609146.737534,,2026-04-24 17:00:48.651+00
ethereum,eth,Ethereum,2319.658213071011,280030267932.52295,14636301428.53249,,2026-04-24 18:00:49.742+00
ethereum,eth,Ethereum,2319.665639634754,279948343781.0539,14203163809.755756,,2026-04-24 19:00:06.732+00
ethereum,eth,Ethereum,2322.1247992761387,280260667603.4599,13296642029.567276,,2026-04-24 20:00:29.804+00
ethereum,eth,Ethereum,2327.5759897100866,280727198043.25336,13146396361.025082,,2026-04-24 21:00:31.136+00
ethereum,eth,Ethereum,2317.577969812091,279705181859.46466,13091111318.735804,,2026-04-24 22:00:38.17+00
ethereum,eth,Ethereum,2312.7358157412273,279113144159.8778,12905203965.132227,,2026-04-24 23:00:52.446+00
ethereum,eth,Ethereum,2315.512435446713,279460269416.0835,13635648616.699389,,2026-04-25 00:00:29.644+00
ethereum,eth,Ethereum,2316.1473807284037,279538555395.75696,12018233672.455782,,2026-04-25 01:00:40.549+00
ethereum,eth,Ethereum,2319.111537936174,279893021673.0313,12324501292.962498,,2026-04-25 02:00:38.874+00
ethereum,eth,Ethereum,2317.7817359747,279725624608.3474,11568545203.508135,,2026-04-25 03:00:46.337+00
ethereum,eth,Ethereum,2318.845367925653,279825725407.37317,12674018555.299156,,2026-04-25 04:00:31.64+00
ethereum,eth,Ethereum,2317.4171284847157,279686558907.6212,11459217963.077353,,2026-04-25 05:00:20.744+00
ethereum,eth,Ethereum,2316.031163156451,279498670083.18005,12113499628.388794,,2026-04-25 06:00:07.032+00
ethereum,eth,Ethereum,2317.0837059729015,279588864978.2546,10165237421.853716,,2026-04-25 07:01:01.417+00
ethereum,eth,Ethereum,2317.868912402323,279741897796.1346,10413869475.389286,,2026-04-25 08:00:20.081+00
ethereum,eth,Ethereum,2319.645398040185,279940246439.85706,9500407467.714945,,2026-04-25 09:01:00.219+00
ethereum,eth,Ethereum,2321.6204410104156,280337425790.63245,10834246799.864716,,2026-04-25 10:00:26.07+00
ethereum,eth,Ethereum,2320.055519541196,280033359053.1913,10532892728.719637,,2026-04-25 11:00:50.864+00
ethereum,eth,Ethereum,2313.8056464678825,279220194046.04266,9112565186.407272,,2026-04-25 12:00:49.027+00
ethereum,eth,Ethereum,2313.743481782437,279241680039.0895,9585663044.69643,,2026-04-25 13:00:23.882+00
ethereum,eth,Ethereum,2317.6865282416393,279732424338.96106,9286679800.4209,,2026-04-25 14:01:00.408+00
ethereum,eth,Ethereum,2316.7084387173404,279647590758.73425,7333333137.272715,,2026-04-25 15:01:14.055+00
ethereum,eth,Ethereum,2308.605052296371,278517901274.1575,7479173484.319393,,2026-04-25 16:00:38.657+00
ethereum,eth,Ethereum,2309.782375741801,278768323390.7476,7309979464.076298,,2026-04-25 17:00:08.288+00
ethereum,eth,Ethereum,2310.326687168548,278806852639.9748,7102211109.303778,,2026-04-25 18:00:22.522+00
ethereum,eth,Ethereum,2312.2009853749687,279052098360.2875,6307710129.662107,,2026-04-25 19:00:55.465+00
ethereum,eth,Ethereum,2310.7371564397504,278872702293.962,6443149957.036586,,2026-04-25 20:00:15.151+00
ethereum,eth,Ethereum,2313.4429123995283,279076503280.9383,6547089247.56923,,2026-04-25 21:00:12.672+00
ethereum,eth,Ethereum,2315.511030461905,279466397581.3348,7165389060.032044,,2026-04-25 22:00:33.534+00
ethereum,eth,Ethereum,2318.708121992122,279860101567.06647,6039985499.872178,,2026-04-25 23:00:12.392+00
ethereum,eth,Ethereum,2319.1503239938397,279895755954.1626,6121295053.320906,,2026-04-26 00:00:46.576+00
ethereum,eth,Ethereum,2314.4196751516497,279462911192.5216,5949154055.890259,,2026-04-26 01:00:26.771+00
ethereum,eth,Ethereum,2314.197831056934,279302163208.7722,6167433095.908311,,2026-04-26 02:00:43.891+00
ethereum,eth,Ethereum,2315.3430235987375,279468550588.6668,6079202401.637337,,2026-04-26 03:00:15.079+00
ethereum,eth,Ethereum,2310.4326842044256,278816753796.36615,5566483388.657167,,2026-04-26 04:00:12.708+00
ethereum,eth,Ethereum,2318.372692281366,279809617656.3332,5800258279.07689,,2026-04-26 05:00:41.616+00
ethereum,eth,Ethereum,2328.475204909496,281005374645.7499,7003153068.04202,,2026-04-26 06:00:39.653+00
ethereum,eth,Ethereum,2330.012500186274,281153239719.42566,6631163899.699113,,2026-04-26 07:00:02.81+00
ethereum,eth,Ethereum,2331.673749168443,281365578388.34686,6732966120.401161,,2026-04-26 08:00:49.3+00
ethereum,eth,Ethereum,2332.885975204759,281587597280.23267,6831774399.663849,,2026-04-26 09:01:14.752+00
ethereum,eth,Ethereum,2334.5920278541907,281764202391.8931,6839186803.543395,,2026-04-26 10:00:39+00
ethereum,eth,Ethereum,2332.9063446471223,281515703389.46515,6699890515.64649,,2026-04-26 11:00:35.751+00
ethereum,eth,Ethereum,2336.259739538223,282005173320.8413,6812032920.160853,,2026-04-26 12:00:34.551+00
ethereum,eth,Ethereum,2328.6243419583816,281066775707.9058,6862497647.139996,,2026-04-26 13:00:57.642+00
ethereum,eth,Ethereum,2334.0574645071897,281684108581.0774,7847680804.957953,,2026-04-26 14:00:50.423+00
ethereum,eth,Ethereum,2347.455955566106,283302139477.74414,7337368059.878809,,2026-04-26 15:00:54.611+00
ethereum,eth,Ethereum,2347.030807220094,283215731026.63885,7350010276.858281,,2026-04-26 16:00:11.942+00
ethereum,eth,Ethereum,2344.1290352029296,282980734093.73535,7174173098.455367,,2026-04-26 17:00:54.195+00
ethereum,eth,Ethereum,2349.896193119619,283608824688.5006,8034882485.251308,,2026-04-26 18:00:32.664+00
ethereum,eth,Ethereum,2361.8301005257586,285110372702.06116,7585644523.753899,,2026-04-26 19:00:55.84+00
ethereum,eth,Ethereum,2368.1710148148613,285977884986.7982,8081177444.495101,,2026-04-26 20:00:53.831+00
ethereum,eth,Ethereum,2363.7466176759817,285372565407.2115,8223347521.118437,,2026-04-26 21:00:38.05+00
ethereum,eth,Ethereum,2363.9254131629273,285413975588.5831,9770403699.542923,,2026-04-26 22:00:13.056+00
ethereum,eth,Ethereum,2363.3928140884454,285168827339.88934,9199840236.590778,,2026-04-26 23:00:21.714+00
ethereum,eth,Ethereum,2369.743028837697,286067495300.5766,11012462134.513592,,2026-04-27 00:00:25.526+00
ethereum,eth,Ethereum,2387.2948586801976,287072449350.2005,11488561944.702269,,2026-04-27 01:00:13.484+00
ethereum,eth,Ethereum,2393.042987392845,288681394917.9449,12424464406.137241,,2026-04-27 02:00:25.046+00
ethereum,eth,Ethereum,2393.670453274286,288931874944.06696,12535862136.473969,,2026-04-27 03:01:02.815+00
ethereum,eth,Ethereum,2394.9949728384904,289118132105.3857,12147685078.146244,,2026-04-27 04:00:59.854+00
ethereum,eth,Ethereum,2382.546997391092,287504454753.3595,13099237873.30299,,2026-04-27 05:00:49.07+00
ethereum,eth,Ethereum,2324.7714771376777,280686829961.0531,13294664834.092152,,2026-04-27 06:00:32.179+00
ethereum,eth,Ethereum,2321.7379094074017,280330758680.1429,14709575739.168379,,2026-04-27 07:00:08.458+00
ethereum,eth,Ethereum,2317.339602073402,279803813628.21423,15053064096.88721,,2026-04-27 08:00:40.905+00
ethereum,eth,Ethereum,2318.637134151023,279789796891.21906,13762106786.006582,,2026-04-27 09:00:17.312+00
ethereum,eth,Ethereum,2322.9531908899944,280370102854.26105,14536252420.739635,,2026-04-27 10:00:01.665+00
ethereum,eth,Ethereum,2320.955236465121,280132679833.0883,14789635138.015308,,2026-04-27 11:00:48.127+00
ethereum,eth,Ethereum,2320.4113924966796,280028902733.07715,15019269515.538233,,2026-04-27 12:00:21.688+00
ethereum,eth,Ethereum,2313.194785452147,279248242245.14484,14837167862.65101,,2026-04-27 13:00:25.612+00
ethereum,eth,Ethereum,2312.753414880754,279024846023.8578,15350452464.380848,,2026-04-27 14:01:04.985+00
ethereum,eth,Ethereum,2314.79990005105,279436618008.09766,15478437787.359955,,2026-04-27 15:01:06.897+00
ethereum,eth,Ethereum,2274.0499380002993,274709537906.6999,17507233841.703556,,2026-04-27 16:01:16.774+00
ethereum,eth,Ethereum,2276.311634287432,274890282906.19385,17925471433.115616,,2026-04-27 17:00:24.236+00
ethereum,eth,Ethereum,2286.979798971998,276124132473.1344,18552237205.88102,,2026-04-27 18:00:12.431+00
ethereum,eth,Ethereum,2288.795768721829,276361850431.72955,18434663175.06729,,2026-04-27 19:00:54.674+00
ethereum,eth,Ethereum,2287.4978476980923,276075563822.3987,17217356206.501514,,2026-04-27 20:00:31.915+00
ethereum,eth,Ethereum,2292.0678066757678,276625431704.95435,18094927028.97262,,2026-04-27 21:00:48.934+00
ethereum,eth,Ethereum,2287.5700938885707,276105512536.72235,16681332435.906078,,2026-04-27 22:00:43.684+00
ethereum,eth,Ethereum,2294.5615869849207,276920256260.37585,17180839312.47278,,2026-04-27 23:00:23.703+00
ethereum,eth,Ethereum,2303.324200998658,278350661155.3562,16544018286.074013,,2026-04-28 00:00:41.359+00
ethereum,eth,Ethereum,2307.062663604848,278497150654.0433,16642452015.194437,,2026-04-28 01:00:34.349+00
ethereum,eth,Ethereum,2298.9809794125313,277548561830.30945,15993440755.056877,,2026-04-28 02:00:09.973+00
ethereum,eth,Ethereum,2287.753936430449,276122020029.52515,16422135402.50238,,2026-04-28 03:00:56.93+00
ethereum,eth,Ethereum,2290.0795120989246,276232153700.20917,15505186491.328083,,2026-04-28 04:00:05.106+00
ethereum,eth,Ethereum,2288.879567395556,276371046131.52246,15378277992.454096,,2026-04-28 05:00:39.155+00
ethereum,eth,Ethereum,2289.37379344068,276253351905.7446,14047169678.206419,,2026-04-28 06:00:38.083+00
ethereum,eth,Ethereum,2277.7838352164003,274934465846.06976,14161650973.00975,,2026-04-28 07:00:28.128+00
ethereum,eth,Ethereum,2286.997228679014,276013177437.5923,12822448387.8707,,2026-04-28 08:00:41.713+00
ethereum,eth,Ethereum,2286.300044269874,275939244824.62024,13575510685.13005,,2026-04-28 09:00:42.684+00
ethereum,eth,Ethereum,2281.5439200632363,275380714976.24243,13910259604.675177,,2026-04-28 10:01:16.341+00
ethereum,eth,Ethereum,2284.411528814966,275704493440.54785,14608833546.467993,,2026-04-28 11:00:44.023+00
ethereum,eth,Ethereum,2274.291410722591,274436458703.86572,12256164735.893198,,2026-04-28 12:00:18.818+00
ethereum,eth,Ethereum,2277.1014444961374,274819440075.8319,14023016718.26168,,2026-04-28 13:00:46.86+00
ethereum,eth,Ethereum,2275.876615064551,274661583766.74683,15222483003.709578,,2026-04-28 14:00:46.987+00
ethereum,eth,Ethereum,2270.071937112912,273745307331.55273,13858040462.045298,,2026-04-28 15:00:57.091+00
ethereum,eth,Ethereum,2279.1086292376363,275041990552.7083,12366671396.251362,,2026-04-28 16:00:53.712+00
ethereum,eth,Ethereum,2285.6987225339312,275824316278.1251,12264244704.431896,,2026-04-28 17:00:35.15+00
ethereum,eth,Ethereum,2289.9353609075883,276260884161.0327,12414007551.0145,,2026-04-28 18:00:53.546+00
ethereum,eth,Ethereum,2296.4426272769183,276958452355.91705,10767480561.87542,,2026-04-28 19:00:46.174+00
ethereum,eth,Ethereum,2302.416855617207,278038423193.1194,12966381454.74308,,2026-04-28 20:00:39.426+00
ethereum,eth,Ethereum,2295.6399432478747,277091585077.5284,12946101994.647448,,2026-04-28 21:00:24.601+00
ethereum,eth,Ethereum,2290.100472598739,276376406816.1916,13123984411.22277,,2026-04-28 22:00:45.972+00
ethereum,eth,Ethereum,2285.7498577191923,275820574623.4394,11912212934.051584,,2026-04-28 23:00:44.439+00
ethereum,eth,Ethereum,2289.1654286867374,276263953965.9834,11992052036.99942,,2026-04-29 00:00:04.407+00
ethereum,eth,Ethereum,2292.2521094078706,276668712977.4684,12805251416.698805,,2026-04-29 01:00:48.171+00
ethereum,eth,Ethereum,2291.5916733296463,276567677099.2575,12252164957.794651,,2026-04-29 02:00:54.486+00
ethereum,eth,Ethereum,2287.2648894918134,276045523764.1476,12834122467.903038,,2026-04-29 03:00:09.35+00
ethereum,eth,Ethereum,2310.424266563083,278739374262.10925,12502174590.448048,,2026-04-29 04:00:11.81+00
ethereum,eth,Ethereum,2327.4087495626195,280912898672.89355,13642207646.218636,,2026-04-29 05:00:57.775+00
ethereum,eth,Ethereum,2327.926652832314,280952874076.3005,13725837637.588066,,2026-04-29 06:00:07.421+00
ethereum,eth,Ethereum,2323.038534533562,280265296337.4661,14585829439.596874,,2026-04-29 07:00:32.152+00
ethereum,eth,Ethereum,2322.603897566717,280279751760.5156,14048725024.249193,,2026-04-29 08:00:11.671+00
ethereum,eth,Ethereum,2324.255335485908,280487448190.61273,14457390698.504333,,2026-04-29 09:00:56.797+00
ethereum,eth,Ethereum,2339.6839236102223,282371851811.6857,12738525975.923727,,2026-04-29 10:01:14.31+00
ethereum,eth,Ethereum,2332.665881101347,281523803568.7187,14263260342.600657,,2026-04-29 11:00:50.485+00
ethereum,eth,Ethereum,2331.22092458744,281367414538.47314,14234926444.442348,,2026-04-29 12:00:52.769+00
ethereum,eth,Ethereum,2315.4980810380544,279479376472.6558,14667728255.367794,,2026-04-29 13:00:12.887+00
ethereum,eth,Ethereum,2302.4546880296994,277900564145.3162,14708486062.049763,,2026-04-29 14:00:15.478+00
ethereum,eth,Ethereum,2299.8250425777887,277635667071.4375,15466884821.163946,,2026-04-29 15:01:05.554+00
ethereum,eth,Ethereum,2271.045719977953,274019174943.72293,16550522707.581936,,2026-04-29 16:00:33+00
ethereum,eth,Ethereum,2265.4560056397995,273385032288.61688,15786776910.975216,,2026-04-29 17:00:55.051+00
ethereum,eth,Ethereum,2274.0295730400985,274228531530.61856,16900754405.150038,,2026-04-29 18:01:04.652+00
ethereum,eth,Ethereum,2234.978407326036,269628840982.48096,18763943671.431664,,2026-04-29 19:00:56.417+00
ethereum,eth,Ethereum,2231.9798808172236,269433902223.98645,19115734514.740505,,2026-04-29 20:00:45.871+00
ethereum,eth,Ethereum,2243.2378409719945,270972229527.29352,19633508846.346607,,2026-04-29 21:00:19.484+00
ethereum,eth,Ethereum,2252.525645539303,271958321312.8634,19545591837.355904,,2026-04-29 22:00:36.52+00
ethereum,eth,Ethereum,2256.892571030021,272385010652.2445,19228357028.542164,,2026-04-29 23:00:39.682+00
ethereum,eth,Ethereum,2253.4583579638706,272009746069.51898,19379367781.632473,,2026-04-30 00:00:47.626+00
ethereum,eth,Ethereum,2272.417811253515,274258666761.9758,19400449002.56726,,2026-04-30 01:00:52.284+00
ethereum,eth,Ethereum,2268.5743136877422,274001171292.20218,19806221817.205296,,2026-04-30 02:00:42.998+00
ethereum,eth,Ethereum,2243.5848380377215,270736349935.1942,19993635709.48085,,2026-04-30 03:00:40.808+00
ethereum,eth,Ethereum,2253.652793243644,271989220597.88736,19556501070.31875,,2026-04-30 04:00:15.318+00
ethereum,eth,Ethereum,2238.1802105242996,270096297804.3414,18844935054.452,,2026-04-30 05:00:38.381+00
ethereum,eth,Ethereum,2242.642512035111,270693715522.9025,19391028442.29799,,2026-04-30 06:00:15.133+00
ethereum,eth,Ethereum,2246.340524682904,271190593196.49045,19208033966.78982,,2026-04-30 07:00:51.768+00
ethereum,eth,Ethereum,2258.4147260562827,272579657850.92416,18650173138.32562,,2026-04-30 08:01:00.004+00
ethereum,eth,Ethereum,2256.0850950402264,272387101815.51395,19607010729.966846,,2026-04-30 09:00:05.998+00
ethereum,eth,Ethereum,2262.454625390245,273121381577.47342,18390368464.014008,,2026-04-30 10:00:41.403+00
ethereum,eth,Ethereum,2259.88722572411,272675403290.67123,17975691214.99668,,2026-04-30 11:00:48.735+00
ethereum,eth,Ethereum,2257.505715800349,272414457626.8137,17925284713.84889,,2026-04-30 12:00:49.649+00
ethereum,eth,Ethereum,2264.370393752583,273311227434.75772,17416248800.29025,,2026-04-30 13:01:03.147+00
ethereum,eth,Ethereum,2262.500456753945,273355750754.782,17082783617.099089,,2026-04-30 14:00:51.379+00
ethereum,eth,Ethereum,2261.2027945203417,272835085605.93643,17999310035.301735,,2026-04-30 15:00:46.892+00
ethereum,eth,Ethereum,2265.728632655298,273458267357.5737,16143562315.041084,,2026-04-30 16:00:59.945+00
ethereum,eth,Ethereum,2255.9222451212086,272266614639.3907,15022194911.49531,,2026-04-30 17:00:03.572+00
ethereum,eth,Ethereum,2257.490962921099,272446214812.61053,14833887333.602251,,2026-04-30 18:00:26.417+00
ethereum,eth,Ethereum,2260.025891984724,272819437809.7047,13078978357.265902,,2026-04-30 19:00:42.635+00
ethereum,eth,Ethereum,2261.2268524812775,272854842393.36566,12312881354.809156,,2026-04-30 20:00:39.849+00
ethereum,eth,Ethereum,2263.6549144005644,273262760616.70178,12091560071.46778,,2026-04-30 21:00:51.838+00
ethereum,eth,Ethereum,2254.923721801926,272179850307.0813,11630762923.23247,,2026-04-30 22:00:47.073+00
ethereum,eth,Ethereum,2252.4207815725968,271938800073.07016,11431238496.801683,,2026-04-30 23:00:05.46+00
ethereum,eth,Ethereum,2255.980291785015,272335661344.34506,11369388536.740932,,2026-05-01 00:00:50.261+00
ethereum,eth,Ethereum,2258.1293798025895,272718003501.91086,10973519058.635805,,2026-05-01 01:00:40.772+00
ethereum,eth,Ethereum,2266.9775574757728,273750511238.7005,11722062513.74409,,2026-05-01 02:00:37.579+00
ethereum,eth,Ethereum,2264.7672399513594,273297617466.80487,10313887243.203064,,2026-05-01 03:00:01.546+00
ethereum,eth,Ethereum,2281.8811310584447,275377468272.80975,10657141192.202328,,2026-05-01 04:00:27.365+00
ethereum,eth,Ethereum,2279.026522048988,275083932690.2699,10604337983.592348,,2026-05-01 05:00:24.687+00
ethereum,eth,Ethereum,2282.702640610961,275548390656.14154,11314553809.568964,,2026-05-01 06:00:39.879+00
ethereum,eth,Ethereum,2278.3455779773335,275006436430.3426,10982446414.254042,,2026-05-01 07:01:12.648+00
ethereum,eth,Ethereum,2278.386555936401,274969023581.7604,10277773774.77962,,2026-05-01 08:01:12.991+00
ethereum,eth,Ethereum,2285.392742093745,275804718299.8925,10968325810.356682,,2026-05-01 09:00:17.575+00
ethereum,eth,Ethereum,2280.7026428982736,275249575547.13416,10742141367.424845,,2026-05-01 10:00:01.95+00
ethereum,eth,Ethereum,2280.6891468641597,275248272822.9113,9770225893.931396,,2026-05-01 11:00:54.594+00
ethereum,eth,Ethereum,2285.9466551292085,275877381780.9864,10662404962.011225,,2026-05-01 12:00:47.576+00
ethereum,eth,Ethereum,2302.165449050467,277876261225.3147,10547398889.464064,,2026-05-01 13:00:45.365+00
ethereum,eth,Ethereum,2317.043014147817,279884562216.36884,11719314150.036596,,2026-05-01 14:01:12.099+00
ethereum,eth,Ethereum,2307.6426540087937,278504955579.82367,12146754016.58912,,2026-05-01 15:00:03.332+00
ethereum,eth,Ethereum,2306.7722652286348,278220397997.1333,10738364024.256174,,2026-05-01 16:00:45.81+00
ethereum,eth,Ethereum,2302.4275312722457,277860744918.09344,12783137823.189638,,2026-05-01 17:00:04.093+00
ethereum,eth,Ethereum,2311.7946760252867,279001229543.2747,12459484292.221886,,2026-05-01 18:00:53.432+00
ethereum,eth,Ethereum,2303.79026423694,278050620360.93335,11556003860.525124,,2026-05-01 19:00:35.91+00
ethereum,eth,Ethereum,2305.8650519796774,278154310920.92096,11863133016.980534,,2026-05-01 20:00:35.718+00
ethereum,eth,Ethereum,2284.3702284677065,275646696896.82166,11777226051.333124,,2026-05-01 21:01:15.069+00
ethereum,eth,Ethereum,2291.9300729584293,276536025509.5877,11881173271.198639,,2026-05-01 22:01:13.603+00
ethereum,eth,Ethereum,2293.021408224809,276740126225.8075,12355434821.308151,,2026-05-01 23:01:14.398+00
ethereum,eth,Ethereum,2294.6636890449554,276769010103.0854,12312967150.130577,,2026-05-02 00:01:19.362+00
ethereum,eth,Ethereum,2296.787346074892,277264002771.32764,12191430365.53052,,2026-05-02 01:01:16.072+00
ethereum,eth,Ethereum,2297.410238136173,277269167843.94403,12108016064.269989,,2026-05-02 02:00:41.559+00
ethereum,eth,Ethereum,2303.042275387308,278088665538.07825,11772477699.305668,,2026-05-02 03:00:42.978+00
ethereum,eth,Ethereum,2304.767634789201,278148460717.92755,11554417056.150665,,2026-05-02 04:00:37.553+00
ethereum,eth,Ethereum,2300.3261663699177,277611836395.9438,11251595963.907549,,2026-05-02 05:00:06.933+00
ethereum,eth,Ethereum,2299.539247892629,277537366937.14386,11310475770.812464,,2026-05-02 06:00:26.863+00
ethereum,eth,Ethereum,2304.315613999331,278052227640.7474,11046268348.008366,,2026-05-02 07:00:43.569+00
ethereum,eth,Ethereum,2300.629230941663,277673484951.7021,11576422398.583052,,2026-05-02 08:00:44.7+00
ethereum,eth,Ethereum,2302.6767097685383,277898931941.2523,10592557452.640078,,2026-05-02 09:00:42.215+00
ethereum,eth,Ethereum,2304.7759991590706,278171501541.2796,10615983406.163914,,2026-05-02 10:00:37.802+00
ethereum,eth,Ethereum,2303.657120771222,278037563652.3042,10491455561.106575,,2026-05-02 11:00:47.911+00
ethereum,eth,Ethereum,2301.095621407465,277690518615.2433,11141100901.640427,,2026-05-02 12:00:47.989+00
ethereum,eth,Ethereum,2303.0002020277448,277912998828.38904,9294834542.220192,,2026-05-02 13:00:52.292+00
ethereum,eth,Ethereum,2308.272589677212,278588636966.11676,9420168805.2147,,2026-05-02 14:01:08.438+00
ethereum,eth,Ethereum,2306.3031454349825,278318271857.6463,7185601018.850877,,2026-05-02 15:00:58.127+00
ethereum,eth,Ethereum,2308.4052633164047,278700036443.177,6951742718.153963,,2026-05-02 16:00:24.577+00
ethereum,eth,Ethereum,2308.6875446134895,278694513440.53766,6640164008.520864,,2026-05-02 17:00:36.228+00
ethereum,eth,Ethereum,2305.4188916878106,278261375069.1511,6398393244.029711,,2026-05-02 18:00:04.183+00
ethereum,eth,Ethereum,2309.9291105256043,278802384847.80493,6369833128.419159,,2026-05-02 19:00:43.847+00
ethereum,eth,Ethereum,2310.579246645769,278858212709.65607,6196693637.496715,,2026-05-02 20:00:16.254+00
ethereum,eth,Ethereum,2311.152786469436,278939673673.6671,5317199443.19901,,2026-05-02 21:00:40.212+00
ethereum,eth,Ethereum,2325.7404993514847,280777216099.73663,6986004973.923853,,2026-05-02 22:00:25.096+00
ethereum,eth,Ethereum,2325.529607594327,280646880059.60095,7224144480.9784975,,2026-05-02 23:00:35.808+00
ethereum,eth,Ethereum,2316.4586335961117,279543139067.3482,6492670032.692124,,2026-05-03 00:01:00.323+00
ethereum,eth,Ethereum,2313.6967193878972,279165651555.94965,7491362563.654861,,2026-05-03 01:00:43.845+00
ethereum,eth,Ethereum,2303.454516463335,278051948528.1536,6578504442.528794,,2026-05-03 02:00:24.291+00
ethereum,eth,Ethereum,2302.9828791958876,278040104901.9507,6682320984.7462635,,2026-05-03 03:01:05.574+00
ethereum,eth,Ethereum,2301.550996535235,277786583697.7748,6811432538.384426,,2026-05-03 04:00:51.625+00
ethereum,eth,Ethereum,2301.103571828303,277724806388.84503,6283793458.861993,,2026-05-03 05:00:33.851+00
ethereum,eth,Ethereum,2303.681500731413,278028751713.2044,6413967470.399328,,2026-05-03 06:01:10.723+00
ethereum,eth,Ethereum,2304.3810742437936,278113213004.10785,6331930694.653003,,2026-05-03 07:01:09.19+00
ethereum,eth,Ethereum,2308.843004661488,278647301481.9166,6144229358.493184,,2026-05-03 08:00:22.856+00
ethereum,eth,Ethereum,2307.9911672844028,278609314923.13617,6767745856.084006,,2026-05-03 09:00:05.401+00
ethereum,eth,Ethereum,2315.999205439289,279425385625.7864,7870013796.330838,,2026-05-03 10:01:08.259+00
ethereum,eth,Ethereum,2311.4251774818463,278972570404.6182,7075365311.152384,,2026-05-03 11:00:34.454+00
ethereum,eth,Ethereum,2319.532868458627,279960557658.4283,6860806578.888538,,2026-05-03 12:00:16.843+00
ethereum,eth,Ethereum,2324.3534175357413,280451382868.8697,7503868321.932877,,2026-05-03 13:00:48.836+00
ethereum,eth,Ethereum,2323.1191291298205,280352916059.5609,7024777364.045862,,2026-05-03 14:00:35.89+00
ethereum,eth,Ethereum,2327.3288499655428,280952269573.27234,8376662127.014976,,2026-05-03 15:00:26.492+00
ethereum,eth,Ethereum,2327.132990107428,280864031099.36505,8613775485.278631,,2026-05-03 16:01:12.351+00
ethereum,eth,Ethereum,2328.0063324689463,281035865261.33765,8642868979.37938,,2026-05-03 17:00:34.73+00
ethereum,eth,Ethereum,2331.106521645202,281333833547.51166,7282222211.118108,,2026-05-03 18:00:10.956+00
ethereum,eth,Ethereum,2329.9924416220074,281259830917.2835,8798394329.174868,,2026-05-03 19:00:25.476+00
ethereum,eth,Ethereum,2335.170951031727,281818313978.9003,8087324524.121699,,2026-05-03 20:00:54.57+00
ethereum,eth,Ethereum,2329.0143131352015,281087588881.2767,8574747588.690323,,2026-05-03 21:00:33.921+00
ethereum,eth,Ethereum,2322.7130801989447,280310013648.42035,9096297605.586952,,2026-05-03 22:00:47.676+00
ethereum,eth,Ethereum,2343.476816551297,282841644369.0051,9851240688.653797,,2026-05-03 23:00:12.827+00
ethereum,eth,Ethereum,2322.098013189142,280423173514.84375,9363760204.2546,,2026-05-04 00:00:24.623+00
ethereum,eth,Ethereum,2318.066177920454,279708467508.4493,10563060862.588715,,2026-05-04 01:00:08.265+00
ethereum,eth,Ethereum,2345.26833108959,282703622369.2233,11387710700.251743,,2026-05-04 02:00:33.575+00
ethereum,eth,Ethereum,2378.2574787479666,287278808525.34814,12677179799.54545,,2026-05-04 03:00:42.446+00
ethereum,eth,Ethereum,2383.653552484921,287676915096.76135,13456552571.106243,,2026-05-04 04:00:19.891+00
ethereum,eth,Ethereum,2390.0828707339947,288490375623.3213,14356271807.167704,,2026-05-04 05:00:33.284+00
ethereum,eth,Ethereum,2375.9148150136084,286729410843.0868,15168072065.067097,,2026-05-04 06:00:45.172+00
ethereum,eth,Ethereum,2369.0546914731713,285965592068.95215,16010252245.674475,,2026-05-04 07:00:34.483+00
ethereum,eth,Ethereum,2362.7278101555294,285193657959.7014,16377326487.178345,,2026-05-04 08:00:53.212+00
ethereum,eth,Ethereum,2360.916195947578,284919859104.9694,17750651946.687595,,2026-05-04 09:00:51.171+00
ethereum,eth,Ethereum,2367.9173458459986,285989256063.03296,17944964489.428688,,2026-05-04 10:00:50.576+00
ethereum,eth,Ethereum,2337.846466059016,281915052806.08105,19018286497.057533,,2026-05-04 11:00:27.793+00
ethereum,eth,Ethereum,2337.4478622225715,282074404104.32324,20046345365.417267,,2026-05-04 12:00:28.036+00
ethereum,eth,Ethereum,2339.8722084537153,282381862321.87866,19411392795.64,,2026-05-04 13:00:41.692+00
ethereum,eth,Ethereum,2336.616822255613,282007222447.08954,20141360544.82895,,2026-05-04 14:00:33.811+00
ethereum,eth,Ethereum,2373.0584033323385,286391036939.3067,22293198455.415237,,2026-05-04 15:00:28.855+00
ethereum,eth,Ethereum,2348.39177531606,283518533002.63007,23846422743.479725,,2026-05-04 16:00:59.202+00
ethereum,eth,Ethereum,2352.7486729571388,283975823592.29565,24476575945.943993,,2026-05-04 17:00:26.836+00
ethereum,eth,Ethereum,2373.1330035726623,286526661860.03424,25177946988.63708,,2026-05-04 18:00:21.535+00
ethereum,eth,Ethereum,2360.2554190500464,284772030669.99115,26375081174.087738,,2026-05-04 19:00:27.227+00
ethereum,eth,Ethereum,2356.4458629068854,284263505356.78894,25641613186.658173,,2026-05-04 20:00:38.616+00
ethereum,eth,Ethereum,2349.9231168733118,283608213650.3964,25346580725.854324,,2026-05-04 21:00:48.904+00
ethereum,eth,Ethereum,2360.7936867743924,285072517673.31274,24663067186.5501,,2026-05-04 22:00:30.774+00
ethereum,eth,Ethereum,2354.115439705464,284175756523.0224,24674319295.72217,,2026-05-04 23:00:54.971+00
ethereum,eth,Ethereum,2346.3362606872515,283188382101.3812,23903183320.769688,,2026-05-05 00:00:15.458+00
ethereum,eth,Ethereum,2357.7255542124326,284491733601.3593,23037267782.016243,,2026-05-05 01:01:10.084+00
ethereum,eth,Ethereum,2360.9968179939865,284958442798.83716,22375599879.97497,,2026-05-05 02:00:17.944+00
ethereum,eth,Ethereum,2365.8789358802965,285490430453.46027,21043172532.31542,,2026-05-05 03:00:43.126+00
ethereum,eth,Ethereum,2382.132542356807,287455709203.6225,20543185904.77386,,2026-05-05 04:00:28.767+00
ethereum,eth,Ethereum,2380.4611177444326,287315184452.81824,20070413366.672256,,2026-05-05 05:01:15.17+00
ethereum,eth,Ethereum,2379.3348354700893,287126655055.20557,19993551007.13337,,2026-05-05 06:00:11.236+00
ethereum,eth,Ethereum,2377.472792568034,286756410830.7334,20539876999.123314,,2026-05-05 07:00:57.49+00
ethereum,eth,Ethereum,2380.1620747498973,287310125829.1888,19692373699.58075,,2026-05-05 08:01:00.001+00
ethereum,eth,Ethereum,2375.6440736354825,286701745488.9657,19638336816.658676,,2026-05-05 09:00:30.822+00
ethereum,eth,Ethereum,2368.3693640438682,285814358874.94464,20451308621.11296,,2026-05-05 10:01:09.669+00
ethereum,eth,Ethereum,2376.649867604906,286710909666.8474,18408988166.025772,,2026-05-05 11:00:59.852+00
ethereum,eth,Ethereum,2378.6597133459077,287045305250.8246,18234422673.554348,,2026-05-05 12:00:47.871+00
ethereum,eth,Ethereum,2388.44179114102,288246211497.52386,17500069720.426685,,2026-05-05 13:00:08.306+00
ethereum,eth,Ethereum,2388.236297697939,288187402973.9107,18889873489.45173,,2026-05-05 14:00:58.657+00
ethereum,eth,Ethereum,2378.3736353827344,287052097633.4685,17621908306.587353,,2026-05-05 15:00:13.012+00
ethereum,eth,Ethereum,2381.2972287459156,287462769916.72253,16329723777.008957,,2026-05-05 16:00:56.374+00
ethereum,eth,Ethereum,2365.1465690020887,285470104166.0726,15540223608.30417,,2026-05-05 17:01:14.221+00
ethereum,eth,Ethereum,2363.1987478048322,285194457631.03064,14403181560.353304,,2026-05-05 18:00:25.292+00
ethereum,eth,Ethereum,2372.132452723321,286291163383.9945,16273078842.592432,,2026-05-05 19:01:15.054+00
ethereum,eth,Ethereum,2372.417702263088,286240823827.18274,15110854623.174587,,2026-05-05 20:00:31.742+00
ethereum,eth,Ethereum,2382.6016191116796,287542543365.5253,15530267430.386955,,2026-05-05 21:00:44.884+00
ethereum,eth,Ethereum,2375.98434004715,286814399887.5316,15824723172.29751,,2026-05-05 22:00:24.204+00
ethereum,eth,Ethereum,2367.366951570074,285938481671.22833,15820762974.198008,,2026-05-05 23:00:48.522+00
ethereum,eth,Ethereum,2361.0857066652707,284952981344.09186,16430576394.726986,,2026-05-06 00:00:42.212+00
ethereum,eth,Ethereum,2364.56204020815,285542955291.26886,17207681800.261463,,2026-05-06 01:00:44.341+00
ethereum,eth,Ethereum,2371.669819540861,286230242931.52344,16922151095.373503,,2026-05-06 02:00:52.932+00
ethereum,eth,Ethereum,2369.404213134749,285690743005.374,17057721354.087934,,2026-05-06 03:00:12.678+00
ethereum,eth,Ethereum,2376.5726828186584,286791061449.27893,16220032431.281822,,2026-05-06 04:00:07.161+00
ethereum,eth,Ethereum,2365.639562147917,285500055916.5695,15728711836.506248,,2026-05-06 05:00:25.184+00
ethereum,eth,Ethereum,2364.2111652446733,285096189891.2853,16085622656.19458,,2026-05-06 06:00:54.786+00
ethereum,eth,Ethereum,2369.9502333798905,285857067766.228,16841276550.275566,,2026-05-06 07:00:49.12+00
ethereum,eth,Ethereum,2370.522164343379,286078904276.6292,15644177624.307266,,2026-05-06 08:00:19.25+00
ethereum,eth,Ethereum,2391.8209910316027,288912862997.17737,16144692524.182655,,2026-05-06 09:00:11.659+00
ethereum,eth,Ethereum,2410.957544325686,290928401510.54724,18474874367.018906,,2026-05-06 10:01:12.438+00
ethereum,eth,Ethereum,2411.264544629801,291152001767.2404,19129068668.2206,,2026-05-06 11:01:01.257+00
ethereum,eth,Ethereum,2409.7024513407564,290954488984.79877,20016856527.095905,,2026-05-06 12:00:55.225+00
ethereum,eth,Ethereum,2404.420226994457,290200536176.86273,19553096914.806744,,2026-05-06 13:00:06.629+00
ethereum,eth,Ethereum,2370.0566070260634,286020434622.359,20832628537.713867,,2026-05-06 14:00:27.436+00
ethereum,eth,Ethereum,2358.4549356967977,284717643349.06714,20657348157.00938,,2026-05-06 15:00:35.862+00
ethereum,eth,Ethereum,2358.489325820802,284657945572.68567,20839379690.274254,,2026-05-06 16:00:36.835+00
ethereum,eth,Ethereum,2358.785670898581,284615486013.50116,20950775915.17951,,2026-05-06 17:00:09.869+00
ethereum,eth,Ethereum,2349.5929081218983,283610520722.2424,21057852083.206005,,2026-05-06 18:00:30.614+00
ethereum,eth,Ethereum,2345.8777187297082,283287425624.8729,22224276789.183125,,2026-05-06 19:00:06.122+00
ethereum,eth,Ethereum,2348.8498234688627,283435461662.7785,21360583892.00913,,2026-05-06 20:00:52.568+00
ethereum,eth,Ethereum,2349.252899235713,283475942070.29767,18291479389.196117,,2026-05-06 21:00:30.716+00
ethereum,eth,Ethereum,2353.9322870774495,284208732652.5108,21427617719.105125,,2026-05-06 22:00:23.409+00
ethereum,eth,Ethereum,2347.4368967498167,283309726422.7135,21007630966.83926,,2026-05-06 23:00:16.992+00
ethereum,eth,Ethereum,2350.4781193929102,283646020806.41174,21825138299.97193,,2026-05-07 00:00:39.005+00
ethereum,eth,Ethereum,2331.682195170579,281715857542.765,21113532736.971664,,2026-05-07 01:00:52.651+00
ethereum,eth,Ethereum,2327.135832310419,280945594003.2375,21046765736.51445,,2026-05-07 02:00:03.391+00
ethereum,eth,Ethereum,2321.6960688783533,280147568865.1715,21962542388.218307,,2026-05-07 03:00:41.591+00
ethereum,eth,Ethereum,2322.5753003230616,280378946183.08734,22866791378.314087,,2026-05-07 04:00:16.764+00
ethereum,eth,Ethereum,2326.581774467197,280788416727.79224,21331168266.92592,,2026-05-07 05:00:31.459+00
ethereum,eth,Ethereum,2329.565853466872,281142108221.4727,21966922829.49617,,2026-05-07 06:00:12.893+00
ethereum,eth,Ethereum,2335.9311630294483,282007860398.2459,22307195221.67591,,2026-05-07 07:00:38.403+00
ethereum,eth,Ethereum,2343.700764037728,282824268101.6342,22605320647.723103,,2026-05-07 08:00:27.217+00
ethereum,eth,Ethereum,2334.1243222762637,281787038639.4724,22372481219.737793,,2026-05-07 09:01:12.522+00
ethereum,eth,Ethereum,2328.1310034589883,280975388688.343,21157816033.37655,,2026-05-07 10:01:10.421+00
ethereum,eth,Ethereum,2326.9131241293962,280847196269.2846,20664332445.33159,,2026-05-07 11:00:26.787+00
ethereum,eth,Ethereum,2329.723805118491,281106434970.8747,20091769488.71136,,2026-05-07 12:00:25.897+00
ethereum,eth,Ethereum,2333.4245763745503,281477008598.8891,19645242250.283783,,2026-05-07 13:00:21.09+00
ethereum,eth,Ethereum,2314.859893720438,279400130403.61346,19654766421.761044,,2026-05-07 14:00:57.425+00
ethereum,eth,Ethereum,2298.102725187632,277605398643.4831,19865790064.76792,,2026-05-07 15:01:06.73+00
ethereum,eth,Ethereum,2293.599966867774,276942358889.5459,19284579764.54449,,2026-05-07 16:00:16.724+00
ethereum,eth,Ethereum,2290.837919600486,276839715532.6532,19447853370.651436,,2026-05-07 17:01:10.147+00
ethereum,eth,Ethereum,2299.4316570925557,276958689856.17566,19475821611.566933,,2026-05-07 18:00:36.903+00
ethereum,eth,Ethereum,2296.7691292770583,277336153638.34247,20083160854.605083,,2026-05-07 19:00:56.586+00
ethereum,eth,Ethereum,2293.580752395429,276783666845.1399,20194315787.755535,,2026-05-07 20:00:11.31+00
ethereum,eth,Ethereum,2288.7134763748704,276228280195.70386,21792691672.350594,,2026-05-07 21:00:25.792+00
ethereum,eth,Ethereum,2290.424074989462,276424648688.2194,21080912589.06173,,2026-05-07 22:00:48.261+00
ethereum,eth,Ethereum,2286.6489432178537,275954861147.5831,22182793250.25088,,2026-05-07 23:00:35.505+00
ethereum,eth,Ethereum,2291.184888890017,276516619989.3092,22081476649.42533,,2026-05-08 00:00:03.838+00
ethereum,eth,Ethereum,2284.731914806043,275716305837.4494,20993313352.03598,,2026-05-08 01:00:32.288+00
ethereum,eth,Ethereum,2284.164449850137,275668764605.1998,21410267965.62698,,2026-05-08 02:00:38.011+00
ethereum,eth,Ethereum,2278.3835567127917,274987474843.30396,21377219761.82892,,2026-05-08 03:00:31.699+00
ethereum,eth,Ethereum,2279.450677798582,275099885155.8955,21166473793.486088,,2026-05-08 04:00:12.49+00
ethereum,eth,Ethereum,2281.180898508274,275351409358.8193,20183557163.675095,,2026-05-08 05:00:48.743+00
ethereum,eth,Ethereum,2277.834550325393,274946696087.5521,21481570046.038853,,2026-05-08 06:00:36.376+00
ethereum,eth,Ethereum,2274.1150660433163,274455935459.18472,20416206308.979103,,2026-05-08 07:00:03.679+00
ethereum,eth,Ethereum,2280.789679938461,275324717390.2597,20902844278.368736,,2026-05-08 08:00:30.594+00
ethereum,eth,Ethereum,2283.9952796496846,275788843304.84064,20858126079.059887,,2026-05-08 09:00:30.923+00
ethereum,eth,Ethereum,2283.119300939992,275521673100.94135,21704658393.533516,,2026-05-08 10:00:15.547+00
ethereum,eth,Ethereum,2287.4248838255216,276116418994.3612,21138974077.143024,,2026-05-08 11:00:38.694+00
ethereum,eth,Ethereum,2295.501249834401,277051466447.6049,21193346064.082382,,2026-05-08 12:00:07.886+00
ethereum,eth,Ethereum,2285.3482666447067,276122748467.456,22170172065.795208,,2026-05-08 13:00:55.473+00
ethereum,eth,Ethereum,2275.1525600475184,274580871925.12027,20822115511.8526,,2026-05-08 14:00:39.412+00
ethereum,eth,Ethereum,2284.2844078468074,275682780537.929,19959538749.36629,,2026-05-08 15:00:34.896+00
ethereum,eth,Ethereum,2291.3828481491023,276735094398.8802,19572851744.36296,,2026-05-08 16:01:01.627+00
ethereum,eth,Ethereum,2289.30058314297,276289960147.2678,18966694060.459484,,2026-05-08 17:00:44.023+00
ethereum,eth,Ethereum,2304.467807918004,278830791855.50055,20114783259.427723,,2026-05-08 18:00:56.252+00
ethereum,eth,Ethereum,2317.65742749344,279813590733.40704,19854781443.03026,,2026-05-08 19:00:08.936+00
ethereum,eth,Ethereum,2314.7834880430073,279312626245.7312,19010910087.58397,,2026-05-08 20:00:56.035+00
ethereum,eth,Ethereum,2306.152997800432,278380514881.11176,19056464659.94459,,2026-05-08 21:00:49.297+00
ethereum,eth,Ethereum,2313.860369996841,279165394641.6829,18498337068.06496,,2026-05-08 22:00:43.97+00
ethereum,eth,Ethereum,2310.746953961848,278891029606.9151,18159770774.801113,,2026-05-08 23:00:28.703+00
ethereum,eth,Ethereum,2306.8311830289026,278346024281.21814,18394366323.260735,,2026-05-09 00:00:36.563+00
ethereum,eth,Ethereum,2308.2509246782233,278560212047.88855,19164294606.556705,,2026-05-09 01:00:57.289+00
ethereum,eth,Ethereum,2314.904383041179,279459582791.9076,19282512491.453487,,2026-05-09 02:00:55.241+00
ethereum,eth,Ethereum,2317.1054786440886,279646218634.4878,18086516033.88246,,2026-05-09 03:00:58.072+00
ethereum,eth,Ethereum,2315.3425371321628,279436517832.178,17642667061.977295,,2026-05-09 04:00:06.768+00
ethereum,eth,Ethereum,2311.8895901808164,279115211849.2765,18266431504.837086,,2026-05-09 05:00:55.681+00
ethereum,eth,Ethereum,2314.9471787601174,279378689285.56537,18007710545.427425,,2026-05-09 06:01:11.867+00
ethereum,eth,Ethereum,2313.6513943160708,279226764302.6438,17281055630.880623,,2026-05-09 07:00:23.341+00
ethereum,eth,Ethereum,2314.6550301208513,279362201975.8567,17033785341.235723,,2026-05-09 08:00:13.091+00
ethereum,eth,Ethereum,2316.457420370218,279561689350.31104,16614731722.632338,,2026-05-09 09:00:58.718+00
ethereum,eth,Ethereum,2312.494408102466,279142411594.9955,16110395831.62997,,2026-05-09 10:00:28.36+00
ethereum,eth,Ethereum,2312.1845498523435,279074424681.19104,15155092716.721296,,2026-05-09 11:01:04.95+00
ethereum,eth,Ethereum,2314.413193718525,279317939997.4833,15352492483.974987,,2026-05-09 12:00:23.914+00
ethereum,eth,Ethereum,2316.2142488719905,279492062962.975,14760957380.427826,,2026-05-09 13:00:29.544+00
ethereum,eth,Ethereum,2313.936152991496,279181523607.8618,14056556670.075775,,2026-05-09 14:00:54.932+00
ethereum,eth,Ethereum,2307.6170520244214,278476175268.3053,13398022570.273775,,2026-05-09 15:00:22.3+00
ethereum,eth,Ethereum,2316.943725844017,279540316711.6593,14087259200.50671,,2026-05-09 16:00:43.612+00
ethereum,eth,Ethereum,2320.0822788778155,280002868812.6302,12970931566.587265,,2026-05-09 17:01:17.577+00
ethereum,eth,Ethereum,2328.9386891124523,280883918035.2324,14026978143.828983,,2026-05-09 18:00:01.052+00
ethereum,eth,Ethereum,2329.45630464335,281115171696.5662,13431225315.334711,,2026-05-09 19:00:34.938+00
ethereum,eth,Ethereum,2331.731186196554,281410360108.4724,12031973868.397438,,2026-05-09 20:00:33.983+00
ethereum,eth,Ethereum,2329.003840962945,281117312560.0339,11602098209.52541,,2026-05-09 21:00:16.762+00
ethereum,eth,Ethereum,2330.912516193106,281255891367.263,11296561080.242477,,2026-05-09 22:00:46.706+00
ethereum,eth,Ethereum,2329.5479602451887,281196229054.9765,11188808992.605427,,2026-05-09 23:00:08.297+00
ethereum,eth,Ethereum,2326.4573018792307,280783646742.2664,11017131520.707546,,2026-05-10 00:00:38.601+00
ethereum,eth,Ethereum,2322.795864187634,280468270141.655,10880790688.038492,,2026-05-10 01:00:08.096+00
ethereum,eth,Ethereum,2322.615504213569,280327051879.1744,10724226157.504385,,2026-05-10 02:00:45.868+00
ethereum,eth,Ethereum,2326.686582202464,280781476519.73175,11463057871.943327,,2026-05-10 03:00:18.813+00
ethereum,eth,Ethereum,2327.7106946933586,280917175976.30316,10637714482.835684,,2026-05-10 04:00:37.62+00
ethereum,eth,Ethereum,2328.0712204974543,281024941964.2782,9921716582.742373,,2026-05-10 05:00:24.44+00
ethereum,eth,Ethereum,2327.027530918965,280806147784.2606,9975416803.410795,,2026-05-10 06:00:44.576+00
ethereum,eth,Ethereum,2328.599980344784,281036806845.7478,9862182176.085781,,2026-05-10 07:00:49.051+00
ethereum,eth,Ethereum,2326.963281025486,280840981678.6145,9639296590.95559,,2026-05-10 08:00:23.73+00
ethereum,eth,Ethereum,2329.385113328241,281153412823.6269,9698594139.199488,,2026-05-10 09:00:41.564+00
ethereum,eth,Ethereum,2327.9278173294383,280924667935.5505,9599130507.50078,,2026-05-10 10:00:53.794+00
ethereum,eth,Ethereum,2325.161105720888,280616905186.22925,9959141080.50192,,2026-05-10 11:00:37.17+00
ethereum,eth,Ethereum,2321.863398161035,280210337733.2022,10022813575.788937,,2026-05-10 12:00:54.831+00
ethereum,eth,Ethereum,2322.7238531100083,280353993821.8927,10024845673.15519,,2026-05-10 13:00:55.246+00
ethereum,eth,Ethereum,2328.8027452402694,281046938873.8778,10003258324.591799,,2026-05-10 14:00:02.213+00
ethereum,eth,Ethereum,2329.945137738148,281228957789.94037,10166651550.77601,,2026-05-10 15:00:19.796+00
ethereum,eth,Ethereum,2347.6743512871712,283304770109.44934,10435728665.436104,,2026-05-10 16:00:42.765+00
ethereum,eth,Ethereum,2349.3013791922267,283431108649.8156,11646501684.353884,,2026-05-10 17:00:43.48+00
ethereum,eth,Ethereum,2362.672265459065,285174516717.9306,13778128987.39621,,2026-05-10 18:00:34.434+00
ethereum,eth,Ethereum,2358.6035902104118,284614144734.533,13737286113.843685,,2026-05-10 19:00:42.736+00
ethereum,eth,Ethereum,2364.6791409311304,285194797011.1806,14883771847.882416,,2026-05-10 20:00:19.047+00
ethereum,eth,Ethereum,2327.9006217917436,280802039085.74274,15322662479.008377,,2026-05-10 21:00:44.548+00
ethereum,eth,Ethereum,2331.0016625014155,281373202830.06177,15421325973.877014,,2026-05-10 22:00:22.464+00
ethereum,eth,Ethereum,2373.9285602035043,286547671979.86884,17032684207.480556,,2026-05-10 23:00:46.183+00
ethereum,eth,Ethereum,2368.837665726271,285963726467.4334,17501460235.16661,,2026-05-11 00:00:54.355+00
ethereum,eth,Ethereum,2350.8297353196244,283528537227.50726,19280366322.93093,,2026-05-11 01:00:19.259+00
ethereum,eth,Ethereum,2357.5541006366834,284509809598.78735,19222554276.340096,,2026-05-11 02:01:32.048+00
ethereum,eth,Ethereum,2344.696484244151,283016878000.68896,19418726900.790787,,2026-05-11 03:00:27.73+00
ethereum,eth,Ethereum,2329.1389605390154,281172191018.8679,19509482252.4259,,2026-05-11 04:01:03.281+00
ethereum,eth,Ethereum,2333.236968590065,281590749542.7096,19969827280.388405,,2026-05-11 05:01:09.964+00
ethereum,eth,Ethereum,2335.304403383044,281804090693.7095,19724226920.87954,,2026-05-11 06:00:15.34+00
ethereum,eth,Ethereum,2333.3694979230336,281512092973.7807,19910571856.896557,,2026-05-11 07:00:08.939+00
ethereum,eth,Ethereum,2329.749017245951,281082364342.3616,20121181571.131603,,2026-05-11 08:01:01.376+00
ethereum,eth,Ethereum,2330.4001470242365,281344685381.54816,21264490405.49615,,2026-05-11 09:00:07.045+00
ethereum,eth,Ethereum,2335.392461962455,281830260524.5186,20957505153.493385,,2026-05-11 10:00:37.492+00
ethereum,eth,Ethereum,2329.742837762509,281435091577.0275,20160871287.426117,,2026-05-11 11:00:34.148+00
ethereum,eth,Ethereum,2334.4449685191034,281663340547.4539,19946195047.210587,,2026-05-11 12:00:26.613+00
ethereum,eth,Ethereum,2329.722461694064,281161365211.5217,20184270895.659695,,2026-05-11 13:00:42.993+00
ethereum,eth,Ethereum,2321.0182105010663,280048217730.9228,21348516574.021214,,2026-05-11 14:00:35.888+00
ethereum,eth,Ethereum,2315.409571716806,279305571888.4749,22083061218.77542,,2026-05-11 15:00:22.145+00
ethereum,eth,Ethereum,2332.180654153123,281446585766.2568,21618476802.911,,2026-05-11 16:00:46.657+00
ethereum,eth,Ethereum,2330.045295480794,281285505088.2652,21195352969.724213,,2026-05-11 17:01:06.376+00
ethereum,eth,Ethereum,2336.7153160821526,282029441504.8187,18056056752.349087,,2026-05-11 18:01:06.607+00
ethereum,eth,Ethereum,2336.2760451586996,282229854715.5526,18907950248.70267,,2026-05-11 19:00:54.991+00
ethereum,eth,Ethereum,2338.9009253302124,282341401194.4637,17629652227.3979,,2026-05-11 20:00:06.113+00
ethereum,eth,Ethereum,2337.1968612550563,282093239795.8281,16701874263.220135,,2026-05-11 21:00:42.838+00
ethereum,eth,Ethereum,2339.9929272782324,282538300605.34045,16210176861.861036,,2026-05-11 22:02:02.923+00
ethereum,eth,Ethereum,2341.1422197846255,282622292264.8063,15037564214.783405,,2026-05-11 23:00:47.843+00
ethereum,eth,Ethereum,2339.603401986634,282369663646.8243,15115287938.074223,,2026-05-12 00:00:36.51+00
ethereum,eth,Ethereum,2333.4161707892367,281784829369.9096,14419402257.12548,,2026-05-12 01:00:48.67+00
ethereum,eth,Ethereum,2311.2506331835934,278988407366.55725,14026560995.836847,,2026-05-12 02:00:40.6+00
ethereum,eth,Ethereum,2314.5344721491992,279331535999.0111,13576839735.883057,,2026-05-12 03:00:43.304+00
ethereum,eth,Ethereum,2308.6015019776896,278525165612.40894,13362714603.880426,,2026-05-12 04:00:13.751+00
ethereum,eth,Ethereum,2310.7285768536904,278864346298.3334,13067459250.146765,,2026-05-12 05:00:48.54+00
ethereum,eth,Ethereum,2310.6187189977354,278945935534.4567,12976910369.110588,,2026-05-12 06:00:09.043+00
ethereum,eth,Ethereum,2303.213197015256,277930940866.105,12581973745.906034,,2026-05-12 07:00:37.424+00
ethereum,eth,Ethereum,2296.0529065791134,277370310566.39166,13349864442.64793,,2026-05-12 08:00:31.223+00
ethereum,eth,Ethereum,2286.7352717276985,275846737534.4052,13898839989.056023,,2026-05-12 09:00:52.728+00
ethereum,eth,Ethereum,2290.529737485297,276374909958.70703,14190808576.162575,,2026-05-12 10:00:09.485+00
ethereum,eth,Ethereum,2285.3910702155367,275766070350.6448,15312256038.55792,,2026-05-12 11:00:58.494+00
ethereum,eth,Ethereum,2285.9874062310987,275807842475.8638,14647692249.170076,,2026-05-12 12:00:49.893+00
ethereum,eth,Ethereum,2287.5935621101694,276098805701.0418,14826745975.258345,,2026-05-12 13:00:52.862+00
ethereum,eth,Ethereum,2272.255470621675,274270166547.5761,15578288262.648169,,2026-05-12 14:00:08.477+00
ethereum,eth,Ethereum,2268.2349335216813,273756610386.05716,14736511525.225365,,2026-05-12 15:00:35.21+00
ethereum,eth,Ethereum,2263.3702385768343,273330532491.64883,15734755561.393261,,2026-05-12 16:00:45.152+00
ethereum,eth,Ethereum,2263.212738994513,273143511001.64838,14296843891.376053,,2026-05-12 17:00:22.342+00
ethereum,eth,Ethereum,2275.2204014775098,274656522625.3884,14607239795.240555,,2026-05-12 18:00:24.419+00
ethereum,eth,Ethereum,2279.866155368264,275405002544.7476,14621983176.58825,,2026-05-12 19:00:36.011+00
ethereum,eth,Ethereum,2284.4441967784237,275728664200.893,14611334408.14026,,2026-05-12 20:00:36.06+00
ethereum,eth,Ethereum,2284.1748112459827,275611097746.34357,14558845626.276093,,2026-05-12 21:00:28.873+00
ethereum,eth,Ethereum,2284.683439599058,275625850206.5391,14661325194.748817,,2026-05-12 22:00:36.933+00
ethereum,eth,Ethereum,2282.256260373864,275542217679.7006,14584412823.823988,,2026-05-12 23:00:25.62+00
ethereum,eth,Ethereum,2274.643164858102,274512686207.31485,14692651356.32512,,2026-05-13 00:01:09.866+00
ethereum,eth,Ethereum,2282.5434999313834,275510609133.05865,14692997132.842602,,2026-05-13 01:00:50.375+00
ethereum,eth,Ethereum,2289.5864527680737,276506881827.6395,14982953493.1148,,2026-05-13 02:00:38.504+00
ethereum,eth,Ethereum,2293.1155678023083,276735373602.09155,14021062254.62979,,2026-05-13 03:00:10.8+00
ethereum,eth,Ethereum,2300.933984764156,277687396476.727,14151755635.528595,,2026-05-13 04:01:10.566+00
ethereum,eth,Ethereum,2306.2403310669024,278331463397.1282,14172512523.35509,,2026-05-13 05:00:23.499+00
ethereum,eth,Ethereum,2296.78382934265,277263346816.163,14123171089.802967,,2026-05-13 06:00:33.118+00
ethereum,eth,Ethereum,2301.02191322683,277679678125.02704,14851300270.694479,,2026-05-13 07:00:36.296+00
ethereum,eth,Ethereum,2300.0088133398276,277390759278.6967,14473883689.177797,,2026-05-13 08:00:40.639+00
ethereum,eth,Ethereum,2315.0489194909796,279383721420.3082,13099314385.480812,,2026-05-13 09:00:14.043+00
ethereum,eth,Ethereum,2319.8163308409894,279983264980.6139,13086121599.603884,,2026-05-13 10:00:55.187+00
ethereum,eth,Ethereum,2307.8564863793868,278570652622.33826,13163996234.817623,,2026-05-13 11:00:27.027+00
ethereum,eth,Ethereum,2301.1848642915297,277712941742.2239,13122727064.101065,,2026-05-13 12:00:27.354+00
ethereum,eth,Ethereum,2283.201921849493,275437753502.44617,13391064970.998589,,2026-05-13 13:00:08.034+00
ethereum,eth,Ethereum,2261.454853484115,272870257576.5051,13532471330.80037,,2026-05-13 14:00:50.159+00
ethereum,eth,Ethereum,2266.220150562718,273445208255.8048,13538586241.027668,,2026-05-13 15:00:04.727+00
ethereum,eth,Ethereum,2237.5063660170076,270614280407.36478,14806297187.741915,,2026-05-13 16:00:45.31+00
ethereum,eth,Ethereum,2249.8305557864414,271524109962.41818,14171731760.20817,,2026-05-13 17:00:04.922+00
ethereum,eth,Ethereum,2258.059578657913,272559704458.61966,14142446290.688604,,2026-05-13 18:00:31.456+00
ethereum,eth,Ethereum,2259.7375993780106,272797257536.99466,14504358061.569904,,2026-05-13 19:00:51.737+00
ethereum,eth,Ethereum,2255.5200754586417,272073539419.91904,14415668983.522007,,2026-05-13 20:00:25.072+00
ethereum,eth,Ethereum,2262.211354768107,272967159611.71683,14275894262.76909,,2026-05-13 21:00:48.556+00
ethereum,eth,Ethereum,2255.385995029801,272219347621.05847,14213974571.652693,,2026-05-13 22:00:42.12+00
ethereum,eth,Ethereum,2258.563791044637,272565719793.84512,14075267420.418322,,2026-05-13 23:00:29.522+00
ethereum,eth,Ethereum,2257.6171092097293,272478138096.27826,13975758933.83422,,2026-05-14 00:00:25.607+00
ethereum,eth,Ethereum,2266.477032144314,273460768560.99167,14223360755.091621,,2026-05-14 01:00:33.882+00
ethereum,eth,Ethereum,2264.2789252717007,273367850085.4178,13990228764.153902,,2026-05-14 02:00:20.552+00
ethereum,eth,Ethereum,2250.496795210615,271575412678.84012,13796394792.378126,,2026-05-14 03:00:40.57+00
ethereum,eth,Ethereum,2240.0456149824945,270370581543.00287,14090876557.586266,,2026-05-14 04:00:08.616+00
ethereum,eth,Ethereum,2255.7327481030247,272266507763.28342,14951500580.043142,,2026-05-14 05:00:08.284+00
ethereum,eth,Ethereum,2267.755153846719,273770401736.2809,14391578579.181772,,2026-05-14 06:00:41.319+00
ethereum,eth,Ethereum,2267.3178231282327,273618971801.94382,14603405839.20325,,2026-05-14 07:00:51.42+00
ethereum,eth,Ethereum,2265.4772450722735,273700446566.09473,14437289865.627998,,2026-05-14 08:00:42.738+00
ethereum,eth,Ethereum,2265.553565999653,273428357925.6022,14556659183.06902,,2026-05-14 09:00:51.799+00
ethereum,eth,Ethereum,2256.9792441254353,272386156775.92773,14310736676.063042,,2026-05-14 10:01:07.59+00
ethereum,eth,Ethereum,2261.1887497256357,272893919493.00577,14343713473.098839,,2026-05-14 11:01:00.028+00
ethereum,eth,Ethereum,2254.2757604852236,272028354220.56418,14289429683.502829,,2026-05-14 12:00:50.811+00
ethereum,eth,Ethereum,2259.906320968257,272739313780.0971,13790144740.820944,,2026-05-14 13:00:47.049+00
ethereum,eth,Ethereum,2254.6256962072375,272211714804.9047,11505605420.229158,,2026-05-14 14:00:27.134+00
ethereum,eth,Ethereum,2286.02969908647,275862950171.53815,13955398513.81303,,2026-05-14 15:00:17.757+00
ethereum,eth,Ethereum,2297.3574979448185,277225541182.4478,15019945574.815577,,2026-05-14 16:00:48.867+00
ethereum,eth,Ethereum,2306.9442866820555,277457055974.4217,15689739941.426342,,2026-05-14 17:00:49.988+00
ethereum,eth,Ethereum,2309.0371301389996,278676639847.1784,15378474236.617872,,2026-05-14 18:00:37.925+00
ethereum,eth,Ethereum,2309.8574206988237,278841131911.22424,16189482699.283945,,2026-05-14 19:00:14.037+00
ethereum,eth,Ethereum,2298.2631801103175,277368193121.94086,15697478765.686852,,2026-05-14 20:00:55.222+00
ethereum,eth,Ethereum,2297.1812197106033,277172623464.3896,15949596053.640615,,2026-05-14 21:00:36.776+00
ethereum,eth,Ethereum,2296.7446646795515,277195712938.05536,16401467850.69301,,2026-05-14 22:00:44.476+00
ethereum,eth,Ethereum,2297.3465046235356,277323833255.98456,16551715402.097708,,2026-05-14 23:00:04.093+00
ethereum,eth,Ethereum,2281.4964960855596,275345080771.5522,16314146159.781778,,2026-05-15 00:00:31.04+00
ethereum,eth,Ethereum,2290.265839232629,276213811004.79517,17382113351.51633,,2026-05-15 01:00:56.018+00
ethereum,eth,Ethereum,2276.116670304752,274730153855.9451,16880596790.389383,,2026-05-15 02:00:13.624+00
ethereum,eth,Ethereum,2276.4396100000486,274751057722.88406,18183280530.510735,,2026-05-15 03:00:55.944+00
ethereum,eth,Ethereum,2273.1273570073104,274334852486.01727,17408079200.38967,,2026-05-15 04:00:23.556+00
ethereum,eth,Ethereum,2263.708650147447,273218366701.5581,17291486018.149128,,2026-05-15 05:01:08.495+00
ethereum,eth,Ethereum,2244.703734191557,271200091529.43063,18856526865.416176,,2026-05-15 06:01:09.49+00
ethereum,eth,Ethereum,2254.3929015208405,272176772928.3074,18986076928.993996,,2026-05-15 07:01:11.254+00
ethereum,eth,Ethereum,2264.748816445287,273425817113.94366,18493846903.072304,,2026-05-15 08:00:06.007+00
ethereum,eth,Ethereum,2256.3187387876387,272138379358.91846,18550616437.734364,,2026-05-15 09:00:07.366+00
ethereum,eth,Ethereum,2253.122403996118,271912904120.9513,18468471974.848892,,2026-05-15 10:00:47.77+00
ethereum,eth,Ethereum,2262.3666702545747,273075172491.7265,18575275446.826424,,2026-05-15 11:00:26.617+00
ethereum,eth,Ethereum,2257.1088782789257,272497993503.05023,18509725501.6798,,2026-05-15 12:00:35.359+00
ethereum,eth,Ethereum,2253.1721518214094,271879384506.91202,18514277098.25211,,2026-05-15 13:00:41.487+00
ethereum,eth,Ethereum,2214.1882634715557,268154648459.78397,20596851429.115032,,2026-05-15 14:00:07.105+00
ethereum,eth,Ethereum,2214.6418325924637,266964924680.68863,20867029485.644367,,2026-05-15 15:00:00.763+00
ethereum,eth,Ethereum,2221.591500560954,268149004351.10645,20282820184.125996,,2026-05-15 16:00:56.092+00
ethereum,eth,Ethereum,2222.2840329637265,268155886942.04135,18780565918.721775,,2026-05-15 17:00:04.938+00
ethereum,eth,Ethereum,2228.1289744025166,268896576660.48306,18020762394.832764,,2026-05-15 18:01:05.922+00
ethereum,eth,Ethereum,2226.805675327838,268742185363.66226,17689288038.31201,,2026-05-15 19:00:30.208+00
ethereum,eth,Ethereum,2222.567349955064,268200322719.26672,17310352823.88968,,2026-05-15 20:00:39.99+00
ethereum,eth,Ethereum,2218.6338629589377,267717945364.19165,17231920457.899815,,2026-05-15 21:01:02.308+00
ethereum,eth,Ethereum,2216.307839673124,267578851503.50702,17106762576.889683,,2026-05-15 22:00:37.35+00
ethereum,eth,Ethereum,2222.8523575639106,268266568472.87946,17099060535.794924,,2026-05-15 23:00:35.788+00
ethereum,eth,Ethereum,2223.5999584060537,268350883502.93695,16824489278.060314,,2026-05-16 00:00:36.008+00
ethereum,eth,Ethereum,2225.430257985287,268673796768.0419,16523540140.06482,,2026-05-16 01:00:52.734+00
ethereum,eth,Ethereum,2228.930497646739,268858855456.51248,15996850557.473038,,2026-05-16 02:00:28.747+00
ethereum,eth,Ethereum,2227.510002431256,268822112287.15817,15196182361.966194,,2026-05-16 03:00:36.232+00
ethereum,eth,Ethereum,2226.645979650535,268759323397.57312,14885248115.724276,,2026-05-16 04:00:30.038+00
ethereum,eth,Ethereum,2224.4181689616894,268285647652.3691,14894125351.556194,,2026-05-16 05:00:40.276+00
ethereum,eth,Ethereum,2223.9254672105917,268522487388.26117,13863394316.514557,,2026-05-16 06:00:44.806+00
ethereum,eth,Ethereum,2214.6720898072695,267484787527.3568,13673829730.998013,,2026-05-16 07:00:43.06+00
ethereum,eth,Ethereum,2193.6504573588286,264723890150.67627,14268723559.138588,,2026-05-16 08:00:54.744+00
ethereum,eth,Ethereum,2192.7971482461444,264639597999.75958,14076890441.423014,,2026-05-16 09:00:45.979+00
ethereum,eth,Ethereum,2173.2012241513953,262263591637.0502,14690662064.403782,,2026-05-16 10:01:00.446+00
ethereum,eth,Ethereum,2172.3342731981884,262183270019.2143,14947933152.594677,,2026-05-16 11:00:31.911+00
ethereum,eth,Ethereum,2175.431353547887,262541519533.7759,15072896450.800274,,2026-05-16 12:00:36.242+00
ethereum,eth,Ethereum,2175.788675282608,262619602937.15988,15020990311.718927,,2026-05-16 13:00:04.076+00
ethereum,eth,Ethereum,2176.916842528404,262713348412.30765,13534862579.490416,,2026-05-16 14:00:38.631+00
ethereum,eth,Ethereum,2178.929275084622,262943040655.41806,10804649567.568203,,2026-05-16 15:00:48.974+00
ethereum,eth,Ethereum,2178.9348942562965,262945299761.17743,11623772723.18898,,2026-05-16 16:00:42.82+00
ethereum,eth,Ethereum,2173.046190482674,262293385007.42233,11776824350.705849,,2026-05-16 17:00:30.508+00
ethereum,eth,Ethereum,2178.215817271033,262877159954.92264,11404808016.755592,,2026-05-16 18:00:52.525+00
ethereum,eth,Ethereum,2180.5673923139493,263168751760.00476,11234078741.572668,,2026-05-16 19:00:53.744+00
ethereum,eth,Ethereum,2178.4520791610844,262896115194.85455,10982297861.693497,,2026-05-16 20:00:50.204+00
ethereum,eth,Ethereum,2180.7854870373526,263161620355.15936,10695268057.732574,,2026-05-16 21:00:26.086+00
ethereum,eth,Ethereum,2182.038967814054,263330079543.568,11360990050.394905,,2026-05-16 22:00:42.507+00
ethereum,eth,Ethereum,2179.6233162367375,263051362348.17215,10393202109.011068,,2026-05-16 23:00:18.999+00
ethereum,eth,Ethereum,2179.876738047661,263107467414.07,11230210593.107407,,2026-05-17 00:00:41.132+00
ethereum,eth,Ethereum,2176.339335796267,262756533402.6291,10695499016.16472,,2026-05-17 01:00:30.005+00
ethereum,eth,Ethereum,2169.41383530797,261967448057.2153,10892961293.49754,,2026-05-17 02:00:47.95+00
ethereum,eth,Ethereum,2172.70639306506,262212322485.34073,10678449607.359463,,2026-05-17 03:00:59.769+00
ethereum,eth,Ethereum,2180.570902439471,263124872279.16833,11653881886.6645,,2026-05-17 04:00:58.548+00
ethereum,eth,Ethereum,2186.642350475285,263899458398.71472,10810773999.944902,,2026-05-17 05:01:12.57+00
ethereum,eth,Ethereum,2185.3175109794797,263715810401.60068,10954367844.418756,,2026-05-17 06:00:11.169+00
ethereum,eth,Ethereum,2183.8235829328246,263496034099.94138,10641730660.510672,,2026-05-17 07:00:17.672+00
ethereum,eth,Ethereum,2185.2108152952324,263759107188.30237,9467936267.824606,,2026-05-17 08:00:39.984+00
ethereum,eth,Ethereum,2184.9250695173187,263700123801.08078,9214873467.150448,,2026-05-17 09:00:05.804+00
ethereum,eth,Ethereum,2190.031508371732,264291846330.37497,9275078352.414242,,2026-05-17 10:00:41.181+00
ethereum,eth,Ethereum,2192.289181718103,264643166470.03574,8027783331.949971,,2026-05-17 11:01:05.143+00
ethereum,eth,Ethereum,2190.998012940629,264407893127.13348,7701867691.705597,,2026-05-17 12:00:38.883+00
ethereum,eth,Ethereum,2193.421507639437,264814525668.75488,7609657097.89527,,2026-05-17 13:00:41.786+00
ethereum,eth,Ethereum,2190.986488356279,264320994762.3895,7472302603.396527,,2026-05-17 14:00:57.661+00
ethereum,eth,Ethereum,2185.9683222959484,263858352487.5387,7351007614.53108,,2026-05-17 15:00:12.663+00
ethereum,eth,Ethereum,2185.457556262815,263759264438.8025,7102539401.725774,,2026-05-17 16:00:46.18+00
ethereum,eth,Ethereum,2182.045462964563,263504256776.1622,6818765724.516054,,2026-05-17 17:00:34.514+00
ethereum,eth,Ethereum,2182.6232671582934,263468291635.1564,7568055844.159382,,2026-05-17 18:00:38.592+00
ethereum,eth,Ethereum,2186.536467234123,263792578550.54727,6722480592.717101,,2026-05-17 19:00:08.4+00
ethereum,eth,Ethereum,2191.2438562110815,264465119594.16998,6790915120.978003,,2026-05-17 20:00:50.307+00
ethereum,eth,Ethereum,2188.3282027388314,264107561528.84973,6921498761.408168,,2026-05-17 21:00:31.401+00
ethereum,eth,Ethereum,2191.1528928589673,264474140664.23514,6959476427.909786,,2026-05-17 22:00:30.178+00
ethereum,eth,Ethereum,2177.612740270725,262795454307.27316,7435502884.33926,,2026-05-17 23:00:45.704+00
ethereum,eth,Ethereum,2128.0002275811294,256819394719.64435,9287604931.97313,,2026-05-18 00:00:46.732+00
ethereum,eth,Ethereum,2112.081825055528,254520435257.93384,10598601826.30902,,2026-05-18 01:00:43.205+00
ethereum,eth,Ethereum,2117.773099345257,255688296835.3221,11679344961.23933,,2026-05-18 02:01:01.17+00
ethereum,eth,Ethereum,2114.367219671267,255217101182.88458,11122524760.430782,,2026-05-18 03:00:39.754+00
ethereum,eth,Ethereum,2117.78322498737,255581517029.65094,11308892571.712273,,2026-05-18 04:00:44.673+00
ethereum,eth,Ethereum,2122.968575485799,256070866920.69476,11386085938.158594,,2026-05-18 05:00:20.029+00
ethereum,eth,Ethereum,2117.4627871713,255554389166.27945,11568106841.24061,,2026-05-18 06:00:47.146+00
ethereum,eth,Ethereum,2117.7379238086783,255534755264.3554,12637829207.904842,,2026-05-18 07:00:42.199+00
ethereum,eth,Ethereum,2120.1581512101247,255858015992.1817,13030056208.904346,,2026-05-18 08:00:51.213+00
ethereum,eth,Ethereum,2120.4590642455914,255875961622.6804,13217271147.328495,,2026-05-18 09:00:23.977+00
ethereum,eth,Ethereum,2115.62393704049,255326228966.50845,12527245152.069717,,2026-05-18 10:00:35.828+00
ethereum,eth,Ethereum,2114.0956804181915,255236353083.053,12598615014.574339,,2026-05-18 11:00:47.926+00
ethereum,eth,Ethereum,2132.924754070001,257414430570.4185,13048635021.251316,,2026-05-18 12:00:27.007+00
ethereum,eth,Ethereum,2151.3413609081126,259769371442.32608,14935229590.1616,,2026-05-18 13:00:08.978+00
ethereum,eth,Ethereum,2129.795098276265,257412028142.45212,15664434922.103931,,2026-05-18 14:00:37.664+00
ethereum,eth,Ethereum,2107.5613068259,254492272327.9633,16428860302.768936,,2026-05-18 15:00:13.626+00
ethereum,eth,Ethereum,2107.05176861751,254261785719.12985,16633194528.285574,,2026-05-18 16:00:50.731+00
ethereum,eth,Ethereum,2097.929031666315,253268456165.06622,17236643033.5106,,2026-05-18 17:00:37.019+00
ethereum,eth,Ethereum,2106.5297031720193,254228225431.059,17479459753.927845,,2026-05-18 18:00:23.072+00
ethereum,eth,Ethereum,2081.326414710757,251190067152.87964,19228726148.403664,,2026-05-18 19:00:16.189+00
ethereum,eth,Ethereum,2122.5363380003487,256163502322.80267,19610806084.83576,,2026-05-18 20:00:53.414+00
ethereum,eth,Ethereum,2115.903928061827,255361185269.60703,20048159330.29043,,2026-05-18 21:00:18.535+00
ethereum,eth,Ethereum,2136.407942903037,257716518359.1519,19827370088.93501,,2026-05-18 22:00:44.847+00
ethereum,eth,Ethereum,2133.588509180764,257296379720.9164,20846879098.756054,,2026-05-18 23:00:27.328+00
ethereum,eth,Ethereum,2128.491500875394,256878631052.22052,17747081554.3689,,2026-05-19 00:00:49.193+00
ethereum,eth,Ethereum,2135.051162662468,257685056931.3371,17418040970.514088,,2026-05-19 01:00:55.373+00
ethereum,eth,Ethereum,2124.409250438266,256386970685.0312,17154236443.497318,,2026-05-19 02:00:46.124+00
ethereum,eth,Ethereum,2121.2281313663307,256070613442.6084,17868718309.915386,,2026-05-19 03:00:52.306+00
ethereum,eth,Ethereum,2129.6356168142875,257045767104.30975,17944295708.027603,,2026-05-19 04:00:38.652+00
ethereum,eth,Ethereum,2132.0816179453554,257308980098.20312,17097953085.864885,,2026-05-19 05:00:39.963+00
ethereum,eth,Ethereum,2134.139284148331,257559715451.58347,17244151412.642365,,2026-05-19 06:00:27.863+00
ethereum,eth,Ethereum,2135.7301703214725,257809500970.04446,17061762166.841803,,2026-05-19 07:00:17.899+00
ethereum,eth,Ethereum,2139.8125717222824,258272636602.28116,16886527853.181879,,2026-05-19 08:01:10.58+00
ethereum,eth,Ethereum,2132.783031169561,257428693312.10132,16806583771.475761,,2026-05-19 09:00:46.121+00
ethereum,eth,Ethereum,2113.2445971498705,254968941068.98578,16907754024.744877,,2026-05-19 10:00:38.439+00
ethereum,eth,Ethereum,2117.0413277754383,255518423257.53113,17898006815.344143,,2026-05-19 11:00:24.599+00
ethereum,eth,Ethereum,2109.5673329560914,254590130479.89822,16658693716.083752,,2026-05-19 12:00:31.188+00
ethereum,eth,Ethereum,2117.1383243513196,255510957460.53223,15952799656.827774,,2026-05-19 13:00:51.653+00
ethereum,eth,Ethereum,2118.1803165725582,256151285173.0252,15741586920.812014,,2026-05-19 14:00:37.536+00
ethereum,eth,Ethereum,2104.2381210969756,253630009939.49557,16178883651.041002,,2026-05-19 15:01:02.954+00
ethereum,eth,Ethereum,2106.944600373794,254258842985.99377,15363012770.505651,,2026-05-19 16:00:06.881+00
ethereum,eth,Ethereum,2119.8737619286603,255804627661.1607,14098826156.558647,,2026-05-19 17:01:09.719+00
ethereum,eth,Ethereum,2113.773319645349,255075882125.1944,14843525645.739344,,2026-05-19 18:00:23.783+00
ethereum,eth,Ethereum,2113.4967642751676,255050643931.28326,14144150276.879929,,2026-05-19 19:00:45.118+00
ethereum,eth,Ethereum,2110.426568858353,254698805462.43402,12970926513.007042,,2026-05-19 20:00:06.633+00
ethereum,eth,Ethereum,2116.736458624054,255447209355.65018,11862755501.908228,,2026-05-19 21:00:07.887+00
ethereum,eth,Ethereum,2115.950785756877,255539497107.65588,11477418445.466776,,2026-05-19 22:00:43.972+00
ethereum,eth,Ethereum,2105.0089837400183,254104139989.23264,11194135634.865416,,2026-05-19 23:00:30.745+00
ethereum,eth,Ethereum,2109.7541528236497,254776626199.96878,11184731178.976313,,2026-05-20 00:00:42.081+00
ethereum,eth,Ethereum,2108.716307878721,254555674978.72507,11965707840.766762,,2026-05-20 01:00:33.909+00
ethereum,eth,Ethereum,2113.544755053438,254940801628.0819,11173508738.459621,,2026-05-20 02:01:03.206+00
ethereum,eth,Ethereum,2106.918892007095,254181208060.79163,10904637356.03439,,2026-05-20 03:00:24.381+00
ethereum,eth,Ethereum,2109.730033643281,254627385070.38504,11456262079.24075,,2026-05-20 04:00:32.885+00
ethereum,eth,Ethereum,2111.0073953383244,254751052193.04364,11303089966.513773,,2026-05-20 05:00:34.846+00
ethereum,eth,Ethereum,2122.8627689752834,256228372344.9671,10843752205.38863,,2026-05-20 06:00:46.619+00
ethereum,eth,Ethereum,2131.03856960549,257198611157.57474,10883105383.406487,,2026-05-20 07:01:06.025+00
ethereum,eth,Ethereum,2127.544896961345,256786925777.86566,10794145419.907581,,2026-05-20 08:00:45.814+00
ethereum,eth,Ethereum,2129.3075337856058,256993369060.3999,10849085638.651348,,2026-05-20 09:00:25.796+00
ethereum,eth,Ethereum,2126.848177193994,256663254198.16034,10498766653.837109,,2026-05-20 10:00:45.704+00
ethereum,eth,Ethereum,2128.7086254060555,256910408442.681,10297658025.888344,,2026-05-20 11:00:51.489+00
ethereum,eth,Ethereum,2126.107423450169,256483925405.29965,11092454331.934364,,2026-05-20 12:00:39.957+00
ethereum,eth,Ethereum,2132.6946484976297,257513690388.39285,11212357089.938011,,2026-05-20 13:00:36.835+00
ethereum,eth,Ethereum,2117.841683608538,255603100285.60532,10307117665.111319,,2026-05-20 14:00:46.759+00
ethereum,eth,Ethereum,2134.692972289772,257771296964.92673,10148634353.377563,,2026-05-20 15:00:22.343+00
ethereum,eth,Ethereum,2134.0344078034786,257738462247.011,10476676286.656979,,2026-05-20 16:01:07.341+00
ethereum,eth,Ethereum,2132.305878706801,257333413293.72192,10460801483.107769,,2026-05-20 17:00:56.896+00
ethereum,eth,Ethereum,2138.500709037162,258055797227.62454,11574343713.82775,,2026-05-20 18:00:20.228+00
ethereum,eth,Ethereum,2130.1559830981155,257103046247.67242,10940540619.7182,,2026-05-20 19:00:58.733+00
ethereum,eth,Ethereum,2137.7121439221933,257975126200.96262,10846865016.136278,,2026-05-20 20:00:50.861+00
ethereum,eth,Ethereum,2134.5344087565354,257538102840.94266,11819849906.754374,,2026-05-20 21:00:20.443+00
ethereum,eth,Ethereum,2129.383702876317,257102759355.88464,11108782134.018742,,2026-05-20 22:00:12.758+00
ethereum,eth,Ethereum,2125.9559877514866,256547431495.25876,11162329085.092451,,2026-05-20 23:00:52.496+00
ethereum,eth,Ethereum,2127.2938085253463,256733858594.53214,11880070016.234482,,2026-05-21 00:00:38.019+00
ethereum,eth,Ethereum,2140.710777657005,258388996609.32306,11218965775.760551,,2026-05-21 01:01:02.427+00
ethereum,eth,Ethereum,2139.128402379083,258129693514.8014,12111130234.521006,,2026-05-21 02:00:08.688+00
ethereum,eth,Ethereum,2140.8179579341313,258338845864.43182,11228505799.007362,,2026-05-21 03:00:42.075+00
ethereum,eth,Ethereum,2143.6411010639567,258690045798.00558,12047487874.580782,,2026-05-21 04:00:53.155+00
ethereum,eth,Ethereum,2143.26782227445,258580413388.1024,12067693813.952044,,2026-05-21 05:00:48.095+00
ethereum,eth,Ethereum,2133.9632022648557,257521130056.56973,11037236338.356148,,2026-05-21 06:00:08.728+00
ethereum,eth,Ethereum,2126.3861974212628,256609200446.35126,11808602693.5595,,2026-05-21 07:00:16.941+00
ethereum,eth,Ethereum,2133.7712691622587,257368852264.29523,11921124553.68312,,2026-05-21 08:01:14.878+00
ethereum,eth,Ethereum,2136.1822856574295,257633916216.7788,11304781977.775,,2026-05-21 09:00:08.613+00
ethereum,eth,Ethereum,2126.628838604658,256684317282.44775,11554226172.923538,,2026-05-21 10:00:07.729+00
ethereum,eth,Ethereum,2112.620897046607,254962959614.18817,12155021068.577978,,2026-05-21 11:00:40.27+00
ethereum,eth,Ethereum,2113.790444000585,255171749187.42606,12660802874.482426,,2026-05-21 12:00:59.564+00
ethereum,eth,Ethereum,2115.616539094304,255396818041.54065,12858966077.06324,,2026-05-21 13:00:38.209+00
ethereum,eth,Ethereum,2117.6697732281796,255662261783.69592,12955397025.66587,,2026-05-21 14:01:11.942+00
ethereum,eth,Ethereum,2119.406803496634,255595470903.02393,13687265876.51758,,2026-05-21 15:00:50.52+00
ethereum,eth,Ethereum,2130.356773603215,257067152768.6628,12167991748.426107,,2026-05-21 16:01:03.927+00
ethereum,eth,Ethereum,2125.4117586066686,256468576639.19434,12683192023.531357,,2026-05-21 17:00:32.827+00
ethereum,eth,Ethereum,2147.340674795231,259457543317.45053,13393127069.975237,,2026-05-21 18:01:03.485+00
ethereum,eth,Ethereum,2123.6601473364963,256036694734.1456,13490157308.116995,,2026-05-21 19:00:07.915+00
ethereum,eth,Ethereum,2141.061864732774,258395333184.40274,13689740138.280733,,2026-05-21 20:00:32.685+00
ethereum,eth,Ethereum,2136.698066173906,257844091006.21573,13557326105.326803,,2026-05-21 21:00:36.056+00
ethereum,eth,Ethereum,2132.9442081225707,257513659192.49164,13506767395.299276,,2026-05-21 22:00:38.095+00
ethereum,eth,Ethereum,2129.8361428890125,257059539553.6992,14049536164.233316,,2026-05-21 23:00:44.772+00
ethereum,eth,Ethereum,2131.694272748801,257402121517.96973,13232124105.785456,,2026-05-22 00:00:39.339+00
ethereum,eth,Ethereum,2128.0602910253806,256838016050.48062,13294844872.379583,,2026-05-22 01:00:46.89+00
ethereum,eth,Ethereum,2133.2501117685056,257389810082.83206,12749553592.74397,,2026-05-22 02:00:47.548+00
ethereum,eth,Ethereum,2134.9943100014266,257577587144.05237,12597419957.485159,,2026-05-22 03:00:38.915+00
ethereum,eth,Ethereum,2135.810999975328,257779322259.06818,12742324986.076097,,2026-05-22 04:00:49.673+00
ethereum,eth,Ethereum,2131.8555825424846,257290659263.87106,12682565065.110857,,2026-05-22 05:00:45.068+00
ethereum,eth,Ethereum,2127.7850349603864,256789840324.32175,13402003172.424093,,2026-05-22 06:00:30.558+00
ethereum,eth,Ethereum,2123.466594873216,256231671693.62177,12455827470.683296,,2026-05-22 07:00:58.582+00
ethereum,eth,Ethereum,2126.6870842550793,256677111229.58755,12500757162.829487,,2026-05-22 08:00:48.494+00
ethereum,eth,Ethereum,2120.9285259555268,255987865710.027,12632091186.260197,,2026-05-22 09:00:36.676+00
ethereum,eth,Ethereum,2121.9346131656944,256156569135.50836,12474564568.082357,,2026-05-22 10:00:14.886+00
ethereum,eth,Ethereum,2120.633897975135,255919897788.618,11740412275.592567,,2026-05-22 11:00:54.466+00
ethereum,eth,Ethereum,2127.4859105677465,256669790191.44275,11431996204.55879,,2026-05-22 12:00:44.714+00
ethereum,eth,Ethereum,2131.0090951620436,257205676981.174,11201519700.91106,,2026-05-22 13:00:14.63+00
ethereum,eth,Ethereum,2126.439822158852,256624371246.6672,11256665638.936602,,2026-05-22 14:00:51.541+00
ethereum,eth,Ethereum,2115.299138110686,255403851179.0412,11355714841.11961,,2026-05-22 15:00:59.277+00
ethereum,eth,Ethereum,2117.792968369218,255612155076.30136,11812346439.955515,,2026-05-22 16:00:54.44+00
ethereum,eth,Ethereum,2120.440633536362,255900487047.50497,11584037747.58864,,2026-05-22 17:00:35.22+00
ethereum,eth,Ethereum,2117.7926794644286,255589805242.60397,10140857835.294012,,2026-05-22 18:00:30.969+00
ethereum,eth,Ethereum,2097.642130892674,253219989681.09842,11206284739.505562,,2026-05-22 19:00:17.857+00
ethereum,eth,Ethereum,2064.3459135232392,249081986350.8371,12170509351.681755,,2026-05-22 20:00:46.569+00
ethereum,eth,Ethereum,2070.6259810222436,249893881216.0295,11315286612.842083,,2026-05-22 21:00:15.37+00
ethereum,eth,Ethereum,2075.8775320904724,250521272210.79004,13659373688.353567,,2026-05-22 22:00:42.936+00
ethereum,eth,Ethereum,2070.4156163713556,249830678270.43127,12046316145.422003,,2026-05-22 23:00:39.149+00
ethereum,eth,Ethereum,2064.3781409811045,249169080012.44092,13157867768.68006,,2026-05-23 00:00:50.325+00
ethereum,eth,Ethereum,2062.7805661720295,248907612054.25467,13056796406.636726,,2026-05-23 01:00:54.559+00
ethereum,eth,Ethereum,2066.4375289645086,249388027488.9464,13019319963.511703,,2026-05-23 02:00:45.69+00
ethereum,eth,Ethereum,2066.4117238443423,249387785757.72766,13064027863.305979,,2026-05-23 03:00:35.341+00
ethereum,eth,Ethereum,2068.503681710446,249719708789.0345,13085918054.151474,,2026-05-23 04:00:43.213+00
ethereum,eth,Ethereum,2064.519068700665,249157068354.44006,12964610983.431986,,2026-05-23 05:00:29.11+00
ethereum,eth,Ethereum,2062.302218186403,248854945316.20642,13163808136.685337,,2026-05-23 06:01:08.274+00
ethereum,eth,Ethereum,2059.066831046823,248500288923.60712,13086961333.489923,,2026-05-23 07:01:06.64+00
ethereum,eth,Ethereum,2025.1462523785394,244249258854.8703,14393345741.55676,,2026-05-23 08:01:11.926+00
ethereum,eth,Ethereum,2027.7660668075075,244694851251.30185,14641555846.536118,,2026-05-23 09:00:13.787+00
ethereum,eth,Ethereum,2025.4011607571497,244436958420.30786,16556692474.228252,,2026-05-23 10:00:32.068+00
ethereum,eth,Ethereum,2029.3928243538028,244888890312.43857,14581049486.717566,,2026-05-23 11:00:59.247+00
ethereum,eth,Ethereum,2029.8287046834469,244976017041.97937,14506846758.476158,,2026-05-23 12:00:44.732+00
ethereum,eth,Ethereum,2028.6065082537696,244823827909.40878,14642178878.412722,,2026-05-23 13:00:16.253+00
ethereum,eth,Ethereum,2042.4986608790205,246497353683.5406,14758366561.610487,,2026-05-23 14:00:41.54+00
ethereum,eth,Ethereum,2059.8860552464566,248579790567.1757,15136243594.641752,,2026-05-23 15:01:01.011+00
ethereum,eth,Ethereum,2057.815593281281,248340504672.20288,15934133302.170694,,2026-05-23 16:00:46.988+00
ethereum,eth,Ethereum,2059.4300252938883,248469659146.21793,16208437186.29598,,2026-05-23 17:00:51.361+00
ethereum,eth,Ethereum,2061.9634048842954,248849265692.66257,15892860166.141233,,2026-05-23 18:00:33.339+00
ethereum,eth,Ethereum,2072.2753272323666,250303236193.73184,14316520237.56545,,2026-05-23 19:00:18.477+00
ethereum,eth,Ethereum,2074.873216970831,250377172401.40857,14017518083.033674,,2026-05-23 20:00:43.821+00
ethereum,eth,Ethereum,2141.8146893059807,257470792846.62125,15268295867.12451,,2026-05-23 21:00:37.988+00
ethereum,eth,Ethereum,2113.2895298775984,254989468058.76517,15862197360.130365,,2026-05-23 22:00:55.17+00
ethereum,eth,Ethereum,2113.971510516307,255172341940.01974,16777065684.41867,,2026-05-23 23:00:29.636+00
ethereum,eth,Ethereum,2115.708147579567,255408951155.47876,15881194900.795416,,2026-05-24 00:00:21.602+00
ethereum,eth,Ethereum,2116.275669672239,255342327508.03705,15156662930.440737,,2026-05-24 01:00:03.584+00
ethereum,eth,Ethereum,2119.4876492253698,255732523151.7914,15215468863.941044,,2026-05-24 02:00:26.299+00
ethereum,eth,Ethereum,2120.3662321188294,255932948389.1975,15471407684.364042,,2026-05-24 03:00:08.129+00
ethereum,eth,Ethereum,2116.763686549463,255420740273.60474,15380859064.780588,,2026-05-24 04:00:25.416+00
ethereum,eth,Ethereum,2118.314504688167,255649929826.19525,15688556966.236294,,2026-05-24 05:00:15.66+00
ethereum,eth,Ethereum,2117.4582924173183,255546597385.95825,15548497878.871536,,2026-05-24 06:00:16.672+00
ethereum,eth,Ethereum,2125.3189151781617,256498515123.83868,16486764432.205763,,2026-05-24 07:00:41.929+00
ethereum,eth,Ethereum,2117.614298541593,255552796304.31018,13929866271.214487,,2026-05-24 08:00:51.935+00
ethereum,eth,Ethereum,2117.62429875283,255565833609.09085,14146729519.717995,,2026-05-24 09:01:04.6+00
ethereum,eth,Ethereum,2120.755005841947,255918969016.25787,13926101300.367304,,2026-05-24 10:00:21.17+00
ethereum,eth,Ethereum,2119.427086529863,255817807902.04047,13258248245.73583,,2026-05-24 11:00:52.16+00
ethereum,eth,Ethereum,2122.7483491332564,256193505920.23322,13298239642.21336,,2026-05-24 12:00:16.23+00
ethereum,eth,Ethereum,2117.3785903909215,255520197360.18558,13328714168.609255,,2026-05-24 13:00:40.627+00
ethereum,eth,Ethereum,2106.3558882640905,254072656567.58862,11558980361.233362,,2026-05-24 14:00:05.113+00
ethereum,eth,Ethereum,2095.1842170682903,252882126681.38345,13509079095.77797,,2026-05-24 15:00:52.437+00
ethereum,eth,Ethereum,2093.1030143946605,252598973097.95303,13161979582.903666,,2026-05-24 16:00:56.121+00
ethereum,eth,Ethereum,2101.648761438054,253411565647.27347,13943968700.053535,,2026-05-24 17:00:25.558+00
ethereum,eth,Ethereum,2100.8837804707878,253557105553.0778,13762070533.222496,,2026-05-24 18:00:50.287+00
ethereum,eth,Ethereum,2097.4438415121544,253069730689.9069,12319272147.423466,,2026-05-24 19:00:26.935+00
ethereum,eth,Ethereum,2098.1571757775446,253263374139.54044,12230991409.72792,,2026-05-24 20:00:49.923+00
ethereum,eth,Ethereum,2089.6485255979464,252185133472.7209,10350033017.126888,,2026-05-24 21:00:22.285+00
ethereum,eth,Ethereum,2067.4617828530427,249792215065.55286,10516085195.713285,,2026-05-24 22:00:47.144+00
ethereum,eth,Ethereum,2089.1670225555345,252132105092.5901,9778868167.571932,,2026-05-24 23:00:48.34+00
ethereum,eth,Ethereum,2098.138643929662,253223759462.88235,10016986051.91297,,2026-05-25 00:00:23.301+00
ethereum,eth,Ethereum,2101.6156930014768,253661380148.08542,9968942476.916103,,2026-05-25 01:00:34.737+00
ethereum,eth,Ethereum,2094.499683435745,253198707147.2763,10733887244.770052,,2026-05-25 02:00:37.537+00
ethereum,eth,Ethereum,2095.411286006482,252981777430.302,10026226352.335796,,2026-05-25 03:00:41.897+00
ethereum,eth,Ethereum,2093.651479903436,252739669851.716,9944790594.375065,,2026-05-25 04:00:09.689+00
ethereum,eth,Ethereum,2103.1976114161944,253776853316.6963,10911534719.735533,,2026-05-25 05:01:09.395+00
ethereum,eth,Ethereum,2105.486039621996,254118889106.39786,10906570701.689322,,2026-05-25 06:01:07.88+00
ethereum,eth,Ethereum,2106.102288050654,254247809446.21048,10270229003.53362,,2026-05-25 07:00:35.181+00
ethereum,eth,Ethereum,2112.198269882522,254755133655.9156,11528720539.95471,,2026-05-25 08:01:03.84+00
ethereum,eth,Ethereum,2114.5082203479315,255169014625.5514,10237608367.555325,,2026-05-25 09:00:40.966+00
ethereum,eth,Ethereum,2115.212416287117,255263226599.19867,10519565685.359543,,2026-05-25 10:00:22.558+00
ethereum,eth,Ethereum,2114.8551992794755,255221448119.25983,10609251286.726913,,2026-05-25 11:01:03.932+00
ethereum,eth,Ethereum,2112.8444268852973,255178494985.61508,10714830405.230091,,2026-05-25 12:00:05.54+00
ethereum,eth,Ethereum,2116.0310154126378,255389633571.8088,11500410700.500204,,2026-05-25 13:00:50.939+00
ethereum,eth,Ethereum,2114.129829353769,255145019278.23447,10647870385.864275,,2026-05-25 14:00:46.568+00
ethereum,eth,Ethereum,2126.4329891532448,256545331268.4432,9859989118.049143,,2026-05-25 15:00:11.143+00
ethereum,eth,Ethereum,2125.6027748194383,256267603241.07657,8737271391.296879,,2026-05-25 16:01:15.822+00
ethereum,eth,Ethereum,2134.2417128575335,257508411326.67975,10084764909.863705,,2026-05-25 17:01:03.658+00
ethereum,eth,Ethereum,2127.581635651491,256724976505.96143,11034255498.117453,,2026-05-25 18:00:52.955+00
ethereum,eth,Ethereum,2125.0912283495413,256477876648.87555,10243682495.417686,,2026-05-25 19:00:47.936+00
ethereum,eth,Ethereum,2118.826634906213,255681617935.31052,11160688311.151909,,2026-05-25 20:00:42.623+00
ethereum,eth,Ethereum,2108.6848402776204,255047910073.12253,11323818864.605755,,2026-05-25 21:00:42.25+00
ethereum,eth,Ethereum,2109.0779203890133,254523254949.99643,10045434841.15749,,2026-05-25 22:00:49.86+00
ethereum,eth,Ethereum,2104.0819408281322,254244346160.64603,10562426064.046503,,2026-05-25 23:00:36.764+00
ethereum,eth,Ethereum,2111.2088364861415,254705706468.91397,9520275612.667746,,2026-05-26 00:00:42.106+00
ethereum,eth,Ethereum,2096.4058835454694,252860633067.41797,9381033140.276886,,2026-05-26 01:00:52.615+00
ethereum,eth,Ethereum,2093.386193468679,252629725790.11334,10746560613.96604,,2026-05-26 02:00:06.4+00
ethereum,eth,Ethereum,2086.494665747859,251928709838.82474,10804795845.38353,,2026-05-26 03:00:56.716+00
ethereum,eth,Ethereum,2090.9161541404105,252330276079.04962,9430800152.442202,,2026-05-26 04:00:08.342+00
ethereum,eth,Ethereum,2092.483131242856,252577316643.59024,10758150494.314087,,2026-05-26 05:00:46.927+00
ethereum,eth,Ethereum,2097.9140361545574,253221494338.0982,9948033554.55155,,2026-05-26 06:00:42.732+00
ethereum,eth,Ethereum,2099.69051275285,253412443685.09204,9577168590.03412,,2026-05-26 07:00:30.659+00
ethereum,eth,Ethereum,2093.372263142998,253123782488.85452,8093953063.014023,,2026-05-26 08:00:59.441+00
ethereum,eth,Ethereum,2095.470082035387,252946509993.8504,9486529928.934383,,2026-05-26 09:00:39.203+00
ethereum,eth,Ethereum,2094.4444288936756,252784397607.51706,9454721661.2928,,2026-05-26 10:00:45.971+00
ethereum,eth,Ethereum,2126.0270915065917,256654442374.26257,10484890080.610601,,2026-05-26 11:00:57.243+00
ethereum,eth,Ethereum,2119.3453247915345,255793531751.74402,10115973729.155691,,2026-05-26 12:00:59.066+00
ethereum,eth,Ethereum,2123.489493779147,256254624722.09485,10268653097.632198,,2026-05-26 13:01:27.885+00
ethereum,eth,Ethereum,2123.243191195897,256271090661.15,11496860351.296293,,2026-05-26 14:01:18.499+00
ethereum,eth,Ethereum,2109.263844097637,254705339785.32742,13092224345.564249,,2026-05-26 15:00:57.76+00
ethereum,eth,Ethereum,2085.05182750572,250834827931.6237,12118831655.701437,,2026-05-26 16:01:46.078+00
ethereum,eth,Ethereum,2077.0881031169483,250678676698.5076,13721637619.381533,,2026-05-26 17:01:20.251+00
ethereum,eth,Ethereum,2067.024130170247,249520989852.72928,15183621382.936913,,2026-05-26 18:01:25.96+00
ethereum,eth,Ethereum,2065.5819435143458,249552169892.05176,15638200654.320292,,2026-05-26 19:02:09.439+00
ethereum,eth,Ethereum,2072.100892464172,250160049226.53094,15653590142.69003,,2026-05-26 20:02:52.028+00
ethereum,eth,Ethereum,2075.253359133155,250361090210.77728,14617819980.376003,,2026-05-26 21:03:03.291+00
ethereum,eth,Ethereum,2073.757889715214,250380094800.18796,15667460031.142632,,2026-05-26 22:02:37.662+00
ethereum,eth,Ethereum,2066.0127198626233,249303137308.82852,14911211277.61143,,2026-05-26 23:01:23.272+00
ethereum,eth,Ethereum,2070.833946428856,249887411816.00323,14289357242.495832,,2026-05-27 00:02:05.885+00
ethereum,eth,Ethereum,2075.901793272215,250500441272.4345,15693662886.523718,,2026-05-27 01:03:14.338+00
ethereum,eth,Ethereum,2072.0377247667234,250139670074.13046,15318372566.646645,,2026-05-27 02:00:51.675+00
ethereum,eth,Ethereum,2071.5657757017625,249955364056.4976,13641591413.7944,,2026-05-27 03:01:03.78+00
ethereum,eth,Ethereum,2067.6265973861205,249538727852.88382,14444830010.423405,,2026-05-27 04:00:42.441+00
ethereum,eth,Ethereum,2069.6124532889303,249730819397.37305,15301046234.93823,,2026-05-27 05:00:47.787+00
ethereum,eth,Ethereum,2074.4489796868734,250331067355.04736,14960950990.311438,,2026-05-27 06:00:08.602+00
ethereum,eth,Ethereum,2076.1226700890243,250556305705.2387,15427636677.039845,,2026-05-27 07:00:18.451+00
ethereum,eth,Ethereum,2080.773542845114,251059842131.6779,14315816191.389486,,2026-05-27 08:00:58.209+00
ethereum,eth,Ethereum,2082.0814406777686,251263575440.72925,15373875430.940933,,2026-05-27 09:01:03.654+00
ethereum,eth,Ethereum,2080.5937294731434,251171989824.69733,14739813675.459381,,2026-05-27 10:01:02.825+00
ethereum,eth,Ethereum,2077.128841461822,250721350309.27255,14100185759.476767,,2026-05-27 11:00:57.944+00
ethereum,eth,Ethereum,2077.059417764771,250770829782.80054,13766465741.361986,,2026-05-27 12:00:15.459+00
ethereum,eth,Ethereum,2076.3819628310416,250841809487.8492,14829148583.920424,,2026-05-27 13:00:22.985+00
ethereum,eth,Ethereum,2059.3658801639117,248424450382.95346,14551200308.825497,,2026-05-27 14:01:01.24+00
ethereum,eth,Ethereum,2059.323241131163,248501022439.53217,14663754328.113512,,2026-05-27 15:00:35.409+00
ethereum,eth,Ethereum,2067.366200892834,249435027767.53842,14124509893.607943,,2026-05-27 16:01:08.365+00
ethereum,eth,Ethereum,2067.1845991845967,249484714617.40546,13504955983.64294,,2026-05-27 17:00:52.837+00
ethereum,eth,Ethereum,2048.0272854627483,247741037409.88358,13274657870.326906,,2026-05-27 18:00:11.999+00
ethereum,eth,Ethereum,2053.2004971267643,247737810868.5959,12346892138.409124,,2026-05-27 19:00:39.938+00
ethereum,eth,Ethereum,2054.235397995521,247845323442.91824,12312958282.533066,,2026-05-27 20:00:25.504+00
ethereum,eth,Ethereum,2060.437135421017,248591704130.54266,13046895892.285986,,2026-05-27 21:00:26.936+00
ethereum,eth,Ethereum,2017.7070291413124,243404504065.14197,13662882498.289394,,2026-05-27 22:00:21.724+00
ethereum,eth,Ethereum,2023.4363624270534,244236510597.53317,13403888127.06084,,2026-05-27 23:00:28.592+00
ethereum,eth,Ethereum,2022.5062490754037,244028506668.3107,13266188767.021996,,2026-05-28 00:00:45.821+00
ethereum,eth,Ethereum,2024.543631969182,244315669331.9465,14484083565.971647,,2026-05-28 01:00:22.475+00
ethereum,eth,Ethereum,2017.8139734802362,243486291091.37207,13598796844.194342,,2026-05-28 02:00:24.616+00
ethereum,eth,Ethereum,2014.9849386618466,243336385787.04413,14073134187.529257,,2026-05-28 03:00:18.784+00
ethereum,eth,Ethereum,1979.2020323272973,238595037080.03738,16515857156.821205,,2026-05-28 04:00:48.317+00
ethereum,eth,Ethereum,1978.4129699277644,238767291075.02026,16504739664.814648,,2026-05-28 05:00:28.363+00
ethereum,eth,Ethereum,1974.8025915076523,238406862725.96097,16823887533.745173,,2026-05-28 06:00:46.015+00
ethereum,eth,Ethereum,1980.0319672067262,238960980233.7033,17875962917.54105,,2026-05-28 07:00:39.592+00
ethereum,eth,Ethereum,1991.3682540838242,240333010960.8763,17243099434.076283,,2026-05-28 08:00:15.44+00
ethereum,eth,Ethereum,1985.2400540900992,239588964540.20068,17411451639.20034,,2026-05-28 09:00:47.294+00
ethereum,eth,Ethereum,1990.5745377584412,240296211996.41916,17387751122.756016,,2026-05-28 10:00:22.712+00
ethereum,eth,Ethereum,1988.1472010560992,239997144332.96228,17461108824.62098,,2026-05-28 11:00:45.277+00
ethereum,eth,Ethereum,1986.5922818547647,239751669236.5229,17408805129.15228,,2026-05-28 12:00:37.849+00
ethereum,eth,Ethereum,1988.7556194752497,240013483197.11557,17245061382.22699,,2026-05-28 13:00:53.166+00
ethereum,eth,Ethereum,1978.3293691856506,238642262162.11563,17303983566.199253,,2026-05-28 14:00:49.233+00
ethereum,eth,Ethereum,1989.8155329174415,239840488863.89713,17613000081.391415,,2026-05-28 15:00:12.868+00
ethereum,eth,Ethereum,1986.815424078391,239863535893.8132,18241048246.441063,,2026-05-28 16:00:18.554+00
ethereum,eth,Ethereum,2010.207084769834,242616547654.28467,17930529889.30094,,2026-05-28 17:00:33.634+00
ethereum,eth,Ethereum,2017.31571496479,243447518816.24042,18348007127.984344,,2026-05-28 18:00:55.283+00
ethereum,eth,Ethereum,2022.303049157349,244280656906.34122,18785247791.2967,,2026-05-28 19:01:14.17+00
ethereum,eth,Ethereum,2012.9898344611358,242970601657.3241,18775784011.843605,,2026-05-28 20:00:49.692+00
ethereum,eth,Ethereum,2011.4280055387865,242762042534.68628,16902014376.109407,,2026-05-28 21:00:49.475+00
ethereum,eth,Ethereum,2018.1847851458085,243682227455.17166,18419999871.935394,,2026-05-28 22:00:11.843+00
ethereum,eth,Ethereum,2003.804478708003,241979651280.69843,17136551779.296082,,2026-05-28 23:00:41.509+00
ethereum,eth,Ethereum,2007.5624108851769,242251731321.9799,16829611058.685492,,2026-05-29 00:00:26.112+00
ethereum,eth,Ethereum,2009.348087278078,242507131190.86984,16437503729.112082,,2026-05-29 01:00:44.119+00
ethereum,eth,Ethereum,2005.6130286207288,242164374837.90564,16562680060.249504,,2026-05-29 02:00:49.185+00
ethereum,eth,Ethereum,1996.1507987696975,241005838938.12662,16231403630.509699,,2026-05-29 03:00:37.125+00
ethereum,eth,Ethereum,2000.2332775605416,241404768029.56323,14354200586.726187,,2026-05-29 04:00:37.839+00
ethereum,eth,Ethereum,2005.667444036052,241983136768.43,14547143857.134579,,2026-05-29 05:00:18.592+00
ethereum,eth,Ethereum,2010.319500990156,242596963127.8681,13875732456.30026,,2026-05-29 06:00:16.085+00
ethereum,eth,Ethereum,2015.2919816703097,243243742325.67307,13855379531.12705,,2026-05-29 07:00:20.955+00
ethereum,eth,Ethereum,2004.0163259659748,241747718973.11758,13281638413.852192,,2026-05-29 08:00:33.226+00
ethereum,eth,Ethereum,2003.2135905340997,241805185079.4495,12275265769.137234,,2026-05-29 09:00:29.063+00
ethereum,eth,Ethereum,2011.8592522487188,242732181667.76233,12585232108.121267,,2026-05-29 10:00:43.267+00
ethereum,eth,Ethereum,2009.0859201042651,242500263955.3319,12858361935.057966,,2026-05-29 11:00:28.264+00
ethereum,eth,Ethereum,2004.1390591892407,241808212349.1533,12763677591.244595,,2026-05-29 12:00:43.904+00
ethereum,eth,Ethereum,1997.2200097557743,241127098470.03156,12388203784.739265,,2026-05-29 13:00:20.598+00
ethereum,eth,Ethereum,1997.9505120012127,241098462401.5933,12161382289.380085,,2026-05-29 14:01:06.755+00
ethereum,eth,Ethereum,2000.0277965504126,241087973829.3689,12619562532.232899,,2026-05-29 15:00:49.851+00
ethereum,eth,Ethereum,2028.0634944227015,244766101883.83398,13299154399.196404,,2026-05-29 16:00:04.138+00
ethereum,eth,Ethereum,2037.9507859565606,245903159046.3792,13390134262.795479,,2026-05-29 17:00:49.728+00
ethereum,eth,Ethereum,2025.9888449220628,244316401308.0983,12959246163.490974,,2026-05-29 18:00:12.129+00
ethereum,eth,Ethereum,2007.8643763366324,242287505128.75507,14259594512.162138,,2026-05-29 19:01:05.709+00
ethereum,eth,Ethereum,2015.338577972843,243221919299.3136,13563258917.49772,,2026-05-29 20:00:47.328+00
ethereum,eth,Ethereum,2015.3463093223445,243143543194.68887,13428564713.219563,,2026-05-29 21:00:27.458+00
ethereum,eth,Ethereum,2006.6667838993285,242167789307.78595,13002378771.387392,,2026-05-29 22:00:41.64+00
ethereum,eth,Ethereum,2011.0819306421763,242682334483.66678,14103579078.825193,,2026-05-29 23:00:31.654+00
ethereum,eth,Ethereum,2012.230102947315,242817771057.2567,13389782791.04652,,2026-05-30 00:00:36.992+00
ethereum,eth,Ethereum,2013.5412876515572,242957566750.80377,13385908969.93775,,2026-05-30 01:00:58.839+00
ethereum,eth,Ethereum,2016.6258034868824,243376093743.64218,13028912864.326075,,2026-05-30 02:00:26.08+00
ethereum,eth,Ethereum,2018.282724220493,243545145099.4914,13176999209.040508,,2026-05-30 03:00:17.662+00
ethereum,eth,Ethereum,2014.1829740780493,243115086363.62405,13190676689.254898,,2026-05-30 04:00:41.87+00
ethereum,eth,Ethereum,2008.3641979331408,242324599850.12982,14016882248.513699,,2026-05-30 05:00:44.207+00
ethereum,eth,Ethereum,2013.4888718991385,243061936214.17264,13345690787.342428,,2026-05-30 06:00:29.247+00
ethereum,eth,Ethereum,2014.575330056833,243117401168.79276,13254334606.037298,,2026-05-30 07:00:52.135+00
ethereum,eth,Ethereum,2013.4884893352335,242998332445.7063,12872610610.441256,,2026-05-30 08:00:44.883+00
ethereum,eth,Ethereum,2011.77009778486,242827561551.11462,12534967062.544212,,2026-05-30 09:00:38.405+00
ethereum,eth,Ethereum,2014.1604167468656,243049763053.12225,12340080393.248287,,2026-05-30 10:00:41.195+00
ethereum,eth,Ethereum,2015.0097994758162,243205087956.61472,11944163273.085394,,2026-05-30 11:00:37.301+00
ethereum,eth,Ethereum,2014.674572886794,243141742870.9304,12110475202.335703,,2026-05-30 12:00:09.874+00
ethereum,eth,Ethereum,2016.7531009961046,243317202945.66272,12547405058.81055,,2026-05-30 13:00:51.155+00
ethereum,eth,Ethereum,2017.7578240602231,243513657495.9504,11353693153.3026,,2026-05-30 14:01:03.792+00
ethereum,eth,Ethereum,2023.8571035232628,244158244354.80615,10772538170.367737,,2026-05-30 15:00:40.199+00
ethereum,eth,Ethereum,2023.8044583802,244276890277.28763,9167726665.576015,,2026-05-30 16:00:20.345+00
ethereum,eth,Ethereum,2023.9384207150242,244280722014.08154,8530694516.093327,,2026-05-30 17:00:49.642+00
ethereum,eth,Ethereum,2024.1725699086498,244292717929.58096,8141173096.885137,,2026-05-30 18:00:48.541+00
ethereum,eth,Ethereum,2025.0869002045624,244349202948.0397,8321313137.042178,,2026-05-30 19:00:57.285+00
ethereum,eth,Ethereum,2025.559242620173,244470229695.85266,8062374871.224932,,2026-05-30 20:00:46.86+00
ethereum,eth,Ethereum,2023.9784865959687,244263305025.33228,8072299212.055764,,2026-05-30 21:00:45.725+00
ethereum,eth,Ethereum,2026.24621486032,244536173922.9605,7678293955.964783,,2026-05-30 22:00:40.275+00
ethereum,eth,Ethereum,2020.3351443446059,243775596244.55872,7022765711.637351,,2026-05-30 23:00:38.029+00
ethereum,eth,Ethereum,2019.175626778262,243678354050.8948,6649283564.115899,,2026-05-31 00:00:42.632+00
ethereum,eth,Ethereum,2023.9695413663515,244212756622.25195,6789613462.977811,,2026-05-31 01:00:33.75+00
ethereum,eth,Ethereum,2026.1269643863382,244604912775.73425,6596511595.030683,,2026-05-31 02:00:42.287+00
ethereum,eth,Ethereum,2031.4518640070773,245144503881.8975,5326984601.753721,,2026-05-31 03:00:46.87+00
ethereum,eth,Ethereum,2030.8518167355428,245115495454.975,6859080396.744531,,2026-05-31 04:00:46.532+00
ethereum,eth,Ethereum,2031.0152715613558,245080906497.507,7328759370.8653555,,2026-05-31 05:00:55.327+00
ethereum,eth,Ethereum,2027.06680008854,244637049310.14664,6257666873.160652,,2026-05-31 06:01:00.718+00
ethereum,eth,Ethereum,2027.1716963317783,244649731179.50677,6259962759.218828,,2026-05-31 07:01:08.242+00
ethereum,eth,Ethereum,2021.325337827094,243948366047.27423,6298596567.675002,,2026-05-31 08:00:55.661+00
ethereum,eth,Ethereum,2024.195255156138,244287038285.66736,7193264560.454009,,2026-05-31 09:00:30.917+00
ethereum,eth,Ethereum,2019.441356161097,243718866985.15213,7277318497.918884,,2026-05-31 10:00:41.685+00
ethereum,eth,Ethereum,2017.3203767890177,243332745147.91794,5796478156.929209,,2026-05-31 11:00:36.995+00
ethereum,eth,Ethereum,2020.245559705929,243739401514.44797,7402261864.079224,,2026-05-31 12:01:07.905+00
ethereum,eth,Ethereum,2019.4531832018035,243690006447.53113,6693540887.616716,,2026-05-31 13:00:12.57+00
ethereum,eth,Ethereum,2017.8332399206174,243529035297.07755,6553989631.244039,,2026-05-31 14:01:06.888+00
ethereum,eth,Ethereum,2005.4172356516333,242384309754.01163,6869942321.616255,,2026-05-31 15:00:48.329+00
ethereum,eth,Ethereum,2008.0672506664744,242342748460.71475,6810000511.189553,,2026-05-31 16:01:05.706+00
ethereum,eth,Ethereum,1999.6337567142705,241300126869.2682,7074501742.429419,,2026-05-31 17:00:43.397+00
ethereum,eth,Ethereum,2002.8417434196583,241694215387.9062,7002208363.8755665,,2026-05-31 18:00:43.083+00
ethereum,eth,Ethereum,1997.865440571125,241054379276.12482,7246445982.632929,,2026-05-31 19:00:48.657+00
ethereum,eth,Ethereum,1996.9609584258033,241006544271.28265,8178820602.065956,,2026-05-31 20:00:43.559+00
ethereum,eth,Ethereum,2003.8871722052302,241833226311.99808,6747605125.310973,,2026-05-31 21:00:12.286+00
ethereum,eth,Ethereum,2008.9623230009518,242497025262.7663,7798174653.964826,,2026-05-31 22:00:48.411+00
ethereum,eth,Ethereum,2010.727403216316,242662875882.34653,8802655314.1267,,2026-05-31 23:00:27.963+00
ethereum,eth,Ethereum,2004.2872890970018,241925615925.4575,8881853629.722158,,2026-06-01 00:00:06.283+00
ethereum,eth,Ethereum,2012.515674459948,242880943177.99326,8883988338.861725,,2026-06-01 01:00:50.48+00
ethereum,eth,Ethereum,1993.7880825407442,240624568102.5421,9451569353.10853,,2026-06-01 02:00:03.742+00
ethereum,eth,Ethereum,2008.9150887972733,242431624810.59543,9412801217.134487,,2026-06-01 03:01:32.836+00
ethereum,eth,Ethereum,2006.70226272036,242176634119.6575,9905986728.057178,,2026-06-01 04:00:29.43+00
ethereum,eth,Ethereum,1998.0003530486524,241099474683.83807,11081975800.842113,,2026-06-01 05:01:12.112+00
ethereum,eth,Ethereum,1992.1463062392884,240428376299.07767,11289471979.470707,,2026-06-01 06:01:00.348+00
ethereum,eth,Ethereum,1984.9861031444757,239549640335.82632,10997009903.358355,,2026-06-01 07:01:11.038+00
ethereum,eth,Ethereum,1974.3164961789896,238299108975.63922,12122229267.706812,,2026-06-01 08:00:28.797+00
ethereum,eth,Ethereum,1980.9627416340809,239140724646.94415,11969140621.031797,,2026-06-01 09:01:06.749+00
ethereum,eth,Ethereum,1985.2513418604863,239584852389.30676,12059400170.331932,,2026-06-01 10:00:52.425+00
ethereum,eth,Ethereum,1981.8851473513578,239209945150.4197,12312523462.088598,,2026-06-01 11:01:16.642+00
ethereum,eth,Ethereum,1979.712476796255,238934055462.52783,13255651875.224613,,2026-06-01 12:00:15.627+00
ethereum,eth,Ethereum,1986.6700316189947,239860192718.7831,13259517099.251217,,2026-06-01 13:01:05.383+00
ethereum,eth,Ethereum,1965.4196025466908,237624949404.59396,15226163617.851349,,2026-06-01 14:00:15.409+00
ethereum,eth,Ethereum,1963.502376780344,237120219976.94403,14996598313.48879,,2026-06-01 15:01:17.66+00
ethereum,eth,Ethereum,1965.0000759516636,237241774718.2552,16260988138.186485,,2026-06-01 16:01:17.361+00
ethereum,eth,Ethereum,1974.3782840388656,238176595895.9496,15996227821.071846,,2026-06-01 17:00:41.563+00
ethereum,eth,Ethereum,1988.8471211568292,240243467222.04947,17325645880.18039,,2026-06-01 18:00:19.903+00
ethereum,eth,Ethereum,1991.3102461842047,240329098229.84506,16783639212.836245,,2026-06-01 19:00:54.789+00
ethereum,eth,Ethereum,2001.9055455915986,241600500337.11896,17871690725.678043,,2026-06-01 20:01:08.753+00
ethereum,eth,Ethereum,2002.5728047489963,241660802586.90585,18055548683.42858,,2026-06-01 21:00:52.111+00
ethereum,eth,Ethereum,1992.277610705622,240313534907.29816,17420279813.635715,,2026-06-01 22:00:46.114+00
ethereum,eth,Ethereum,2002.5648095870113,241421938808.7015,16650976934.37775,,2026-06-01 23:00:36.315+00
ethereum,eth,Ethereum,2003.3651516762716,241630774740.1433,17853069879.427395,,2026-06-02 00:01:10.538+00
ethereum,eth,Ethereum,1994.646821609231,240861880024.14212,17255245551.180912,,2026-06-02 01:00:57.385+00
ethereum,eth,Ethereum,1980.7530909529962,239149701079.2884,17506496523.10704,,2026-06-02 02:00:51.242+00
ethereum,eth,Ethereum,1991.1254736901128,240154830371.37958,17020186959.468006,,2026-06-02 03:00:40.807+00
ethereum,eth,Ethereum,2000.7647815909572,241462565432.1321,17013923785.039642,,2026-06-02 04:00:46.073+00
ethereum,eth,Ethereum,1994.430238860117,240763133505.59338,16956820648.326414,,2026-06-02 05:00:56.797+00
ethereum,eth,Ethereum,1982.8552425908933,239299488185.41983,17070950150.326805,,2026-06-02 06:00:33.227+00
ethereum,eth,Ethereum,1978.7925084535334,238763197293.09366,17852555052.305862,,2026-06-02 07:01:08.005+00
ethereum,eth,Ethereum,1979.627987051155,239029167346.4147,17807592247.368355,,2026-06-02 08:00:35.928+00
ethereum,eth,Ethereum,1975.7388562920519,238482075408.0083,17482816762.320496,,2026-06-02 09:00:41.784+00
ethereum,eth,Ethereum,1972.2430470932884,238019077802.9304,16888414217.438128,,2026-06-02 10:00:51.272+00
ethereum,eth,Ethereum,1980.7943836013765,239034812954.8794,17643052046.793476,,2026-06-02 11:00:48.589+00
ethereum,eth,Ethereum,1976.8146973000905,238718232343.90292,17185228227.618736,,2026-06-02 12:00:39.667+00
ethereum,eth,Ethereum,1974.6100818942575,238198511226.9177,17508676607.771538,,2026-06-02 13:01:05.772+00
ethereum,eth,Ethereum,1971.640094164577,237996146556.49377,16062104652.852394,,2026-06-02 14:00:40.7+00
ethereum,eth,Ethereum,1937.5011512496703,234070720315.0021,17716042035.244453,,2026-06-02 15:01:07.99+00
ethereum,eth,Ethereum,1911.6356851238365,230334914120.13156,19405615603.573997,,2026-06-02 16:00:02.616+00
ethereum,eth,Ethereum,1918.8370235843688,231575805999.51956,19286053091.553707,,2026-06-02 17:00:25.456+00
ethereum,eth,Ethereum,1920.5992516430774,231712783821.683,18798738533.953358,,2026-06-02 18:00:16.835+00
ethereum,eth,Ethereum,1909.569618664946,229764976081.67484,19075800250.43911,,2026-06-02 19:01:14.825+00
ethereum,eth,Ethereum,1907.8439891523303,230142886399.87036,19695694659.94009,,2026-06-02 20:00:50.7+00
ethereum,eth,Ethereum,1905.281478845824,230038605902.07477,21041954338.83931,,2026-06-02 21:00:52.365+00
ethereum,eth,Ethereum,1898.6180850927287,229060549976.3747,20252356355.541668,,2026-06-02 22:00:53.625+00
ethereum,eth,Ethereum,1866.2419434341184,225227667284.78836,22096584385.56663,,2026-06-02 23:00:26.388+00
ethereum,eth,Ethereum,1857.9894545825687,224294413487.2997,23095311485.441475,,2026-06-03 00:00:48.174+00
ethereum,eth,Ethereum,1867.0484125997775,225387622421.17395,23787269834.750217,,2026-06-03 01:00:57.644+00
ethereum,eth,Ethereum,1861.7960556881778,224628064261.82108,23168252927.87324,,2026-06-03 02:00:37.572+00
ethereum,eth,Ethereum,1851.6378036560477,223535836305.89484,23946081698.073967,,2026-06-03 03:00:21.338+00
ethereum,eth,Ethereum,1825.6596643550747,220332711594.3005,25724198443.18396,,2026-06-03 04:01:17.091+00
ethereum,eth,Ethereum,1848.2552905553234,222951091721.85434,26352120110.05682,,2026-06-03 05:00:07.987+00
ethereum,eth,Ethereum,1871.6954023422722,225735421776.741,27007768170.516815,,2026-06-03 06:00:39.995+00
ethereum,eth,Ethereum,1869.2028636088178,225785797924.1048,26471355156.409332,,2026-06-03 07:00:09.499+00
ethereum,eth,Ethereum,1875.3919393581446,226356296799.08972,26519637047.41789,,2026-06-03 08:00:18.282+00
ethereum,eth,Ethereum,1877.4933093575214,226655620760.978,26550340998.833435,,2026-06-03 09:01:00.134+00
ethereum,eth,Ethereum,1875.6342039863282,226372637141.24115,27320245123.973587,,2026-06-03 10:01:10.367+00
ethereum,eth,Ethereum,1882.0621831616268,227112687750.27695,26434036958.366795,,2026-06-03 11:00:45.207+00
ethereum,eth,Ethereum,1875.6311293218237,226360787580.5517,26577246506.56939,,2026-06-03 12:00:19.397+00
ethereum,eth,Ethereum,1874.3313366837695,226215633798.2206,27257246517.652092,,2026-06-03 13:01:05.898+00
ethereum,eth,Ethereum,1864.524153913825,225209103415.89328,26676687222.61524,,2026-06-03 14:01:16.555+00
ethereum,eth,Ethereum,1854.9063443951377,223770735496.11847,25242146404.81437,,2026-06-03 15:00:29.435+00
ethereum,eth,Ethereum,1834.8340782091846,221552263598.11926,23615614106.015987,,2026-06-03 16:00:58.532+00
ethereum,eth,Ethereum,1830.1126006145873,220761677119.05313,23554226852.993633,,2026-06-03 17:01:14.06+00
ethereum,eth,Ethereum,1826.2720815746873,220150438569.40634,23630480436.516212,,2026-06-03 18:01:09.775+00
ethereum,eth,Ethereum,1830.7352563387958,220987996218.24515,24191609417.05439,,2026-06-03 19:00:02.525+00
ethereum,eth,Ethereum,1801.1075584409032,217387922167.33145,22526571735.96702,,2026-06-03 20:00:40.182+00
ethereum,eth,Ethereum,1777.5688580873223,214495976365.7714,23864577104.502895,,2026-06-03 21:00:40.735+00
ethereum,eth,Ethereum,1844.8810116357158,222578678076.89053,24346804236.927597,,2026-06-03 22:00:39.799+00
ethereum,eth,Ethereum,1825.2144641654281,220259539181.55276,24407704792.45269,,2026-06-03 23:00:47.244+00
ethereum,eth,Ethereum,1811.3503544806065,218603067989.72678,22903130202.65802,,2026-06-04 00:01:04.048+00
ethereum,eth,Ethereum,1789.274237087215,215530065359.83765,23957372174.312405,,2026-06-04 01:00:46.144+00
ethereum,eth,Ethereum,1757.9373520926476,212121742037.5678,24811683878.240536,,2026-06-04 02:00:29.596+00
ethereum,eth,Ethereum,1765.1580212795952,213035956574.3185,26871576903.11076,,2026-06-04 03:00:59.978+00
ethereum,eth,Ethereum,1806.3481479714853,217901810478.3678,26378185649.83629,,2026-06-04 04:00:48.848+00
ethereum,eth,Ethereum,1802.1207672145426,217707008406.13226,25527474530.383564,,2026-06-04 05:00:06.782+00
ethereum,eth,Ethereum,1781.2435528613514,214969235269.02194,25793644324.76692,,2026-06-04 06:00:35.538+00
ethereum,eth,Ethereum,1787.895036981667,215770985849.26462,25790486527.757885,,2026-06-04 07:00:50.658+00
ethereum,eth,Ethereum,1776.5924222644906,214426113799.2095,25500312099.41887,,2026-06-04 08:00:24.639+00
ethereum,eth,Ethereum,1771.3885331190713,213693489916.11343,26192018648.783844,,2026-06-04 09:00:51.158+00
ethereum,eth,Ethereum,1761.4609076983963,212273105078.6478,27136831660.22124,,2026-06-04 10:00:53.803+00
ethereum,eth,Ethereum,1735.429694870229,209286083894.6542,27862769428.065247,,2026-06-04 11:00:35.189+00
ethereum,eth,Ethereum,1748.552978398816,211019360801.9302,29111656959.55615,,2026-06-04 12:00:06.362+00
ethereum,eth,Ethereum,1775.738596483901,214214802813.61362,29578807487.793568,,2026-06-04 13:00:52.964+00
ethereum,eth,Ethereum,1782.2870889492133,214643165671.36862,30189228312.874184,,2026-06-04 14:00:10.031+00
ethereum,eth,Ethereum,1771.7860271791321,213637544376.77142,30786716196.12993,,2026-06-04 15:00:39.816+00
ethereum,eth,Ethereum,1776.5301992097536,213646122768.59195,30578768723.67168,,2026-06-04 16:00:59.753+00
ethereum,eth,Ethereum,1770.4945330518794,213577481701.53018,29426804670.67517,,2026-06-04 17:01:02.532+00
ethereum,eth,Ethereum,1766.3364672729035,213011606862.2617,27941828122.125164,,2026-06-04 18:00:48.281+00
ethereum,eth,Ethereum,1775.0093072065367,214223432309.81305,28917275537.70178,,2026-06-04 19:00:58.34+00
ethereum,eth,Ethereum,1775.182137962623,213917002470.8225,29001717581.44501,,2026-06-04 20:00:59.995+00
ethereum,eth,Ethereum,1771.621787883843,213746234173.4681,27848390926.224926,,2026-06-04 21:01:18.581+00
ethereum,eth,Ethereum,1760.5164052961015,212803811139.98328,23678906858.663124,,2026-06-04 22:00:50.712+00
ethereum,eth,Ethereum,1766.8540562161081,212781575227.45554,22652122820.355495,,2026-06-04 23:00:43.396+00
ethereum,eth,Ethereum,1769.1790948329233,213353942238.62924,26321504052.23819,,2026-06-05 00:00:26.896+00
ethereum,eth,Ethereum,1758.9326839106425,212534999094.28516,25760446820.467133,,2026-06-05 01:00:49.482+00
ethereum,eth,Ethereum,1752.7497560613483,211650279319.4065,24406224426.496937,,2026-06-05 02:00:39.806+00
ethereum,eth,Ethereum,1730.547135563742,208878872648.03668,23127746843.350372,,2026-06-05 03:00:25.587+00
ethereum,eth,Ethereum,1728.0646270074303,208935914761.17548,22710220449.20157,,2026-06-05 04:01:09.12+00
ethereum,eth,Ethereum,1738.0693633210897,209217288126.46088,22512737270.60159,,2026-06-05 05:00:54.411+00
ethereum,eth,Ethereum,1683.7944653557229,203690340790.3994,23560865017.628155,,2026-06-05 06:01:00.471+00
ethereum,eth,Ethereum,1655.4342377947096,200011269953.5116,25792446850.02285,,2026-06-05 07:00:31.312+00
ethereum,eth,Ethereum,1674.622496501271,201806035533.68604,27964997101.612114,,2026-06-05 08:00:47.819+00
ethereum,eth,Ethereum,1662.5464582688971,200640042670.8287,27011403690.969315,,2026-06-05 09:00:45.653+00
ethereum,eth,Ethereum,1679.9415016123337,202764561860.2166,26972477757.406067,,2026-06-05 10:00:09.878+00
ethereum,eth,Ethereum,1674.1210322882234,202001827528.94162,26261470729.001728,,2026-06-05 11:01:13.995+00
ethereum,eth,Ethereum,1663.4257858320557,200893611465.2169,26437204563.520668,,2026-06-05 12:00:37.406+00
ethereum,eth,Ethereum,1655.734326906405,199771384146.57068,26008306833.35194,,2026-06-05 13:01:04.134+00
ethereum,eth,Ethereum,1618.5775614036402,195331218592.68896,27485122642.705437,,2026-06-05 14:00:56.319+00
ethereum,eth,Ethereum,1599.4524888521469,193116820704.38696,30141487346.983803,,2026-06-05 15:01:12.399+00
ethereum,eth,Ethereum,1582.9837006336907,191100392517.25342,31657356791.6591,,2026-06-05 16:01:08.702+00
ethereum,eth,Ethereum,1608.8765096401246,194077177317.69965,33856385296.920006,,2026-06-05 17:00:16.267+00
ethereum,eth,Ethereum,1592.1536893562704,192139708125.36826,34203175701.19507,,2026-06-05 18:01:13.272+00
ethereum,eth,Ethereum,1552.3621457556535,187524400976.36414,35832301871.911156,,2026-06-05 19:00:21.877+00
ethereum,eth,Ethereum,1574.9517184105976,189756086121.2489,37567217353.63586,,2026-06-05 20:01:01.058+00
ethereum,eth,Ethereum,1603.5319598167148,193299841686.2238,37645624592.29699,,2026-06-05 21:00:09.802+00
ethereum,eth,Ethereum,1610.1112546869394,194728427938.89767,38572906275.004326,,2026-06-05 22:00:49.562+00
ethereum,eth,Ethereum,1598.2648491140278,192891536735.09586,39523898237.4221,,2026-06-05 23:00:35.947+00
ethereum,eth,Ethereum,1580.6197586525523,190674884167.2772,39419487821.76727,,2026-06-06 00:01:17.344+00
ethereum,eth,Ethereum,1593.4054427382375,192326547901.35345,40252832059.36319,,2026-06-06 01:00:45.031+00
ethereum,eth,Ethereum,1583.5271250751948,191224446938.04303,39882868619.10093,,2026-06-06 02:00:49.778+00
ethereum,eth,Ethereum,1576.5882453747904,190283434106.46436,39340694085.97789,,2026-06-06 03:00:45.604+00
ethereum,eth,Ethereum,1563.7188561695782,188866594647.9835,39057898132.912605,,2026-06-06 04:00:13.241+00
ethereum,eth,Ethereum,1522.5784318769981,183623463309.03333,39506623474.76867,,2026-06-06 05:00:59.339+00
ethereum,eth,Ethereum,1565.701780537545,188764982596.68414,40126158114.38071,,2026-06-06 06:00:58.603+00
ethereum,eth,Ethereum,1557.9210280754432,188207212361.34082,37229941521.916,,2026-06-06 07:00:19.949+00
ethereum,eth,Ethereum,1575.0998737268753,190074494843.19812,35458069992.82121,,2026-06-06 08:00:52.526+00
ethereum,eth,Ethereum,1582.568058593816,190996753185.38547,35634870957.733505,,2026-06-06 09:00:57.123+00
ethereum,eth,Ethereum,1569.608851805314,189429909841.37665,35089511922.90564,,2026-06-06 10:00:46.97+00
ethereum,eth,Ethereum,1545.9810590162654,186576035169.1865,35805501572.91246,,2026-06-06 11:00:54.949+00
ethereum,eth,Ethereum,1557.9153994334583,188449777182.11444,35046896987.475555,,2026-06-06 12:00:43.583+00
ethereum,eth,Ethereum,1571.3721435505997,189789942972.25735,34331906567.089317,,2026-06-06 13:00:56.331+00
ethereum,eth,Ethereum,1556.8521878716087,187926175690.91388,33080339681.45247,,2026-06-06 14:00:10.749+00
ethereum,eth,Ethereum,1558.4396445602886,188466559030.7104,30689401570.707115,,2026-06-06 15:00:23.176+00
ethereum,eth,Ethereum,1561.2115964496757,188300526833.05927,29085244508.644817,,2026-06-06 16:00:59.399+00
ethereum,eth,Ethereum,1561.4491178686676,188299483377.68027,25452489239.455696,,2026-06-06 17:00:47.067+00
ethereum,eth,Ethereum,1552.049478903641,187152267156.01367,26308311789.31115,,2026-06-06 18:00:53.056+00
ethereum,eth,Ethereum,1556.4529106321534,187595249828.91467,23856331238.45234,,2026-06-06 19:00:54.387+00
ethereum,eth,Ethereum,1554.7728386136955,187695842877.51486,22664194752.571594,,2026-06-06 20:00:57.975+00
ethereum,eth,Ethereum,1557.2176312720364,187777667529.23322,21329248879.7525,,2026-06-06 21:00:14.708+00
ethereum,eth,Ethereum,1558.6693238523467,188212455598.26297,20402262902.050274,,2026-06-06 22:00:04.442+00
ethereum,eth,Ethereum,1558.9150644164563,188123702457.74023,19090612804.000652,,2026-06-06 23:00:16.846+00
ethereum,eth,Ethereum,1568.766143257666,189332154992.4709,17844096160.95486,,2026-06-07 00:00:39.891+00
ethereum,eth,Ethereum,1564.9952364477522,188881264262.8375,17987226597.873295,,2026-06-07 01:00:49.836+00
ethereum,eth,Ethereum,1589.35381436979,191805906380.32242,18770988104.090687,,2026-06-07 02:00:46.537+00
ethereum,eth,Ethereum,1592.2601634695857,192161738403.8927,18104843043.205635,,2026-06-07 03:00:36.895+00
ethereum,eth,Ethereum,1594.1262785859192,192359355653.62885,17918446986.35705,,2026-06-07 04:00:35.148+00
ethereum,eth,Ethereum,1596.9193127635995,192723598496.60175,17122433611.724005,,2026-06-07 05:00:47.441+00
ethereum,eth,Ethereum,1603.5694172580113,193526001545.96643,15831621560.111004,,2026-06-07 06:01:13.155+00
ethereum,eth,Ethereum,1614.129167253942,194630516268.47153,15675818162.309782,,2026-06-07 07:01:11.715+00
ethereum,eth,Ethereum,1613.8450360624875,194681910349.9452,15172111106.010307,,2026-06-07 08:01:01.468+00
ethereum,eth,Ethereum,1639.0488282132455,197745789198.7938,16349810286.043493,,2026-06-07 09:00:22.932+00
ethereum,eth,Ethereum,1632.8414616549755,197080114046.87167,15695675084.744184,,2026-06-07 10:01:05.668+00
ethereum,eth,Ethereum,1626.0306431376848,196368639541.7003,15271978431.512108,,2026-06-07 11:00:11.49+00
ethereum,eth,Ethereum,1629.3759737654473,196636071840.0262,14795216141.008627,,2026-06-07 12:00:42.377+00
ethereum,eth,Ethereum,1619.2090922242285,195153236889.95255,15621910654.18613,,2026-06-07 13:00:53.169+00
ethereum,eth,Ethereum,1617.6778054364852,195268139635.2642,14045472971.117819,,2026-06-07 14:00:38.204+00
ethereum,eth,Ethereum,1626.9897712008685,196218094135.16776,13757517723.058416,,2026-06-07 15:00:48.795+00
ethereum,eth,Ethereum,1628.67415045846,196461557889.22232,13991654653.616499,,2026-06-07 16:00:46.471+00
ethereum,eth,Ethereum,1626.9228137755506,196440418500.82407,14627427347.944796,,2026-06-07 17:01:11.967+00
ethereum,eth,Ethereum,1631.1376219457347,196856061160.82513,13771017745.71125,,2026-06-07 18:00:17.428+00
ethereum,eth,Ethereum,1630.653095484528,196796467489.52805,13553857992.127945,,2026-06-07 19:00:47.732+00
ethereum,eth,Ethereum,1612.8045844899098,194809263369.65952,13697216434.852554,,2026-06-07 20:00:05.513+00
ethereum,eth,Ethereum,1628.2319726908024,196456036027.57227,13963534343.573639,,2026-06-07 21:00:21.293+00
ethereum,eth,Ethereum,1632.9437751009098,196831146274.1432,13969849175.091515,,2026-06-07 22:00:30.029+00
ethereum,eth,Ethereum,1674.5522852131346,202235991307.4495,15406304182.32088,,2026-06-07 23:00:45.762+00
ethereum,eth,Ethereum,1687.0442636989208,203483035194.4283,16509959473.19324,,2026-06-08 00:00:51.078+00
ethereum,eth,Ethereum,1695.7983996998585,204631419660.40515,16584354300.32866,,2026-06-08 01:00:42.927+00
ethereum,eth,Ethereum,1684.0707410242705,203307190713.92377,16543622478.99598,,2026-06-08 02:00:39.985+00
ethereum,eth,Ethereum,1683.1598457225457,203033260923.61227,16609580281.578287,,2026-06-08 03:00:22.201+00
ethereum,eth,Ethereum,1678.3310792729935,202624074199.97842,16646008248.617529,,2026-06-08 04:00:49.876+00
ethereum,eth,Ethereum,1659.9615161584265,200383786093.32022,15773480394.06505,,2026-06-08 05:00:23.217+00
ethereum,eth,Ethereum,1651.8361698194146,199329477903.04987,17017358202.99916,,2026-06-08 06:00:49.811+00
ethereum,eth,Ethereum,1665.555136039965,200999505326.19394,15713541109.867405,,2026-06-08 07:00:30.855+00
ethereum,eth,Ethereum,1671.2764203794416,201821245846.90097,17007777275.183363,,2026-06-08 08:00:31.448+00
ethereum,eth,Ethereum,1661.9114432783904,200250756790.69632,16056316737.15326,,2026-06-08 09:00:14.83+00
ethereum,eth,Ethereum,1669.3401740815534,201408312134.71176,15394537021.173357,,2026-06-08 10:00:50.823+00
ethereum,eth,Ethereum,1670.5008864032184,201554957240.91238,15364751121.912157,,2026-06-08 11:01:19.895+00
ethereum,eth,Ethereum,1682.208824952537,203016361429.7757,15712825606.844341,,2026-06-08 12:00:45.48+00
ethereum,eth,Ethereum,1694.1017635449984,204425400551.9369,17094031038.720724,,2026-06-08 13:00:41.486+00
ethereum,eth,Ethereum,1681.509032181221,202901616860.46036,17114967288.850208,,2026-06-08 14:00:50.096+00
ethereum,eth,Ethereum,1691.0992239775424,203945868131.5618,18070610325.214176,,2026-06-08 15:00:09.574+00
ethereum,eth,Ethereum,1690.4899841480344,204262925049.84766,17859635496.208702,,2026-06-08 16:00:38.425+00
ethereum,eth,Ethereum,1682.847766272051,203253102626.59378,18661661046.9845,,2026-06-08 17:00:53.914+00
ethereum,eth,Ethereum,1684.214354199971,203239771865.91983,18850437681.965893,,2026-06-08 18:00:51.296+00
ethereum,eth,Ethereum,1683.4036553518438,203291687898.4821,19041726008.509247,,2026-06-08 19:00:26.817+00
ethereum,eth,Ethereum,1683.833521383095,203302655821.2691,18269782689.573498,,2026-06-08 20:00:07.932+00
ethereum,eth,Ethereum,1687.591011764833,203667818420.51834,17800108186.299065,,2026-06-08 21:00:29.442+00
ethereum,eth,Ethereum,1706.3843767128171,205813227622.66528,18244200902.79942,,2026-06-08 22:00:25.279+00
ethereum,eth,Ethereum,1702.3732859147256,205199127653.45255,16933619532.08952,,2026-06-08 23:00:46.708+00
ethereum,eth,Ethereum,1690.0951127719102,203763555387.61655,16654264816.130854,,2026-06-09 00:00:37.479+00
ethereum,eth,Ethereum,1662.0384200280123,200839677720.96878,16713783069.254858,,2026-06-09 01:00:57.66+00
ethereum,eth,Ethereum,1668.5026837236996,201305833483.3054,16982117704.054577,,2026-06-09 02:00:33.581+00
ethereum,eth,Ethereum,1667.0808244629218,201123132803.48093,16888322828.745583,,2026-06-09 03:01:00.317+00
ethereum,eth,Ethereum,1668.3970059687751,201114876449.16922,17410909180.930138,,2026-06-09 04:01:04.671+00
ethereum,eth,Ethereum,1686.3345413593565,203638040172.88672,16875105545.679832,,2026-06-09 05:00:23.013+00
ethereum,eth,Ethereum,1687.353034661714,203595083446.12268,16041366389.933943,,2026-06-09 06:00:31.697+00
ethereum,eth,Ethereum,1684.9136775462816,203307971569.2423,15982848819.466602,,2026-06-09 07:00:40.254+00
ethereum,eth,Ethereum,1679.0714436978808,202588970152.6592,15830836766.461351,,2026-06-09 08:00:40.026+00
ethereum,eth,Ethereum,1674.4351923457348,202094194591.1439,16381565001.098782,,2026-06-09 09:00:34.067+00
ethereum,eth,Ethereum,1669.7853507340349,201501224445.05832,15533646100.033657,,2026-06-09 10:00:39.716+00
ethereum,eth,Ethereum,1674.077785865201,202046387859.9911,15936055879.017427,,2026-06-09 11:00:38.799+00
ethereum,eth,Ethereum,1672.1496976063554,201678627064.99738,15525209084.596237,,2026-06-09 12:00:34.314+00
ethereum,eth,Ethereum,1673.5057991882923,201954363403.25995,14395692227.7495,,2026-06-09 13:00:48.491+00
ethereum,eth,Ethereum,1670.0400528583973,201616524598.40872,14807018918.010277,,2026-06-09 14:00:21.951+00
ethereum,eth,Ethereum,1642.8954486702996,197943042367.62708,15617033923.58092,,2026-06-09 15:00:50.455+00
ethereum,eth,Ethereum,1635.6876335626343,197418365938.1214,14480675388.1265,,2026-06-09 16:01:13.207+00
ethereum,eth,Ethereum,1631.055852068941,196476684551.50186,16066794163.494984,,2026-06-09 17:00:44.593+00
ethereum,eth,Ethereum,1642.7330880559998,198195884109.66925,15037423305.321112,,2026-06-09 18:00:55.466+00
ethereum,eth,Ethereum,1651.9940007379466,199369417152.3149,15087763592.813967,,2026-06-09 19:00:43.373+00
ethereum,eth,Ethereum,1655.7006480119812,199805722019.40833,15541123055.185833,,2026-06-09 20:01:08.835+00
ethereum,eth,Ethereum,1658.5088742405667,200171584192.58762,14710003543.199127,,2026-06-09 21:00:21.751+00
ethereum,eth,Ethereum,1648.0495057159835,198858751363.39392,14876548145.004301,,2026-06-09 22:01:03.844+00
ethereum,eth,Ethereum,1639.1738444435503,197842369208.6307,14742925599.416264,,2026-06-09 23:00:34.923+00
ethereum,eth,Ethereum,1637.8350754267938,197708727281.66705,14127918160.208885,,2026-06-10 00:01:02.444+00
ethereum,eth,Ethereum,1642.934468889428,198229281408.14474,13811684359.732603,,2026-06-10 01:00:44.203+00
ethereum,eth,Ethereum,1637.917357162763,197759772013.6609,13610301856.952381,,2026-06-10 02:00:36.716+00
ethereum,eth,Ethereum,1624.3706109921002,195740598211.55872,11440941580.188461,,2026-06-10 03:00:40.552+00
ethereum,eth,Ethereum,1629.1696226194713,196579722425.0753,14101712935.797504,,2026-06-10 04:00:56.127+00
ethereum,eth,Ethereum,1624.5283776952137,196073980213.18292,12446949259.145832,,2026-06-10 05:00:27.951+00
ethereum,eth,Ethereum,1627.1176923662001,196378519614.44766,12847025436.737228,,2026-06-10 06:00:11.878+00
ethereum,eth,Ethereum,1630.9134136328628,196828982808.518,12347939119.099422,,2026-06-10 07:00:42.905+00
ethereum,eth,Ethereum,1638.8751237069407,197807583720.92294,12644388385.908285,,2026-06-10 08:00:52.016+00
ethereum,eth,Ethereum,1620.4206926214222,195584474675.85083,13156921529.519144,,2026-06-10 09:00:47.07+00
ethereum,eth,Ethereum,1622.4652107335799,195722690023.55795,12831931332.17316,,2026-06-10 10:00:56.635+00
ethereum,eth,Ethereum,1627.0958055744177,196428937764.03943,13239051780.856596,,2026-06-10 11:00:16.015+00
ethereum,eth,Ethereum,1619.1106889119542,195392074047.34235,13828032135.651175,,2026-06-10 12:00:34.993+00
ethereum,eth,Ethereum,1635.5301160874203,197541847997.71753,13037158253.640682,,2026-06-10 13:00:25.994+00
ethereum,eth,Ethereum,1651.0974226192818,199317210522.57135,13227209014.265633,,2026-06-10 14:00:39.015+00
ethereum,eth,Ethereum,1642.6587850252406,197941123080.74466,13052500597.35242,,2026-06-10 15:01:04.902+00
ethereum,eth,Ethereum,1656.6152459348846,200087461901.1262,13035658164.073109,,2026-06-10 16:00:41.367+00
ethereum,eth,Ethereum,1639.2489307375142,197640375883.9043,11429815878.767778,,2026-06-10 17:00:11.838+00
ethereum,eth,Ethereum,1630.8684360653897,196709013173.2439,12483761826.146427,,2026-06-10 18:01:12.691+00
ethereum,eth,Ethereum,1629.2491650703598,196499427215.0301,12008977129.81457,,2026-06-10 19:00:06.639+00
ethereum,eth,Ethereum,1629.9727738509807,196713829155.13354,11171234133.282158,,2026-06-10 20:00:22.666+00
ethereum,eth,Ethereum,1627.8478762974132,196113458804.87854,12747923175.94349,,2026-06-10 21:00:41.301+00
ethereum,eth,Ethereum,1608.8088216442297,194266635800.63174,11829880032.906332,,2026-06-10 22:00:01.556+00
ethereum,eth,Ethereum,1616.4315420469954,195153868727.70438,11992543102.033594,,2026-06-10 23:00:24.407+00
ethereum,eth,Ethereum,1620.4809781316494,195646836695.40588,11700969066.623308,,2026-06-11 00:00:55.197+00
ethereum,eth,Ethereum,1628.1359842529023,196401439127.0701,11889058625.042456,,2026-06-11 01:00:03.272+00
ethereum,eth,Ethereum,1641.9551822298351,198115631591.7414,12812379429.469635,,2026-06-11 02:00:30.305+00
ethereum,eth,Ethereum,1640.6543676269498,198084392490.49988,12809895505.254606,,2026-06-11 03:00:08.419+00
ethereum,eth,Ethereum,1655.7883860944735,199813826833.43134,12581971958.496717,,2026-06-11 04:00:05.88+00
ethereum,eth,Ethereum,1655.0669159589547,199825278578.48544,12961287521.685087,,2026-06-11 05:00:14.167+00
ethereum,eth,Ethereum,1647.1501173028728,198809286674.70206,13369236878.924139,,2026-06-11 06:00:58.176+00
ethereum,eth,Ethereum,1653.144915213612,199483954798.3272,12361580607.532791,,2026-06-11 07:00:54.643+00
ethereum,eth,Ethereum,1652.7809250051228,199481074657.9945,12422652076.313671,,2026-06-11 08:00:59.415+00
ethereum,eth,Ethereum,1658.245988049258,200325577709.27753,12381740329.169573,,2026-06-11 09:00:26.607+00
ethereum,eth,Ethereum,1657.613475220345,200221233272.78952,12191342190.044317,,2026-06-11 10:00:40.273+00
ethereum,eth,Ethereum,1657.930629083636,200130523851.2973,12228222508.353266,,2026-06-11 11:01:03.981+00
ethereum,eth,Ethereum,1665.7783431609946,201032826893.76047,12668857790.167675,,2026-06-11 12:00:42.489+00
ethereum,eth,Ethereum,1650.7504698509865,199164246911.4897,12664609661.326202,,2026-06-11 13:01:04.877+00
ethereum,eth,Ethereum,1656.866345828589,199710394509.0244,12793783487.880033,,2026-06-11 14:00:00.317+00
ethereum,eth,Ethereum,1644.193893301502,198700824516.98987,12711755022.832283,,2026-06-11 15:00:42.979+00
ethereum,eth,Ethereum,1642.7551911628736,198252736294.52005,11750863785.779955,,2026-06-11 16:01:04.891+00
ethereum,eth,Ethereum,1638.1010571116803,197709275750.3192,11189878884.702402,,2026-06-11 17:00:19.689+00
ethereum,eth,Ethereum,1682.8697697950063,203096002302.56088,12289688988.836132,,2026-06-11 18:00:14.203+00
ethereum,eth,Ethereum,1683.109894584445,203205011098.6412,12678720726.634712,,2026-06-11 19:00:29.979+00
ethereum,eth,Ethereum,1680.4046163555035,202798372477.23953,12226934350.04835,,2026-06-11 20:00:12.919+00
ethereum,eth,Ethereum,1670.3045709293126,201579078033.80347,12278596998.911188,,2026-06-11 21:00:31.316+00
ethereum,eth,Ethereum,1675.259942730986,202176459398.47037,11919354479.314264,,2026-06-11 22:00:42.021+00
ethereum,eth,Ethereum,1676.1169124628243,202329670887.51346,12043305193.732218,,2026-06-11 23:00:44.389+00
ethereum,eth,Ethereum,1671.88909163853,201775713182.1136,11763657711.167143,,2026-06-12 00:00:25.649+00
ethereum,eth,Ethereum,1672.320892731129,201916357693.20938,12984763573.914017,,2026-06-12 01:00:33.266+00
ethereum,eth,Ethereum,1664.1203824703803,200776986915.15533,11821526214.890413,,2026-06-12 02:00:05.615+00
ethereum,eth,Ethereum,1673.1593056845816,201962774862.00308,11753105229.980433,,2026-06-12 03:00:51.691+00
ethereum,eth,Ethereum,1670.7498751998774,201633291787.4904,12271399639.383673,,2026-06-12 04:00:52.667+00
ethereum,eth,Ethereum,1675.6249341167177,202233631877.9264,11791798981.086287,,2026-06-12 05:00:29.569+00
ethereum,eth,Ethereum,1662.6270267033487,200678501421.23367,11937975413.35496,,2026-06-12 06:00:57.128+00
ethereum,eth,Ethereum,1656.0048804248233,199667396242.39374,11674389301.546524,,2026-06-12 07:00:25.26+00
ethereum,eth,Ethereum,1659.6690543500565,200273779490.73862,11867981877.19836,,2026-06-12 08:01:13.925+00
ethereum,eth,Ethereum,1671.40643795809,201725739045.2453,11102033420.05757,,2026-06-12 09:01:13.605+00
ethereum,eth,Ethereum,1679.6206082577014,202785794635.8205,11435510365.220905,,2026-06-12 10:00:08.377+00
ethereum,eth,Ethereum,1673.3264247895022,201921717693.9259,11977221168.187656,,2026-06-12 11:01:02.905+00
ethereum,eth,Ethereum,1672.652990140421,201924452658.31247,10937216239.575872,,2026-06-12 12:00:46.861+00
ethereum,eth,Ethereum,1664.461111756116,200803039635.02402,10780114394.803413,,2026-06-12 13:00:53.755+00
ethereum,eth,Ethereum,1654.5166325602095,199567570221.47397,11808871953.762173,,2026-06-12 14:00:56.763+00
ethereum,eth,Ethereum,1683.468765518952,202858721469.04947,12197128520.563766,,2026-06-12 15:01:01.024+00
ethereum,eth,Ethereum,1661.3284423540508,200580532607.02893,11754257526.067286,,2026-06-12 16:01:04.493+00
ethereum,eth,Ethereum,1671.4131612075482,201578561146.1849,13196109073.213352,,2026-06-12 17:01:02.838+00
ethereum,eth,Ethereum,1667.5971049618822,201245240368.66638,10980866482.970984,,2026-06-12 18:00:10.127+00
ethereum,eth,Ethereum,1667.1515880218858,201341999957.54175,11063475750.69104,,2026-06-12 19:00:45.54+00
ethereum,eth,Ethereum,1665.1249344840373,200954325610.41217,10296424444.390886,,2026-06-12 20:00:53.655+00
ethereum,eth,Ethereum,1664.1457501265277,200823109528.94925,10117277329.393536,,2026-06-12 21:00:42.942+00
ethereum,eth,Ethereum,1663.0511842333806,200670422831.33658,9930931627.393013,,2026-06-12 22:00:47.377+00
ethereum,eth,Ethereum,1661.5967404457583,200513776995.69275,9424530381.37064,,2026-06-12 23:00:44.821+00
ethereum,eth,Ethereum,1665.0473448741673,200946776683.38855,9602343868.343925,,2026-06-13 00:00:47.625+00
ethereum,eth,Ethereum,1667.2796104910917,201192511333.20264,10524329349.665855,,2026-06-13 01:00:08.907+00
ethereum,eth,Ethereum,1672.873564022894,201891325599.38577,9985728721.437216,,2026-06-13 02:00:19.96+00
ethereum,eth,Ethereum,1666.9746985914664,201032354227.6496,9465511959.780365,,2026-06-13 03:00:31.265+00
ethereum,eth,Ethereum,1664.646250816341,200920017981.2615,9418310190.74703,,2026-06-13 04:00:44.057+00
ethereum,eth,Ethereum,1663.852117678576,200936456295.23804,9263894314.187727,,2026-06-13 05:00:36.401+00
ethereum,eth,Ethereum,1663.4440024256276,200739871347.8514,9052075642.38722,,2026-06-13 06:00:53.583+00
ethereum,eth,Ethereum,1668.7980401890775,201388429515.21912,9387670947.800081,,2026-06-13 07:00:46.477+00
ethereum,eth,Ethereum,1675.6459175401467,202257396121.88928,8836919396.779696,,2026-06-13 08:00:25.889+00
ethereum,eth,Ethereum,1673.7423176552843,201991248750.99228,8632299257.533659,,2026-06-13 09:01:13.316+00
ethereum,eth,Ethereum,1673.0933754709308,201936784362.5998,8438303188.613322,,2026-06-13 10:01:04.407+00
ethereum,eth,Ethereum,1672.7608817757075,201866059712.45706,8769924490.569,,2026-06-13 11:00:57.797+00
ethereum,eth,Ethereum,1677.4176126637324,202415533159.76303,7973725468.653109,,2026-06-13 12:00:32.907+00
ethereum,eth,Ethereum,1680.6794824914882,202832042032.90332,9276263315.998205,,2026-06-13 13:00:29.098+00
ethereum,eth,Ethereum,1677.013410620284,202319268549.91815,7826957280.12194,,2026-06-13 14:00:51.215+00
ethereum,eth,Ethereum,1678.879861337713,202636053299.58112,7679690547.595805,,2026-06-13 15:00:33.295+00
ethereum,eth,Ethereum,1681.3178500985716,202904935124.6386,7426211475.633074,,2026-06-13 16:00:12.582+00
ethereum,eth,Ethereum,1675.337793960444,202211960432.42566,6537435461.132259,,2026-06-13 17:00:12.848+00
ethereum,eth,Ethereum,1673.2608575966124,201935126836.3729,5968116519.723869,,2026-06-13 18:00:03.961+00
ethereum,eth,Ethereum,1677.354873643434,202428790601.06088,6321976097.808545,,2026-06-13 19:00:41.984+00
ethereum,eth,Ethereum,1678.1399318145266,202564281516.83658,5628661430.656676,,2026-06-13 20:00:44.577+00
ethereum,eth,Ethereum,1675.6235135143313,202194978259.25797,5255827356.791877,,2026-06-13 21:00:43.676+00
ethereum,eth,Ethereum,1685.8418069613697,203489631081.70877,6081493271.977543,,2026-06-13 22:00:46.431+00
ethereum,eth,Ethereum,1681.02612153385,202902885375.39084,6140155485.42048,,2026-06-13 23:00:42.657+00
ethereum,eth,Ethereum,1680.0286846419424,202710128135.9708,5388080664.211174,,2026-06-14 00:00:30.203+00
ethereum,eth,Ethereum,1681.3730554493502,202906579210.97385,5582170122.466286,,2026-06-14 01:00:50.073+00
ethereum,eth,Ethereum,1683.5408055252603,203282720342.16595,6036577311.417932,,2026-06-14 02:00:35.82+00
ethereum,eth,Ethereum,1681.8819845506196,202980405881.92722,5686041410.636684,,2026-06-14 03:00:33.679+00
ethereum,eth,Ethereum,1680.822950693112,202845757973.61816,5206951435.445993,,2026-06-14 04:00:38.872+00
ethereum,eth,Ethereum,1678.0082502068237,202478752883.38327,6526428433.292181,,2026-06-14 05:00:37.351+00
ethereum,eth,Ethereum,1677.689203465114,202467333978.1138,6128627469.604389,,2026-06-14 06:00:39.837+00
ethereum,eth,Ethereum,1675.620746716805,202212520013.15628,5369671371.220698,,2026-06-14 07:00:43.808+00
ethereum,eth,Ethereum,1675.2306001082081,202168574746.832,5291591180.595884,,2026-06-14 08:00:43.749+00
ethereum,eth,Ethereum,1674.6829189100506,202183122160.62387,5303025710.647891,,2026-06-14 09:00:47.839+00
ethereum,eth,Ethereum,1677.3901252694561,202416767742.51553,5322274439.971652,,2026-06-14 10:00:20.271+00
ethereum,eth,Ethereum,1672.3725274906383,201888905384.81985,5854755051.279404,,2026-06-14 11:00:06.453+00
ethereum,eth,Ethereum,1672.9897084551462,201933743389.49356,5354128232.769873,,2026-06-14 12:00:24.434+00
ethereum,eth,Ethereum,1666.1447334266738,201078751334.3013,5167008221.335751,,2026-06-14 13:00:44.374+00
ethereum,eth,Ethereum,1665.9155080354324,201036108712.7427,5024418101.626229,,2026-06-14 14:00:50.778+00
ethereum,eth,Ethereum,1657.7469865477647,200061192681.25287,5510609167.977134,,2026-06-14 15:00:40.202+00
ethereum,eth,Ethereum,1662.405137209417,200641092803.43073,5356528961.597749,,2026-06-14 16:00:38.193+00
ethereum,eth,Ethereum,1660.4756158585437,200420051708.24475,5074085812.911696,,2026-06-14 17:00:43.392+00
ethereum,eth,Ethereum,1661.3547504511455,200476006577.97473,5811257025.16086,,2026-06-14 18:00:19.814+00
ethereum,eth,Ethereum,1661.2029253391754,200432717811.53793,5817740550.865393,,2026-06-14 19:00:39.604+00
ethereum,eth,Ethereum,1664.267916302149,200850857233.98514,5865207257.328263,,2026-06-14 20:00:12.141+00
ethereum,eth,Ethereum,1669.9435933406037,201584826505.74527,5334345928.323311,,2026-06-14 21:00:35.159+00
ethereum,eth,Ethereum,1719.447582861616,207514909513.7389,7046748076.5749855,,2026-06-14 22:00:09.599+00
ethereum,eth,Ethereum,1720.4941163566923,207768736675.178,7333624683.755564,,2026-06-14 23:00:46.896+00
ethereum,eth,Ethereum,1724.6319835654128,208127792180.32346,7779768456.967004,,2026-06-15 00:00:29.693+00
ethereum,eth,Ethereum,1720.2302431956357,207585621403.40927,8091525764.247822,,2026-06-15 01:00:22.912+00
ethereum,eth,Ethereum,1715.3734336623168,207014455922.43466,9033904315.109177,,2026-06-15 02:01:16.45+00
ethereum,eth,Ethereum,1715.7120211059098,207057020029.7623,8609093938.548805,,2026-06-15 03:00:42.037+00
ethereum,eth,Ethereum,1719.3909968465066,207661628654.68845,9589965574.617039,,2026-06-15 04:00:27.737+00
ethereum,eth,Ethereum,1716.8769556966033,207254615434.02127,9621549023.279545,,2026-06-15 05:00:06.102+00
ethereum,eth,Ethereum,1719.7450021472664,207505362754.46454,9742315345.316507,,2026-06-15 06:00:19.592+00
ethereum,eth,Ethereum,1719.0483408993139,207548119561.54956,10380181527.133938,,2026-06-15 07:00:33.531+00
ethereum,eth,Ethereum,1715.7705068826117,207066361636.2279,9396247067.727737,,2026-06-15 08:00:04.984+00
ethereum,eth,Ethereum,1719.5028523781323,207521752294.65097,9470351611.336235,,2026-06-15 09:00:27.956+00
ethereum,eth,Ethereum,1717.2774167821462,207234276803.0035,9713559211.026007,,2026-06-15 10:01:12.217+00
ethereum,eth,Ethereum,1736.3032677510057,209544267766.07578,9072171676.209768,,2026-06-15 11:01:02.302+00
ethereum,eth,Ethereum,1763.157839497291,212821812620.4157,11835981949.028175,,2026-06-15 12:01:13.869+00
ethereum,eth,Ethereum,1775.2568025199657,214214054866.78003,13215598550.452818,,2026-06-15 13:00:20.166+00
ethereum,eth,Ethereum,1813.909838452988,218625263407.42667,15901009331.36371,,2026-06-15 14:01:14.304+00
ethereum,eth,Ethereum,1814.4537477228112,219032029082.2142,15862825542.300398,,2026-06-15 15:00:12.055+00
ethereum,eth,Ethereum,1843.455586612507,222518111501.70447,16966885816.416338,,2026-06-15 16:00:17.293+00
ethereum,eth,Ethereum,1842.8513936350025,222457284527.85898,16976802096.534897,,2026-06-15 17:00:48.477+00
ethereum,eth,Ethereum,1827.6142022852855,220514388312.2184,17699188500.566326,,2026-06-15 18:01:14.296+00
ethereum,eth,Ethereum,1828.529174726763,220841613210.2372,18540359844.82148,,2026-06-15 19:01:01.406+00
ethereum,eth,Ethereum,1819.5987842641964,219989061866.9416,19633876709.85261,,2026-06-15 20:00:35.095+00
ethereum,eth,Ethereum,1815.613783483674,219096408659.98816,18679340965.611732,,2026-06-15 21:00:55.504+00
ethereum,eth,Ethereum,1810.293133315158,218429023457.3371,18038307997.627407,,2026-06-15 22:00:29.059+00
ethereum,eth,Ethereum,1789.3808336963884,215996784690.17157,17168367560.680338,,2026-06-15 23:00:30.269+00
ethereum,eth,Ethereum,1795.3144513074249,216663489235.79147,17735771399.416374,,2026-06-16 00:00:43.901+00
ethereum,eth,Ethereum,1789.7537722495158,216345051495.85858,17464120902.425354,,2026-06-16 01:00:47.632+00
ethereum,eth,Ethereum,1791.3910421308476,216221411313.16574,17258904640.36292,,2026-06-16 02:00:16.911+00
ethereum,eth,Ethereum,1768.511136719505,213457529709.4598,18030351591.984886,,2026-06-16 03:00:49.945+00
ethereum,eth,Ethereum,1778.439518748687,214533277902.55914,17527892247.964733,,2026-06-16 04:00:24.919+00
ethereum,eth,Ethereum,1760.3078327614455,212461980144.66797,18010290142.68465,,2026-06-16 05:01:25.532+00
ethereum,eth,Ethereum,1761.3710989297974,212569328734.3248,17392228372.50157,,2026-06-16 06:00:28.491+00
ethereum,eth,Ethereum,1771.1218293196791,213746327291.22556,18677428410.592182,,2026-06-16 07:00:52.504+00
ethereum,eth,Ethereum,1772.9360913530356,214043671363.86697,18201605508.392384,,2026-06-16 08:01:12.735+00
ethereum,eth,Ethereum,1801.561683280584,217452896954.1529,19102763334.354927,,2026-06-16 09:00:49.839+00
ethereum,eth,Ethereum,1788.3509364029667,216015857310.03915,19004043951.665325,,2026-06-16 10:00:41.784+00
ethereum,eth,Ethereum,1793.2281317988188,216660289764.9172,19387517524.966698,,2026-06-16 11:00:50.927+00
ethereum,eth,Ethereum,1797.4288293969144,216845939032.1598,18207056392.00304,,2026-06-16 12:00:40.066+00
ethereum,eth,Ethereum,1813.178143032811,218780765839.84937,17895669028.17879,,2026-06-16 13:00:53.548+00
ethereum,eth,Ethereum,1797.6759770471242,217091022698.01196,16223522080.949848,,2026-06-16 14:00:46.914+00
ethereum,eth,Ethereum,1779.1447227593524,214746444808.39035,17358796217.959595,,2026-06-16 15:00:51.726+00
ethereum,eth,Ethereum,1782.437078030766,215235320468.35422,16710238981.884268,,2026-06-16 16:00:29.267+00
ethereum,eth,Ethereum,1776.8651135708074,214427520208.70145,15769857380.456617,,2026-06-16 17:00:06.082+00
ethereum,eth,Ethereum,1793.5558213513139,216581649395.95297,14946801279.328062,,2026-06-16 18:00:33.262+00
ethereum,eth,Ethereum,1798.24031899017,217074871212.11032,15812143186.01096,,2026-06-16 19:00:09.006+00
ethereum,eth,Ethereum,1793.5488033507454,216390537723.9612,16164428578.35489,,2026-06-16 20:00:41.115+00
ethereum,eth,Ethereum,1795.7191852622325,216688276882.9578,15624036893.345774,,2026-06-16 21:00:30.117+00
ethereum,eth,Ethereum,1794.7698021168753,216633606747.12698,14859095513.521414,,2026-06-16 22:00:41.971+00
ethereum,eth,Ethereum,1794.3867976875324,216399619631.54688,14500742952.035292,,2026-06-16 23:00:21.209+00
ethereum,eth,Ethereum,1790.5792080728313,216030239271.51382,14164611420.958313,,2026-06-17 00:00:38.055+00
ethereum,eth,Ethereum,1793.416264539232,216434730880.1099,13967416126.523285,,2026-06-17 01:00:31.702+00
ethereum,eth,Ethereum,1796.2637496809173,216866315283.10065,14579539873.952478,,2026-06-17 02:00:08.667+00
ethereum,eth,Ethereum,1793.839046561205,216479209601.65012,14321387462.662626,,2026-06-17 03:00:04.8+00
ethereum,eth,Ethereum,1791.0802943250212,216181872083.63315,13847626866.478565,,2026-06-17 04:00:09.967+00
ethereum,eth,Ethereum,1793.108263294852,216425104731.1989,14404726943.843493,,2026-06-17 05:00:39.28+00
ethereum,eth,Ethereum,1791.763838751856,216096777947.60266,13551201281.704481,,2026-06-17 06:01:04.632+00
ethereum,eth,Ethereum,1788.4471755310585,215831671728.47104,13385065680.544132,,2026-06-17 07:00:03.612+00
ethereum,eth,Ethereum,1783.6516202039913,215197238018.5047,13443856607.45523,,2026-06-17 08:00:25.874+00
ethereum,eth,Ethereum,1764.086613464155,212924050405.52588,13206574349.798271,,2026-06-17 09:00:14.563+00
ethereum,eth,Ethereum,1770.3466952170372,213649270722.61996,12329766542.624804,,2026-06-17 10:00:10.858+00
ethereum,eth,Ethereum,1766.3387676020184,213284753436.2228,11931588539.868584,,2026-06-17 11:01:20.597+00
ethereum,eth,Ethereum,1763.670444530343,212841448373.141,11930170512.397507,,2026-06-17 12:00:22.056+00
ethereum,eth,Ethereum,1757.591718926694,212113007547.1533,11434416427.181314,,2026-06-17 13:00:23.189+00
ethereum,eth,Ethereum,1760.5875667494151,212583133558.51797,11933680489.750391,,2026-06-17 14:00:46.16+00
ethereum,eth,Ethereum,1753.20126000821,211586522570.0776,11236196096.5104,,2026-06-17 15:00:26.36+00
ethereum,eth,Ethereum,1771.015665230714,213692676584.05286,10602798892.733067,,2026-06-17 16:00:55.225+00
ethereum,eth,Ethereum,1770.7569752304523,213797754322.716,10864381641.336176,,2026-06-17 17:00:29.533+00
ethereum,eth,Ethereum,1785.5350521825796,215491890198.81268,10827150136.078075,,2026-06-17 18:00:20.5+00
ethereum,eth,Ethereum,1768.507278034849,213430424979.44275,13273311643.601189,,2026-06-17 19:00:31.897+00
ethereum,eth,Ethereum,1732.6890537260308,209117592632.72644,13632059554.938347,,2026-06-17 20:00:53.199+00
ethereum,eth,Ethereum,1745.0653219478506,210172621685.2164,14547670565.49213,,2026-06-17 21:00:16.5+00
ethereum,eth,Ethereum,1736.5476311259276,209574608908.23636,13599457818.43609,,2026-06-17 22:00:13.189+00
ethereum,eth,Ethereum,1740.2290872381043,210108715301.22702,14686918934.565289,,2026-06-17 23:00:20.284+00
ethereum,eth,Ethereum,1747.943541978407,210946070957.99207,13878521093.698154,,2026-06-18 00:00:41.049+00
ethereum,eth,Ethereum,1751.3068942020782,211354568553.1045,14188818140.656439,,2026-06-18 01:00:51.278+00
ethereum,eth,Ethereum,1753.325494135506,211561178754.62982,14061063871.91889,,2026-06-18 02:00:37.252+00
ethereum,eth,Ethereum,1754.8140576332648,211756636496.623,13926796619.49987,,2026-06-18 03:01:09.627+00
ethereum,eth,Ethereum,1743.2564996583258,210409629134.9847,14418285684.48349,,2026-06-18 04:00:41.989+00
ethereum,eth,Ethereum,1730.506442146628,208890579991.9014,14425178785.12079,,2026-06-18 05:00:40.265+00
ethereum,eth,Ethereum,1729.1820104525627,208693848536.55844,13751349198.652184,,2026-06-18 06:00:27.719+00
ethereum,eth,Ethereum,1734.2867513101107,209307267481.14572,14668915552.107084,,2026-06-18 07:00:39.932+00
ethereum,eth,Ethereum,1747.5317472976544,210872078575.17188,14969643980.567333,,2026-06-18 08:00:49.529+00
ethereum,eth,Ethereum,1746.6406873161814,210877435070.8111,14223817155.395596,,2026-06-18 09:00:45.577+00
ethereum,eth,Ethereum,1744.8759358782409,210613435188.52307,14769512359.253275,,2026-06-18 10:00:40.388+00
ethereum,eth,Ethereum,1746.574612305134,210864625034.47757,15574166528.624777,,2026-06-18 11:00:41.843+00
ethereum,eth,Ethereum,1741.5691038164218,209966431797.02142,14423928547.135311,,2026-06-18 12:00:59.71+00
ethereum,eth,Ethereum,1748.6272250565432,211000787190.18378,14065776376.363544,,2026-06-18 13:00:44.545+00
ethereum,eth,Ethereum,1732.8135919292467,209466118613.749,14781866850.977367,,2026-06-18 14:00:43.545+00
ethereum,eth,Ethereum,1737.2872455269573,209306306339.66943,14837812430.979794,,2026-06-18 15:01:09.155+00
ethereum,eth,Ethereum,1681.0162889471192,203111280742.84436,15075328657.837381,,2026-06-18 16:00:11.934+00
ethereum,eth,Ethereum,1685.2399741769036,203338201518.31,15694311224.286219,,2026-06-18 17:00:35.717+00
ethereum,eth,Ethereum,1677.1696272530367,202368898225.1447,15629367143.1787,,2026-06-18 18:00:45.528+00
ethereum,eth,Ethereum,1682.7094435602626,203044415517.82062,14255498599.13425,,2026-06-18 19:00:57.374+00
ethereum,eth,Ethereum,1704.4250208482094,205682660949.9703,12883747330.757807,,2026-06-18 20:00:49.371+00
ethereum,eth,Ethereum,1708.8589602884751,206258929831.69357,12321317066.681303,,2026-06-18 21:00:52.253+00
ethereum,eth,Ethereum,1707.4196540200942,206065313977.96735,12931186331.508339,,2026-06-18 22:00:37.072+00
ethereum,eth,Ethereum,1705.4395667748104,205839122954.5135,12288061866.701263,,2026-06-18 23:00:41.945+00
ethereum,eth,Ethereum,1709.5978673943596,206342941222.57507,11895492397.171385,,2026-06-19 00:00:58.024+00
ethereum,eth,Ethereum,1711.4530047716125,206594392043.22144,12044037507.739717,,2026-06-19 01:00:51.933+00
ethereum,eth,Ethereum,1711.8101528988548,206567005769.58444,12380933855.119318,,2026-06-19 02:00:40.018+00
ethereum,eth,Ethereum,1705.40326965503,205845092582.47852,11896538688.056107,,2026-06-19 03:00:22.379+00
ethereum,eth,Ethereum,1695.8542330842029,204791639995.085,12571374114.968563,,2026-06-19 04:00:53.653+00
ethereum,eth,Ethereum,1687.5845040439312,203603358400.6007,12767460200.815245,,2026-06-19 05:00:12.591+00
ethereum,eth,Ethereum,1695.5470582823787,204615720471.01343,11875911478.990547,,2026-06-19 06:00:10.341+00
ethereum,eth,Ethereum,1699.4774953218532,204969158823.5212,12187323470.341536,,2026-06-19 07:00:36.318+00
ethereum,eth,Ethereum,1693.9244678932853,204370140129.17297,11751013878.020092,,2026-06-19 08:00:35.554+00
ethereum,eth,Ethereum,1695.1129445687266,204569202226.76703,11586388955.151468,,2026-06-19 09:00:35.993+00
ethereum,eth,Ethereum,1687.9686921037191,203727764419.79092,11090078340.241842,,2026-06-19 10:00:50.432+00
ethereum,eth,Ethereum,1691.5758314902664,204192094328.9063,11964378453.658676,,2026-06-19 11:00:39.185+00
ethereum,eth,Ethereum,1690.372474541643,204010473256.59167,10749410142.427553,,2026-06-19 12:00:15.408+00
ethereum,eth,Ethereum,1692.2912276360191,204215218798.0109,11356465942.258804,,2026-06-19 13:00:56.929+00
ethereum,eth,Ethereum,1702.8365989786323,205484834549.08206,10966421676.966043,,2026-06-19 14:01:06.997+00
ethereum,eth,Ethereum,1705.4792282290698,205913444224.1941,11355288135.962004,,2026-06-19 15:01:13.886+00
ethereum,eth,Ethereum,1706.1742208490034,206030916808.28766,10599291552.532642,,2026-06-19 16:00:06.572+00
ethereum,eth,Ethereum,1696.0582703990503,204815824171.8436,8552863909.148259,,2026-06-19 17:00:03.376+00
ethereum,eth,Ethereum,1703.038432053134,205437724975.29474,9283312889.564507,,2026-06-19 18:00:40.071+00
ethereum,eth,Ethereum,1700.8749045564655,205202998980.11798,9051162151.063885,,2026-06-19 19:00:37.176+00
ethereum,eth,Ethereum,1699.4666286935794,205125362572.9069,8699303128.537579,,2026-06-19 20:00:04.309+00
ethereum,eth,Ethereum,1707.383700373856,205916977859.0899,8555278769.059749,,2026-06-19 21:01:06.812+00
ethereum,eth,Ethereum,1700.374213383655,205224575912.44284,8076604263.683168,,2026-06-19 22:01:00.104+00
ethereum,eth,Ethereum,1706.2519753360853,205936696655.00876,7541705861.833959,,2026-06-19 23:00:51.589+00
ethereum,eth,Ethereum,1710.3699861156085,206292808643.41605,8088959764.652047,,2026-06-20 00:00:38.769+00
ethereum,eth,Ethereum,1708.0349054895973,206109494691.5581,7664744805.202664,,2026-06-20 01:00:03.154+00
ethereum,eth,Ethereum,1707.9729540989536,206127958625.91666,7877157178.986831,,2026-06-20 02:00:50.593+00
ethereum,eth,Ethereum,1704.160397613348,205681297214.532,7320401458.64503,,2026-06-20 03:00:46.924+00
ethereum,eth,Ethereum,1705.8626337978576,205871498977.76212,6954941186.173175,,2026-06-20 04:01:33.432+00
ethereum,eth,Ethereum,1711.1349072442065,206599458467.7874,7221556296.109737,,2026-06-20 05:01:10.838+00
ethereum,eth,Ethereum,1724.5398670078534,208023676581.8942,6893312979.739059,,2026-06-20 06:00:59.169+00
ethereum,eth,Ethereum,1726.1186335091425,208256761041.94894,6802198796.757696,,2026-06-20 07:00:26.242+00
ethereum,eth,Ethereum,1724.046794965129,208061928804.63803,6523725120.623346,,2026-06-20 08:00:37.58+00
ethereum,eth,Ethereum,1721.001830430511,207679932793.4105,6980568591.250827,,2026-06-20 09:00:08.276+00
ethereum,eth,Ethereum,1727.4945800924704,208541973126.92957,7196207726.3612385,,2026-06-20 10:00:27.523+00
ethereum,eth,Ethereum,1725.6818077044538,208247954265.3085,7141325973.762637,,2026-06-20 11:00:33.225+00
ethereum,eth,Ethereum,1725.6514674012724,208259518948.4433,7599281987.7054615,,2026-06-20 12:00:44.52+00
ethereum,eth,Ethereum,1724.9266873080492,208168634270.84958,6269737579.310885,,2026-06-20 13:00:49.369+00
ethereum,eth,Ethereum,1716.9065408951117,207189182137.27725,7203072889.059745,,2026-06-20 14:00:25.495+00
ethereum,eth,Ethereum,1732.792700843269,209001392337.47278,7100574355.513434,,2026-06-20 15:01:04.357+00
ethereum,eth,Ethereum,1737.9560753534363,209743333011.18658,7219084325.864723,,2026-06-20 16:01:05.498+00
ethereum,eth,Ethereum,1731.8096177142575,208998012212.17462,6478837479.098261,,2026-06-20 17:00:32.931+00
ethereum,eth,Ethereum,1725.197719167715,208203859366.99118,6095206098.01138,,2026-06-20 18:00:52.539+00
ethereum,eth,Ethereum,1724.646314518571,208175235783.9789,6889683372.174405,,2026-06-20 19:00:49.129+00
ethereum,eth,Ethereum,1726.847299101049,208417082229.90494,6545018488.14508,,2026-06-20 20:00:39.596+00
ethereum,eth,Ethereum,1728.8913925724041,208668649933.81125,6765970397.323154,,2026-06-20 21:00:38.764+00
ethereum,eth,Ethereum,1732.689045570576,209118314606.67743,7534883348.057336,,2026-06-20 22:00:58.429+00
ethereum,eth,Ethereum,1741.8651353094965,210255311490.37872,8427217499.642492,,2026-06-20 23:00:45.35+00
ethereum,eth,Ethereum,1739.2623775091597,209906653473.1881,7579999866.410876,,2026-06-21 00:00:24.383+00
ethereum,eth,Ethereum,1735.3691872392023,209428295554.40802,8020273649.382225,,2026-06-21 01:00:04.082+00
ethereum,eth,Ethereum,1735.508997571616,209510703874.61838,7516177984.071642,,2026-06-21 02:00:23.422+00
ethereum,eth,Ethereum,1734.66872822253,209352873630.8428,7676816407.708073,,2026-06-21 03:00:03.836+00
ethereum,eth,Ethereum,1736.5521691682122,209556584985.02554,8322829234.2445,,2026-06-21 04:00:39.145+00
ethereum,eth,Ethereum,1730.4951152373778,208855905258.11652,8990728461.332794,,2026-06-21 05:00:14.994+00
ethereum,eth,Ethereum,1731.1818353373098,208896267770.6762,8382874890.847462,,2026-06-21 06:00:20.353+00
ethereum,eth,Ethereum,1734.4855908497439,209334427281.15616,7917082115.061444,,2026-06-21 07:00:32.501+00
ethereum,eth,Ethereum,1730.506455127548,208845327381.8474,8524416259.187377,,2026-06-21 08:00:00.623+00
ethereum,eth,Ethereum,1726.75218771794,208375587342.43332,8318500535.15687,,2026-06-21 09:00:33.476+00
ethereum,eth,Ethereum,1730.9663071443035,208906945630.51135,9167631894.48301,,2026-06-21 10:00:40.213+00
ethereum,eth,Ethereum,1729.517082719091,208770858857.27893,8812311840.87281,,2026-06-21 11:00:20.502+00
ethereum,eth,Ethereum,1722.4937468854587,207936653201.21698,9427870021.10283,,2026-06-21 12:00:36.357+00
ethereum,eth,Ethereum,1724.019190788547,208039603130.43268,9788367759.158306,,2026-06-21 13:00:01.63+00
ethereum,eth,Ethereum,1722.5889355980971,207853587813.19574,9156433161.678366,,2026-06-21 14:00:06.978+00
ethereum,eth,Ethereum,1725.1923973068915,208160515700.5689,9036951317.484577,,2026-06-21 15:00:23.145+00
ethereum,eth,Ethereum,1728.7848031469168,208618665649.2287,8027586232.323831,,2026-06-21 16:00:53.844+00
ethereum,eth,Ethereum,1726.195058859137,208338394308.19055,8933265783.801682,,2026-06-21 17:01:11.286+00
ethereum,eth,Ethereum,1726.0824848178793,208300950149.97827,8961987359.450117,,2026-06-21 18:00:29.822+00
ethereum,eth,Ethereum,1732.5892670075418,209118576187.58542,9297232843.628227,,2026-06-21 19:00:36.296+00
ethereum,eth,Ethereum,1732.2717014051095,209085864591.0201,8519248949.897359,,2026-06-21 20:00:26.083+00
ethereum,eth,Ethereum,1718.882160495272,207375548269.3033,8743953196.809362,,2026-06-21 21:00:23.263+00
ethereum,eth,Ethereum,1716.4517040794483,207147337627.9843,8569353977.581676,,2026-06-21 22:01:12.909+00
ethereum,eth,Ethereum,1715.6117624515018,207193637234.29907,8516823201.14499,,2026-06-21 23:00:19.961+00
ethereum,eth,Ethereum,1704.601590081602,205715588113.01105,9647662989.10624,,2026-06-22 00:00:30.39+00
ethereum,eth,Ethereum,1725.378333046196,207931728084.35712,10044710914.573364,,2026-06-22 01:00:10.289+00
ethereum,eth,Ethereum,1741.9281407943645,210225658921.53943,9434612309.06399,,2026-06-22 02:00:43.811+00
ethereum,eth,Ethereum,1736.0234353982598,209573573077.1598,9277961860.07697,,2026-06-22 03:00:54.452+00
ethereum,eth,Ethereum,1727.8432735674846,208516132266.08,10228510576.271517,,2026-06-22 04:00:24.183+00
ethereum,eth,Ethereum,1733.2504634114543,209124953524.7558,9881673401.565456,,2026-06-22 05:01:11.146+00
ethereum,eth,Ethereum,1734.6006103014574,209312058351.52747,10056800791.33192,,2026-06-22 06:01:17.451+00
ethereum,eth,Ethereum,1733.0355244804862,209064174285.85263,10924339442.270994,,2026-06-22 07:00:46.792+00
ethereum,eth,Ethereum,1744.3540736747218,210530219170.34244,11269490977.179905,,2026-06-22 08:00:10.989+00
ethereum,eth,Ethereum,1745.5728594839206,210684064598.53284,11790363171.93388,,2026-06-22 09:00:47.397+00
ethereum,eth,Ethereum,1744.6990852923998,210601210599.8851,11910399561.481615,,2026-06-22 10:00:05.715+00
ethereum,eth,Ethereum,1747.3359940378516,210843590536.61975,12367623560.494715,,2026-06-22 11:00:49.016+00
ethereum,eth,Ethereum,1766.3669973638866,213137140482.8653,12624426227.810577,,2026-06-22 12:00:57.774+00
ethereum,eth,Ethereum,1762.1871198192998,212671487450.22247,13112124826.026922,,2026-06-22 13:00:42.142+00
ethereum,eth,Ethereum,1773.962600285146,214057880593.2099,13096843295.843704,,2026-06-22 14:00:23.401+00
ethereum,eth,Ethereum,1752.2186095993823,211394583268.252,14244721124.770863,,2026-06-22 15:00:32.998+00
ethereum,eth,Ethereum,1743.0182815071025,210300556399.3828,14355251882.242283,,2026-06-22 16:01:14.009+00
ethereum,eth,Ethereum,1738.8900393940994,209855855496.75253,14671286043.924322,,2026-06-22 17:01:16.744+00
ethereum,eth,Ethereum,1739.5077986806004,209945882516.7421,14042247447.959427,,2026-06-22 18:00:33.283+00
ethereum,eth,Ethereum,1732.6561787339058,208913619333.62256,12591382564.284353,,2026-06-22 19:00:37.887+00
ethereum,eth,Ethereum,1732.6919079361003,209101009702.0589,14324589992.973753,,2026-06-22 20:00:06.509+00
ethereum,eth,Ethereum,1732.3255654282025,209019207315.2274,14935438390.993397,,2026-06-22 21:00:52.616+00
ethereum,eth,Ethereum,1730.708768160375,208840727344.0156,13553879642.006477,,2026-06-22 22:01:00.745+00
ethereum,eth,Ethereum,1722.3905138315163,207840005707.49677,14411827913.062048,,2026-06-22 23:00:47.596+00
ethereum,eth,Ethereum,1726.7237535480692,208387692400.37726,13779585639.676365,,2026-06-23 00:00:10.996+00
ethereum,eth,Ethereum,1728.1845451586064,208543856734.08234,13639126550.802622,,2026-06-23 01:00:52.312+00
ethereum,eth,Ethereum,1728.360888685084,208545490515.38492,13481768440.512283,,2026-06-23 02:00:06.649+00
ethereum,eth,Ethereum,1731.2850614891192,209034380590.8962,13308837792.730995,,2026-06-23 03:00:55.27+00
ethereum,eth,Ethereum,1727.433734351024,208472517860.37097,12897147880.225826,,2026-06-23 04:01:05.484+00
ethereum,eth,Ethereum,1718.6240935843548,207382675735.62054,13381603114.620228,,2026-06-23 05:00:22.792+00
ethereum,eth,Ethereum,1711.4013271553724,206546702370.3154,12770940265.697292,,2026-06-23 06:00:20.104+00
ethereum,eth,Ethereum,1690.4130411056549,204052940841.06952,12722153717.70089,,2026-06-23 07:00:52.384+00
ethereum,eth,Ethereum,1684.477317713861,203465078781.92642,12523791479.62589,,2026-06-23 08:00:44.296+00
ethereum,eth,Ethereum,1646.238319778225,198747740965.2015,13154055505.339489,,2026-06-23 09:00:51.655+00
ethereum,eth,Ethereum,1648.8312380680766,199028866724.1037,11865383964.361849,,2026-06-23 10:00:21.556+00
ethereum,eth,Ethereum,1650.8663984788068,199200979134.59494,11855535627.976192,,2026-06-23 11:00:22.535+00
ethereum,eth,Ethereum,1658.682806066182,200141758295.32208,11599683672.283653,,2026-06-23 12:00:43.577+00
ethereum,eth,Ethereum,1652.8153262560757,199536940721.33408,11682206753.993599,,2026-06-23 13:00:07.589+00
ethereum,eth,Ethereum,1659.723330760854,200281047402.21765,12342604968.813665,,2026-06-23 14:01:07.449+00
ethereum,eth,Ethereum,1661.1636489266548,200441534608.1476,11656157054.103586,,2026-06-23 15:00:57.594+00
ethereum,eth,Ethereum,1656.2562539155574,199731341917.23422,11912527781.731113,,2026-06-23 16:01:02.991+00
ethereum,eth,Ethereum,1658.1643391226685,200065703657.44727,10781264304.663116,,2026-06-23 17:00:18.188+00
ethereum,eth,Ethereum,1654.869020848332,199619027748.8884,11275463337.739214,,2026-06-23 18:00:18.271+00
ethereum,eth,Ethereum,1654.321466493637,199583684358.39896,10520906121.079912,,2026-06-23 19:01:13.792+00
ethereum,eth,Ethereum,1660.8126766009932,200301943097.47006,10419478788.838799,,2026-06-23 20:00:49.575+00
ethereum,eth,Ethereum,1661.842856046201,200571138056.3901,10395365159.614073,,2026-06-23 21:00:01.584+00
ethereum,eth,Ethereum,1664.7026337945008,200893707437.30258,10783248920.594534,,2026-06-23 22:00:02.128+00
ethereum,eth,Ethereum,1662.7223086936242,200732155484.4464,10023128425.230976,,2026-06-23 23:00:16.686+00
ethereum,eth,Ethereum,1665.0042345732809,201004472564.8099,9984888164.055784,,2026-06-24 00:00:03.308+00
ethereum,eth,Ethereum,1668.9508314490272,201456541563.82587,9936943054.661873,,2026-06-24 01:00:25.958+00
ethereum,eth,Ethereum,1671.1271574821924,201976957608.7356,9992828226.741657,,2026-06-24 02:00:17.946+00
ethereum,eth,Ethereum,1662.975594064292,200771046167.48654,11096322611.32279,,2026-06-24 03:00:25.899+00
ethereum,eth,Ethereum,1665.7532017113501,201077970844.32672,11150957865.885786,,2026-06-24 04:00:32.63+00
ethereum,eth,Ethereum,1667.5128502810655,201211214952.89532,11158347447.253258,,2026-06-24 05:00:42.463+00
ethereum,eth,Ethereum,1672.1154073837872,201788631812.6706,9836253778.146318,,2026-06-24 06:00:46.689+00
ethereum,eth,Ethereum,1672.6550235972318,201875008592.41492,9255874907.316826,,2026-06-24 07:00:46.46+00
ethereum,eth,Ethereum,1670.7652783425199,201600971369.449,10190694733.369469,,2026-06-24 08:00:47.776+00
ethereum,eth,Ethereum,1671.4833054030041,201712563070.44232,8331210543.630879,,2026-06-24 09:00:09.606+00
ethereum,eth,Ethereum,1665.0602182138073,200961288686.6254,8065954772.066594,,2026-06-24 10:00:44.746+00
ethereum,eth,Ethereum,1661.9259187417338,200568606404.00464,8155890124.530401,,2026-06-24 11:01:06.691+00
ethereum,eth,Ethereum,1676.4527910618926,202325639661.4513,7650369389.103588,,2026-06-24 12:00:31.201+00
ethereum,eth,Ethereum,1669.6284847568893,201527878400.32123,7667046339.95728,,2026-06-24 13:00:39.04+00
ethereum,eth,Ethereum,1643.4566649800327,198505001519.87933,8585401251.294036,,2026-06-24 14:00:48.524+00
ethereum,eth,Ethereum,1643.9429749964197,198364049270.79886,8969171240.679384,,2026-06-24 15:00:02.906+00
ethereum,eth,Ethereum,1616.311607539421,195205285569.4298,9682943725.771711,,2026-06-24 16:00:53.051+00
ethereum,eth,Ethereum,1588.489150501579,191706172235.27426,11123454072.687115,,2026-06-24 17:01:01.518+00
ethereum,eth,Ethereum,1558.4005880538919,188406837116.72897,12204507458.964752,,2026-06-24 18:00:06.321+00
ethereum,eth,Ethereum,1569.9579104188206,189614586596.6438,12997648104.757463,,2026-06-24 19:00:49.592+00
ethereum,eth,Ethereum,1580.9595421872664,190552499604.23978,13336090084.730951,,2026-06-24 20:00:13.802+00
ethereum,eth,Ethereum,1610.9775931337147,194446346567.89807,13023442302.482092,,2026-06-24 21:00:51.782+00
ethereum,eth,Ethereum,1618.3426651379862,194953224055.2943,13866091580.040138,,2026-06-24 22:00:23.543+00
ethereum,eth,Ethereum,1613.2374483860433,194698833959.01984,13413618444.163408,,2026-06-24 23:00:50.293+00
ethereum,eth,Ethereum,1619.792603757049,195520565862.3495,13925994038.310158,,2026-06-25 00:00:32.463+00
ethereum,eth,Ethereum,1615.7523151351709,195028902004.78165,14696544835.858124,,2026-06-25 01:00:53.219+00
ethereum,eth,Ethereum,1618.4374413185558,195481450880.5462,14663628882.333532,,2026-06-25 02:00:45.971+00
ethereum,eth,Ethereum,1617.6556239833037,195121976983.99545,14551362453.050938,,2026-06-25 03:00:15.491+00
ethereum,eth,Ethereum,1617.2802952605261,195173827283.36578,14594351471.808893,,2026-06-25 04:00:20.115+00
ethereum,eth,Ethereum,1631.7187970160223,196845603187.92572,14152440229.11522,,2026-06-25 05:00:47.099+00
ethereum,eth,Ethereum,1644.2599490422442,198458673779.6261,14931879554.64958,,2026-06-25 06:00:22.317+00
ethereum,eth,Ethereum,1651.8376535460502,199380904908.35745,15774359500.78444,,2026-06-25 07:00:42.074+00
ethereum,eth,Ethereum,1654.297341326032,199620901587.15436,15472836718.778934,,2026-06-25 08:00:37.418+00
ethereum,eth,Ethereum,1649.4262499158276,199105153806.5292,14869806853.227404,,2026-06-25 09:01:04.314+00
ethereum,eth,Ethereum,1646.140472937578,198622651182.01727,14877829690.713934,,2026-06-25 10:00:12.646+00
ethereum,eth,Ethereum,1634.420244559845,197256057986.7218,15067338534.791416,,2026-06-25 11:00:41.448+00
ethereum,eth,Ethereum,1630.6678721041503,196772007386.7478,15541739073.86554,,2026-06-25 12:00:11.564+00
ethereum,eth,Ethereum,1632.532543471311,196990322402.44543,15985948950.39751,,2026-06-25 13:00:31.004+00
ethereum,eth,Ethereum,1537.557695228263,186191356642.81873,17001373356.630207,,2026-06-25 14:00:42.336+00
ethereum,eth,Ethereum,1567.060883870318,189145520937.57162,18523603567.841843,,2026-06-25 15:00:14.84+00
ethereum,eth,Ethereum,1567.9133653087454,189082150879.98608,18667476354.68934,,2026-06-25 16:00:24.155+00
ethereum,eth,Ethereum,1559.6817761692614,188192315186.02435,17989760256.7925,,2026-06-25 17:00:45.749+00
ethereum,eth,Ethereum,1571.335231367092,189526649422.47644,16566379184.399704,,2026-06-25 18:00:20.869+00
ethereum,eth,Ethereum,1565.6252713481706,189006088987.88004,16543692972.820515,,2026-06-25 19:00:30.632+00
ethereum,eth,Ethereum,1557.4253434203486,187917896292.97382,15838538693.232553,,2026-06-25 20:00:41.42+00
ethereum,eth,Ethereum,1556.8997642543816,187860739164.17642,14663239495.054993,,2026-06-25 21:00:41.634+00
ethereum,eth,Ethereum,1578.6998054371513,190449270614.50858,15845081109.105042,,2026-06-25 22:01:01.06+00
ethereum,eth,Ethereum,1568.8120178744534,189298212430.86432,14669979130.78839,,2026-06-25 23:00:36.045+00
ethereum,eth,Ethereum,1564.8428434530815,188875162280.2333,15270571475.14824,,2026-06-26 00:00:50.935+00
ethereum,eth,Ethereum,1563.0192497719909,188607649033.9936,14775760602.133764,,2026-06-26 01:00:42.478+00
ethereum,eth,Ethereum,1556.7403903939694,187896558672.36597,15796274297.46377,,2026-06-26 02:00:49.728+00
ethereum,eth,Ethereum,1523.3605975417804,183798143355.60736,15951206355.625847,,2026-06-26 03:00:22.861+00
ethereum,eth,Ethereum,1554.1070656166025,187559687609.2515,16967406808.746922,,2026-06-26 04:00:17.378+00
ethereum,eth,Ethereum,1546.520754431383,186640703485.27963,16844796635.655634,,2026-06-26 05:00:49.093+00
ethereum,eth,Ethereum,1554.0988259692726,187549768970.6472,16383416185.670053,,2026-06-26 06:00:35.352+00
ethereum,eth,Ethereum,1568.113036899426,189245096850.99982,17026456970.925703,,2026-06-26 07:02:00.42+00
ethereum,eth,Ethereum,1579.07096168886,190562972295.66626,17079979352.170904,,2026-06-26 08:01:58.446+00
ethereum,eth,Ethereum,1564.237400115719,188768283114.48907,17425082674.117756,,2026-06-26 09:01:53.068+00
ethereum,eth,Ethereum,1550.776951512552,187224723266.40283,18157463087.958214,,2026-06-26 10:01:27.418+00
ethereum,eth,Ethereum,1544.9202209881341,186499956824.19003,17551829318.45947,,2026-06-26 11:02:41.967+00
ethereum,eth,Ethereum,1542.958955843172,186152226305.01077,17554573208.104443,,2026-06-26 12:00:13.067+00
ethereum,eth,Ethereum,1536.553932910832,185432870576.77383,17717877780.61313,,2026-06-26 13:01:25.61+00
ethereum,eth,Ethereum,1565.371974321283,188714612747.84216,15686278487.476515,,2026-06-26 14:01:25.479+00
ethereum,eth,Ethereum,1558.9364825497962,188025242543.2003,16285416906.854866,,2026-06-26 15:01:16.335+00
ethereum,eth,Ethereum,1578.3367990283914,190461475806.5704,14925638035.277061,,2026-06-26 16:02:30.926+00
ethereum,eth,Ethereum,1576.1348620564065,190194641320.53928,14800220964.333841,,2026-06-26 17:01:22.069+00
ethereum,eth,Ethereum,1580.1724342981167,190683287223.55554,15218529732.753008,,2026-06-26 18:00:22.175+00
ethereum,eth,Ethereum,1570.4556794893715,189551751528.35373,14976830306.236357,,2026-06-26 19:00:58.161+00
ethereum,eth,Ethereum,1576.7009000853334,190236328473.46744,14490653516.392143,,2026-06-26 20:00:57.082+00
ethereum,eth,Ethereum,1569.0970088119313,189335682820.3597,15652345048.660265,,2026-06-26 21:00:30.497+00
ethereum,eth,Ethereum,1573.8656332283213,189983458486.75433,14977893216.842075,,2026-06-26 22:01:43.537+00
ethereum,eth,Ethereum,1576.043350812333,190228253393.6442,14793307197.226772,,2026-06-26 23:02:34.997+00
ethereum,eth,Ethereum,1576.4918756458771,190237018869.5695,14124745994.06877,,2026-06-27 00:00:26.577+00
ethereum,eth,Ethereum,1574.6985563457206,190049035728.1338,14056121690.859653,,2026-06-27 01:00:14.015+00
ethereum,eth,Ethereum,1573.8619106924587,189920170563.646,13883489649.68272,,2026-06-27 02:00:21.007+00
ethereum,eth,Ethereum,1581.986565922409,190916217378.3912,13083392028.843725,,2026-06-27 03:02:29.573+00
ethereum,eth,Ethereum,1578.1045161586121,190473380527.8185,12103240309.421564,,2026-06-27 04:02:19.685+00
ethereum,eth,Ethereum,1577.1954272017194,190348371964.07635,11975192577.569338,,2026-06-27 05:01:29.975+00
ethereum,eth,Ethereum,1576.750881357534,190268078063.59457,11680126273.238045,,2026-06-27 06:01:24.126+00
ethereum,eth,Ethereum,1580.1155233901352,190700377724.42566,11427076427.330154,,2026-06-27 07:00:56.746+00
ethereum,eth,Ethereum,1583.3877688319758,191058906579.37576,11167758744.708963,,2026-06-27 08:00:06.291+00
ethereum,eth,Ethereum,1581.945195088345,190914757827.83353,10186540736.101456,,2026-06-27 09:00:35.521+00
ethereum,eth,Ethereum,1580.1766195810842,190681218362.32272,9828629666.852243,,2026-06-27 10:00:15.319+00
ethereum,eth,Ethereum,1581.8531905979771,190880478644.52444,10615513223.320095,,2026-06-27 11:00:28.822+00
ethereum,eth,Ethereum,1581.4841733284916,190850969259.94788,9655868090.278173,,2026-06-27 12:01:25.172+00
ethereum,eth,Ethereum,1583.5217028000097,191102838343.47287,9122572251.680838,,2026-06-27 13:02:04.909+00
ethereum,eth,Ethereum,1588.7148221231912,191656046063.51462,8826976927.739164,,2026-06-27 14:01:25.332+00
ethereum,eth,Ethereum,1591.762586920624,192079859621.6902,7939615243.213764,,2026-06-27 15:00:33.737+00
ethereum,eth,Ethereum,1602.9705643867067,193457807804.01303,7018835197.049211,,2026-06-27 16:00:13.137+00
ethereum,eth,Ethereum,1604.000877153947,193570872943.0653,5990749536.330796,,2026-06-27 17:00:40.118+00
ethereum,eth,Ethereum,1590.9787200063934,192059336661.582,5854550958.132395,,2026-06-27 18:01:19.728+00
ethereum,eth,Ethereum,1591.6316802507442,192106566046.58563,5671055515.999292,,2026-06-27 19:00:53.7+00
ethereum,eth,Ethereum,1576.0321387865063,190215476577.96942,6228990926.1191025,,2026-06-27 20:02:07.098+00
ethereum,eth,Ethereum,1577.949473038968,190471003465.6041,5894116142.541307,,2026-06-27 21:00:23.709+00
ethereum,eth,Ethereum,1573.3306811764837,189875727266.7503,5229977240.113904,,2026-06-27 22:00:04.292+00
ethereum,eth,Ethereum,1576.9485742565907,190322991725.52133,6419675518.422995,,2026-06-27 23:00:22.739+00
ethereum,eth,Ethereum,1571.677311718264,189697545589.65616,5267573831.747704,,2026-06-28 00:00:18.888+00
ethereum,eth,Ethereum,1572.9616661899522,189786343731.68372,5423808746.489617,,2026-06-28 01:00:36.198+00
ethereum,eth,Ethereum,1572.9442691221368,189843586892.39032,5468877375.896842,,2026-06-28 02:02:23.292+00
ethereum,eth,Ethereum,1570.4842836335495,189529763663.06772,5810071535.745297,,2026-06-28 03:01:16.556+00
ethereum,eth,Ethereum,1572.7467874219753,189787385011.8434,5286543195.630463,,2026-06-28 04:02:15.357+00
ethereum,eth,Ethereum,1571.8756702338417,189710905877.26666,5108028443.190549,,2026-06-28 05:00:53.633+00
ethereum,eth,Ethereum,1566.7357035911164,189107098405.70093,5329535574.214844,,2026-06-28 06:02:21.948+00
ethereum,eth,Ethereum,1566.1844169798471,188972981581.02267,5809835053.122448,,2026-06-28 07:01:46.075+00
ethereum,eth,Ethereum,1573.360395916749,189875584155.44244,5218156655.860492,,2026-06-28 08:00:57.303+00
ethereum,eth,Ethereum,1579.7071251851037,190670776405.64023,5897628125.270226,,2026-06-28 09:00:34.198+00
ethereum,eth,Ethereum,1577.000952485977,190287943001.14743,5488126938.121234,,2026-06-28 10:01:35.729+00
ethereum,eth,Ethereum,1574.7906536201247,190052282141.66095,5898513333.143664,,2026-06-28 11:01:24.871+00
ethereum,eth,Ethereum,1580.5978304924477,190756828589.68674,5486621010.346116,,2026-06-28 12:00:06.334+00
ethereum,eth,Ethereum,1581.362245534361,190822412580.31888,5669588949.435059,,2026-06-28 13:00:44.557+00
ethereum,eth,Ethereum,1578.1192415906166,190448403654.0659,6619069108.494412,,2026-06-28 14:00:27.506+00
ethereum,eth,Ethereum,1580.0824681838924,190657131051.64636,6114754202.217247,,2026-06-28 15:01:13.591+00
ethereum,eth,Ethereum,1577.9571724224563,190420059335.7763,5278041674.40914,,2026-06-28 16:01:29.491+00
ethereum,eth,Ethereum,1571.0558431620516,189475622971.1265,6463602647.679174,,2026-06-28 17:00:45.293+00
ethereum,eth,Ethereum,1570.2126832235688,189540156840.51694,5302177142.68237,,2026-06-28 18:01:44.68+00
ethereum,eth,Ethereum,1569.7879556246514,189459480682.05444,5242850410.300259,,2026-06-28 19:02:30.861+00
ethereum,eth,Ethereum,1562.5401292089834,188541601316.7315,5185597389.441302,,2026-06-28 20:01:12.079+00
ethereum,eth,Ethereum,1571.1617639705198,189647782309.02402,5249429493.442484,,2026-06-28 21:00:22.492+00
ethereum,eth,Ethereum,1560.3452087343387,188233272854.8207,5691587714.710045,,2026-06-28 22:02:17.616+00
ethereum,eth,Ethereum,1553.8082752801615,187470104863.25864,6063265869.512478,,2026-06-28 23:01:18.534+00
ethereum,eth,Ethereum,1570.6199562201552,189546697919.2255,6724839731.130026,,2026-06-29 00:01:10.203+00
ethereum,eth,Ethereum,1570.4558636078582,189335180184.26886,6453543459.310248,,2026-06-29 01:00:46.346+00
ethereum,eth,Ethereum,1567.388000344132,189200660475.45053,6160903580.256123,,2026-06-29 02:02:19.677+00
ethereum,eth,Ethereum,1574.446092351829,190021607912.22485,6874130873.252392,,2026-06-29 03:02:16.873+00
ethereum,eth,Ethereum,1581.4674595604624,190801041384.22113,6686213385.281182,,2026-06-29 04:00:52.032+00
ethereum,eth,Ethereum,1572.6324875890934,189799782605.52585,6665188993.270496,,2026-06-29 05:00:18.824+00
ethereum,eth,Ethereum,1579.5002410130078,190575517732.56937,7204125026.287815,,2026-06-29 06:00:05.329+00
ethereum,eth,Ethereum,1580.1954736753871,190687315609.6014,7425253847.269848,,2026-06-29 07:02:03.564+00
ethereum,eth,Ethereum,1578.25567969466,190483382866.65155,7572028531.90977,,2026-06-29 08:01:11.04+00
ethereum,eth,Ethereum,1570.8359533046762,189557552903.1899,7473832298.182803,,2026-06-29 09:01:32.735+00
ethereum,eth,Ethereum,1573.9495186749625,189950048828.51053,7398678108.761726,,2026-06-29 10:02:04.07+00
ethereum,eth,Ethereum,1576.582500380724,190258287732.9834,7531505614.434642,,2026-06-29 11:02:30.789+00
ethereum,eth,Ethereum,1571.4445544249704,189568288128.30878,7858366724.468428,,2026-06-29 12:00:25.454+00
ethereum,eth,Ethereum,1574.0316651603557,189968272938.93192,8033493932.437477,,2026-06-29 13:02:11.68+00
ethereum,eth,Ethereum,1567.5662638435585,189083724029.8488,9733616816.458162,,2026-06-29 14:01:50.524+00
ethereum,eth,Ethereum,1568.4731108608582,189297243320.60614,9895173467.621384,,2026-06-29 15:01:01.079+00
ethereum,eth,Ethereum,1577.8476911845114,190418350669.16293,10846083575.85393,,2026-06-29 16:00:27.87+00
ethereum,eth,Ethereum,1582.4918790182421,190999199360.73166,9942142154.360544,,2026-06-29 17:01:31.34+00
ethereum,eth,Ethereum,1626.3567634143017,196401062063.50433,11695517910.506186,,2026-06-29 18:02:22.282+00
ethereum,eth,Ethereum,1618.2510857630593,195297947622.53317,11314506379.466639,,2026-06-29 19:01:37.734+00
ethereum,eth,Ethereum,1623.3907339331515,195882848267.02832,11356946415.131153,,2026-06-29 20:02:18.875+00
ethereum,eth,Ethereum,1615.5512437385057,194973758889.21756,11313919182.556873,,2026-06-29 21:01:21.26+00
ethereum,eth,Ethereum,1618.072367767158,195298775170.07837,12140602480.153093,,2026-06-29 22:00:39.168+00
ethereum,eth,Ethereum,1611.0368194813968,194431181663.41177,11269907621.014486,,2026-06-29 23:00:45.966+00
ethereum,eth,Ethereum,1610.0892335516369,194304619783.00165,11113750265.046911,,2026-06-30 00:02:01.914+00
ethereum,eth,Ethereum,1592.5605099091101,192198415778.98083,11622412187.922138,,2026-06-30 01:02:33.121+00
ethereum,eth,Ethereum,1591.8366142049324,192113161852.35416,11383574717.494,,2026-06-30 02:01:45.932+00
ethereum,eth,Ethereum,1588.8609950043842,191805248683.6827,11924374722.697529,,2026-06-30 03:00:41.339+00
ethereum,eth,Ethereum,1585.0551535876364,191290731553.7306,11131219759.916533,,2026-06-30 04:01:43.662+00
ethereum,eth,Ethereum,1585.2841744625125,191294270395.73715,10787949305.18579,,2026-06-30 05:00:18.613+00
ethereum,eth,Ethereum,1589.2130122869555,191778513595.13382,11073304401.812395,,2026-06-30 06:02:31.941+00
ethereum,eth,Ethereum,1591.3424721984036,192024712844.296,11772119660.92441,,2026-06-30 07:01:26.731+00
ethereum,eth,Ethereum,1589.8301372545645,191875411007.1382,10543694107.111404,,2026-06-30 08:02:00.349+00
ethereum,eth,Ethereum,1581.4067938951582,190844867665.72717,11580456032.629366,,2026-06-30 09:00:36.764+00
ethereum,eth,Ethereum,1583.0819152060956,191051753270.96783,10704228304.205791,,2026-06-30 10:00:47.362+00
ethereum,eth,Ethereum,1583.336870342522,191105058472.4621,11710385642.36904,,2026-06-30 11:01:14.33+00
ethereum,eth,Ethereum,1575.2916575968036,190080525673.62018,11395690265.619213,,2026-06-30 12:00:59.842+00
ethereum,eth,Ethereum,1555.6368169170867,187826343531.30414,11485849131.218243,,2026-06-30 13:01:40.386+00
ethereum,eth,Ethereum,1563.5259883269453,188538844781.19528,11674260265.500187,,2026-06-30 14:02:20.834+00
ethereum,eth,Ethereum,1560.6793660865815,188268693232.96906,10354991068.970467,,2026-06-30 15:01:04.706+00
ethereum,eth,Ethereum,1564.0462004787153,188862944148.51627,10701535135.297585,,2026-06-30 16:01:49.934+00
ethereum,eth,Ethereum,1569.414300100406,189502354380.30725,11207024233.09557,,2026-06-30 17:00:00.808+00
ethereum,eth,Ethereum,1568.7931346086882,189326917246.71313,9671925902.787825,,2026-06-30 18:01:41.909+00
ethereum,eth,Ethereum,1576.4821248773878,190226730138.9919,8981380065.175098,,2026-06-30 19:02:37.434+00
ethereum,eth,Ethereum,1578.029353576769,190441361785.92926,9303021161.002129,,2026-06-30 20:01:09.054+00
ethereum,eth,Ethereum,1573.9019614845463,189951654040.05322,9394512106.823393,,2026-06-30 21:00:58.714+00
ethereum,eth,Ethereum,1569.2543849905276,189359690585.1205,9792185414.614714,,2026-06-30 22:00:30.815+00
ethereum,eth,Ethereum,1565.6357630839914,188961048952.30786,8727025454.790047,,2026-06-30 23:00:33.993+00
ethereum,eth,Ethereum,1569.9441685094844,189420707302.20923,9749978399.681124,,2026-07-01 00:01:42.418+00
ethereum,eth,Ethereum,1572.5571321392495,189810051689.37003,9096416278.913088,,2026-07-01 01:01:09.319+00
ethereum,eth,Ethereum,1575.722518582158,190243179990.20444,8890570992.740736,,2026-07-01 02:02:23.993+00
ethereum,eth,Ethereum,1584.2223218788345,191193186340.22888,9525381983.859587,,2026-07-01 03:00:45.722+00
ethereum,eth,Ethereum,1592.2408101839808,192178141768.80276,9869916473.065237,,2026-07-01 04:00:43.912+00
ethereum,eth,Ethereum,1597.245014908501,192785310375.36075,10399079149.562359,,2026-07-01 05:02:10.248+00
ethereum,eth,Ethereum,1589.4953708603853,191813880890.1938,9341365641.25815,,2026-07-01 06:01:46.733+00
ethereum,eth,Ethereum,1573.3470212609764,189913626321.56055,9675690670.428717,,2026-07-01 07:00:40.692+00
ethereum,eth,Ethereum,1576.28224110003,190248330695.31772,10349515499.265491,,2026-07-01 08:01:54.224+00
ethereum,eth,Ethereum,1578.35245337057,190304860761.48538,10197881520.067528,,2026-07-01 09:00:48.095+00
ethereum,eth,Ethereum,1579.151463914417,190576800272.1777,9598683431.647875,,2026-07-01 10:01:36.69+00
ethereum,eth,Ethereum,1571.8943623696955,189764068037.2391,9628814404.25413,,2026-07-01 11:01:45.34+00
ethereum,eth,Ethereum,1567.953781857779,189215739071.71753,10105183649.391752,,2026-07-01 12:01:17.065+00
ethereum,eth,Ethereum,1567.4582278392659,189113785700.1074,9782026194.65259,,2026-07-01 13:00:21.19+00
ethereum,eth,Ethereum,1593.4392531123983,192282522479.2355,9040552583.852896,,2026-07-01 14:00:43.584+00
ethereum,eth,Ethereum,1598.1502377952459,192899259853.1608,9978016156.559572,,2026-07-01 15:00:20.547+00
ethereum,eth,Ethereum,1618.734615653615,195299052905.76407,10316127883.777868,,2026-07-01 16:00:37.089+00
ethereum,eth,Ethereum,1612.6345365672614,194622821468.55603,10226611462.057951,,2026-07-01 17:02:04.184+00
ethereum,eth,Ethereum,1621.5494740618194,195744018534.81595,10603391486.591448,,2026-07-01 18:01:38.061+00
ethereum,eth,Ethereum,1614.3523436615135,194775662929.40714,10514016363.903938,,2026-07-01 19:01:33.797+00
ethereum,eth,Ethereum,1614.604285142842,194793034016.95377,10016868085.879183,,2026-07-01 20:02:01.647+00
ethereum,eth,Ethereum,1615.7965464015904,194983529355.805,10572716640.992014,,2026-07-01 21:00:45.564+00
ethereum,eth,Ethereum,1630.3728877570707,196767269367.18198,10806516751.100336,,2026-07-01 22:00:10.71+00
ethereum,eth,Ethereum,1620.7276892236107,195511432425.8988,11728608219.74143,,2026-07-01 23:00:45.831+00
ethereum,eth,Ethereum,1608.4281927120421,194160823055.44983,11297892393.877014,,2026-07-02 00:01:52.879+00
ethereum,eth,Ethereum,1601.160061038235,193251934673.72015,11308681686.597742,,2026-07-02 01:01:34.849+00
ethereum,eth,Ethereum,1617.6548446559607,195187766528.80606,10636909514.657413,,2026-07-02 02:01:39.725+00
ethereum,eth,Ethereum,1619.502752612183,195455671078.90158,10977874362.636177,,2026-07-02 03:01:54.558+00
ethereum,eth,Ethereum,1637.2173897709556,197612634390.62427,11169475640.983831,,2026-07-02 04:01:31.282+00
ethereum,eth,Ethereum,1630.9641601335989,196849801043.00125,10643753743.501747,,2026-07-02 05:00:49.654+00
ethereum,eth,Ethereum,1624.882736323091,196101632518.8879,10499408057.93982,,2026-07-02 06:01:28.633+00
ethereum,eth,Ethereum,1617.7077456418604,195256025817.146,10180757023.050093,,2026-07-02 07:01:48.183+00
ethereum,eth,Ethereum,1613.474849317922,194676365568.20807,10448395696.215515,,2026-07-02 08:00:44.358+00
ethereum,eth,Ethereum,1622.9180883335678,195865686700.6121,10940630720.215073,,2026-07-02 09:01:32.925+00
ethereum,eth,Ethereum,1641.9788194245104,198213155272.19937,12051568313.582752,,2026-07-02 10:01:20.802+00
ethereum,eth,Ethereum,1644.2452162999866,198444537581.77664,11816929486.326832,,2026-07-02 11:01:25.643+00
ethereum,eth,Ethereum,1646.9225929991528,198662712417.07626,11673735830.872349,,2026-07-02 12:00:10.466+00
ethereum,eth,Ethereum,1661.2526330886096,200577245660.54083,13273883003.090618,,2026-07-02 13:01:12.199+00
ethereum,eth,Ethereum,1708.4025259934363,206093265241.84897,13960085348.468391,,2026-07-02 14:02:25.703+00
ethereum,eth,Ethereum,1697.0017391238716,204622882843.2105,14811097124.229067,,2026-07-02 15:00:11.782+00
ethereum,eth,Ethereum,1695.99597452771,204623688793.1058,13965581069.088575,,2026-07-02 16:00:37.764+00
ethereum,eth,Ethereum,1697.7271880230874,204861698642.65137,14495607680.569128,,2026-07-02 17:01:47.433+00
ethereum,eth,Ethereum,1694.704118488965,204554088623.36514,14048015867.91814,,2026-07-02 18:00:12.969+00
ethereum,eth,Ethereum,1699.7809167018906,205083170968.48047,13395295682.9516,,2026-07-02 19:00:26.465+00
ethereum,eth,Ethereum,1700.3659119691852,205324879460.44962,14020669585.365137,,2026-07-02 20:01:40.816+00
ethereum,eth,Ethereum,1703.3312177303976,205479549064.67993,13895840576.069235,,2026-07-02 21:01:22.208+00
ethereum,eth,Ethereum,1697.378096862951,204816350513.34558,13046106416.695099,,2026-07-02 22:01:10.538+00
ethereum,eth,Ethereum,1696.423511299223,204795225396.93524,13277392735.88525,,2026-07-02 23:01:40.68+00
ethereum,eth,Ethereum,1698.4014396045966,204952373218.6761,12803278084.30195,,2026-07-03 00:02:40.492+00
ethereum,eth,Ethereum,1694.6706884112493,204520259451.85483,12270557491.845284,,2026-07-03 01:01:55.017+00
ethereum,eth,Ethereum,1711.5582075585169,206608864098.42245,13678317051.010145,,2026-07-03 02:00:11.743+00
ethereum,eth,Ethereum,1702.839232592387,205478622467.59067,13889032911.933977,,2026-07-03 03:01:30.358+00
ethereum,eth,Ethereum,1704.609828417747,205714804116.32675,12862745618.724371,,2026-07-03 04:02:08.284+00
ethereum,eth,Ethereum,1701.835557299838,205405766102.7782,12863578738.569424,,2026-07-03 05:01:48.954+00
ethereum,eth,Ethereum,1713.609791497002,206860717529.7226,12862136609.092873,,2026-07-03 06:01:25.834+00
ethereum,eth,Ethereum,1714.593217302178,206939083808.93265,12812122587.409857,,2026-07-03 07:01:40.429+00
ethereum,eth,Ethereum,1717.1516713396252,207261552626.89798,12924886273.092047,,2026-07-03 08:00:22.083+00
ethereum,eth,Ethereum,1717.357786186976,207271629808.09952,12819154873.29562,,2026-07-03 09:00:29.402+00
ethereum,eth,Ethereum,1724.8951875406522,208182107779.0834,13004627041.629416,,2026-07-03 10:00:05.697+00
ethereum,eth,Ethereum,1742.2041934968895,210332804494.32214,13199302384.17817,,2026-07-03 11:00:49.919+00
ethereum,eth,Ethereum,1740.5869966452226,210044345166.97684,12478553069.679846,,2026-07-03 12:00:21.681+00
ethereum,eth,Ethereum,1734.19497417156,209218095656.77573,12453921374.893843,,2026-07-03 13:00:03.499+00
ethereum,eth,Ethereum,1746.0655391755895,210730716176.67157,11133302208.678225,,2026-07-03 14:00:05.332+00
ethereum,eth,Ethereum,1736.4169302637226,209576226605.75867,9555015410.527086,,2026-07-03 15:02:12.018+00
ethereum,eth,Ethereum,1729.3280603524738,208671573839.90042,8970378271.075089,,2026-07-03 16:02:13.027+00
ethereum,eth,Ethereum,1732.3043461732677,209096997975.1117,9853381114.639475,,2026-07-03 17:01:47.194+00
ethereum,eth,Ethereum,1736.323535703378,209648245052.1012,9053638940.565386,,2026-07-03 18:02:04.856+00
ethereum,eth,Ethereum,1737.8385775041404,209767025980.08997,8944285344.892523,,2026-07-03 19:01:55.568+00
ethereum,eth,Ethereum,1744.697708456127,210541052935.3599,8944895196.347536,,2026-07-03 20:01:12.421+00
ethereum,eth,Ethereum,1763.6321982701945,212786526897.3711,9953746025.77437,,2026-07-03 21:01:46.095+00
ethereum,eth,Ethereum,1762.6673195643757,212732140968.72495,9440168206.546509,,2026-07-03 22:00:43.744+00
ethereum,eth,Ethereum,1756.0921097006808,211903200043.98904,9150478663.721643,,2026-07-03 23:02:28.841+00
ethereum,eth,Ethereum,1756.8290354268431,211986464324.77448,9492623883.811909,,2026-07-04 00:01:16.797+00
ethereum,eth,Ethereum,1757.0289346995312,212033551093.37158,8928987139.672787,,2026-07-04 01:01:58.856+00
ethereum,eth,Ethereum,1746.8942820029204,210781848920.43158,9497978421.2699,,2026-07-04 02:01:58.519+00
ethereum,eth,Ethereum,1747.557475732992,210884567053.7406,8559379540.63729,,2026-07-04 03:00:50.117+00
ethereum,eth,Ethereum,1752.2532748114618,211459329586.82303,9486739643.958296,,2026-07-04 04:01:27.168+00
ethereum,eth,Ethereum,1759.602652587234,212334689313.81238,9519170289.924955,,2026-07-04 05:02:32.142+00
ethereum,eth,Ethereum,1754.033849324648,211666245246.20285,9042884906.544363,,2026-07-04 06:00:20.861+00
ethereum,eth,Ethereum,1753.3373262096704,211577274774.83832,8419881880.185992,,2026-07-04 07:00:46.726+00
ethereum,eth,Ethereum,1756.8035987303083,212014901983.48477,8778814655.027412,,2026-07-04 08:02:24.667+00
ethereum,eth,Ethereum,1760.65364809056,212442357000.52896,9181234931.936047,,2026-07-04 09:02:03.09+00
ethereum,eth,Ethereum,1756.6705462302584,211994148117.77426,7885730949.036858,,2026-07-04 10:00:30.318+00
ethereum,eth,Ethereum,1758.4604127040143,212240733050.26294,7520929028.923762,,2026-07-04 11:01:11.811+00
ethereum,eth,Ethereum,1757.1215663987932,212060479980.53644,8368597907.432661,,2026-07-04 12:01:05.921+00
ethereum,eth,Ethereum,1763.0245740316811,212679700896.1558,7189142200.0955925,,2026-07-04 13:00:40.971+00
ethereum,eth,Ethereum,1762.0375589594128,212620093331.29108,7584460512.246919,,2026-07-04 14:01:25.255+00
ethereum,eth,Ethereum,1770.1671786659665,213561758825.85104,6784709813.891666,,2026-07-04 15:00:12.858+00
ethereum,eth,Ethereum,1789.9517738363645,216050327625.63495,7261035750.737883,,2026-07-04 16:02:37.794+00
ethereum,eth,Ethereum,1785.856021234278,215549045752.16226,7359013033.737177,,2026-07-04 17:01:22.204+00
ethereum,eth,Ethereum,1798.7372824967515,217155683523.17978,8003802779.603041,,2026-07-04 18:01:30.72+00
ethereum,eth,Ethereum,1792.2415850338884,216282245499.93607,9289761748.506428,,2026-07-04 19:00:12.583+00
ethereum,eth,Ethereum,1792.074299715698,216362936481.44614,8495032749.243794,,2026-07-04 20:02:38.663+00
ethereum,eth,Ethereum,1786.404431222862,215688999584.27933,7470451324.949047,,2026-07-04 21:01:32.904+00
ethereum,eth,Ethereum,1788.042455414856,215870272876.46777,7628635224.951719,,2026-07-04 22:01:43.83+00
ethereum,eth,Ethereum,1782.6138204758913,215122570833.49728,6974537519.946957,,2026-07-04 23:00:51.848+00
ethereum,eth,Ethereum,1778.9616998011275,214694734863.17303,7600774007.778036,,2026-07-05 00:00:27.531+00
ethereum,eth,Ethereum,1770.1338719894593,213551922959.275,7734282959.2077465,,2026-07-05 01:00:32.435+00
ethereum,eth,Ethereum,1765.2996101166386,213055672130.4728,7780785067.764319,,2026-07-05 02:01:29.695+00
ethereum,eth,Ethereum,1758.990248176284,212268900812.52094,7916122349.76731,,2026-07-05 03:02:28.82+00
ethereum,eth,Ethereum,1760.3782980257188,212494122584.2304,8082009779.322845,,2026-07-05 04:00:51.024+00
ethereum,eth,Ethereum,1766.1666582278021,213137442467.82495,7528665576.513706,,2026-07-05 05:01:57.216+00
ethereum,eth,Ethereum,1763.8846741594734,212880311693.37817,7718937894.579229,,2026-07-05 06:00:44.704+00
ethereum,eth,Ethereum,1763.1110786131082,212795112553.4973,8781031364.35672,,2026-07-05 07:00:59.694+00
ethereum,eth,Ethereum,1769.642861640239,213512194507.35904,8559358925.50398,,2026-07-05 08:02:35.058+00
ethereum,eth,Ethereum,1766.483592093533,213168068647.20352,9127732677.868235,,2026-07-05 09:01:07.02+00
ethereum,eth,Ethereum,1756.4884192876198,211974934597.8044,12229777371.161362,,2026-07-05 10:00:59.305+00
ethereum,eth,Ethereum,1759.7663232926122,212367780031.98438,11131763266.203203,,2026-07-05 11:00:31.054+00
ethereum,eth,Ethereum,1758.986684444454,212262603933.79523,11165057812.38328,,2026-07-05 12:01:26.044+00
ethereum,eth,Ethereum,1763.4283764698257,212811124643.92523,11210078435.965906,,2026-07-05 13:00:51.8+00
ethereum,eth,Ethereum,1764.5433086001515,212944345788.85797,11468216393.165428,,2026-07-05 14:00:46.162+00
ethereum,eth,Ethereum,1770.0429747318472,213581662895.73605,12074060304.140768,,2026-07-05 15:01:40.326+00
ethereum,eth,Ethereum,1772.698801904365,213975131830.7491,11016607056.79645,,2026-07-05 16:01:25.255+00
ethereum,eth,Ethereum,1771.4069076837598,213752702960.8511,10873370335.421133,,2026-07-05 17:01:25.795+00
ethereum,eth,Ethereum,1778.1548570916955,214585189139.01553,10234329509.64656,,2026-07-05 18:00:25.498+00
ethereum,eth,Ethereum,1779.8127939416997,214813107687.49646,9534758200.416414,,2026-07-05 19:00:30.419+00
ethereum,eth,Ethereum,1779.538249866919,214739348149.28308,10114437224.089645,,2026-07-05 20:00:52.433+00
ethereum,eth,Ethereum,1775.8455602001204,214321545263.41614,9256294727.076595,,2026-07-05 21:01:29.308+00
ethereum,eth,Ethereum,1786.9688605155732,215767686110.672,10037405352.985682,,2026-07-05 22:00:53.984+00
ethereum,eth,Ethereum,1787.1597894355234,215564706932.9262,10117642086.205273,,2026-07-05 23:01:25.554+00
ethereum,eth,Ethereum,1783.452395629129,215157394830.3397,10810201484.282835,,2026-07-06 00:01:22.67+00
ethereum,eth,Ethereum,1790.7168856212577,216012216420.04855,11135947373.73235,,2026-07-06 01:00:50.961+00
ethereum,eth,Ethereum,1784.4717616054245,215362678393.76688,10800800865.567177,,2026-07-06 02:00:01.626+00
ethereum,eth,Ethereum,1781.4755180183897,214969679596.78406,11310294558.972958,,2026-07-06 03:00:00.828+00
ethereum,eth,Ethereum,1776.614056046099,214343408127.71857,10853524628.946999,,2026-07-06 04:00:36.877+00
ethereum,eth,Ethereum,1776.955005315021,214553295444.85733,11391034081.511148,,2026-07-06 05:01:27.148+00
ethereum,eth,Ethereum,1772.8544600053413,213971822434.54416,10614084500.210804,,2026-07-06 06:02:32.116+00
ethereum,eth,Ethereum,1768.332750533335,213380354104.80685,10150871477.963726,,2026-07-06 07:00:37.132+00
ethereum,eth,Ethereum,1770.9804133101586,213753767538.31665,9263392784.536343,,2026-07-06 08:01:21.085+00
ethereum,eth,Ethereum,1763.7176852201294,212847887793.95587,9189523257.410833,,2026-07-06 09:00:08.31+00
ethereum,eth,Ethereum,1757.2443083648702,212101273184.94684,7858126005.550216,,2026-07-06 10:01:35.641+00
ethereum,eth,Ethereum,1768.3903202494284,213421779183.65976,6970812531.923072,,2026-07-06 11:01:11.526+00
ethereum,eth,Ethereum,1764.1785779547452,213129535795.45462,8333551092.539059,,2026-07-06 12:01:29.025+00
ethereum,eth,Ethereum,1741.8517631830937,210260777888.16312,9275399323.78192,,2026-07-06 13:01:17.307+00
ethereum,eth,Ethereum,1745.4726498276996,210742916805.31448,10160713198.32033,,2026-07-06 14:01:41.185+00
ethereum,eth,Ethereum,1749.1583306234188,211096032249.37576,11666975723.203728,,2026-07-06 15:01:02.224+00
ethereum,eth,Ethereum,1785.9479350129877,215449430607.37085,14488125387.209042,,2026-07-06 16:02:25.401+00
ethereum,eth,Ethereum,1790.3639448337137,216041511869.84213,15537782586.338581,,2026-07-06 17:01:00.647+00
ethereum,eth,Ethereum,1786.6844753194366,215599008056.7433,15871335869.916159,,2026-07-06 18:00:52.263+00
ethereum,eth,Ethereum,1791.4006888694962,216250387895.31702,15797723128.935743,,2026-07-06 19:00:59.114+00
ethereum,eth,Ethereum,1793.3513701436239,216475873277.91907,16080589721.178806,,2026-07-06 20:01:27.771+00
ethereum,eth,Ethereum,1792.8281427823806,216389814538.02304,15482258890.723843,,2026-07-06 21:00:36.76+00
ethereum,eth,Ethereum,1813.464993150947,218890156982.4426,16252413726.07624,,2026-07-06 22:01:48.924+00
ethereum,eth,Ethereum,1804.4557586897022,217752412899.39722,15873868751.43091,,2026-07-06 23:00:58.384+00
ethereum,eth,Ethereum,1797.467645726414,216936141476.28122,15464775185.320795,,2026-07-07 00:02:39.558+00
ethereum,eth,Ethereum,1802.748246947703,217546714679.76764,15649207494.154036,,2026-07-07 01:01:22.32+00
ethereum,eth,Ethereum,1792.7564597464675,216378519887.9022,16362405383.531153,,2026-07-07 02:01:45.068+00
ethereum,eth,Ethereum,1777.348299966588,214515603354.39322,15582374914.136328,,2026-07-07 03:02:17.412+00
ethereum,eth,Ethereum,1769.892971575189,213553507826.43134,16305894027.308384,,2026-07-07 04:02:39.095+00
ethereum,eth,Ethereum,1765.677629885361,213077279386.71396,16331051467.152315,,2026-07-07 05:01:29.292+00
ethereum,eth,Ethereum,1769.15896126065,213543997422.46237,16387313065.771902,,2026-07-07 06:00:06.755+00
ethereum,eth,Ethereum,1777.5036320530828,214562164865.74658,16113601033.621187,,2026-07-07 07:02:16.821+00
ethereum,eth,Ethereum,1769.7822381797153,213641174597.49512,16038245785.639835,,2026-07-07 08:01:45.033+00
ethereum,eth,Ethereum,1768.5409623157843,213439049357.81525,17181250512.797684,,2026-07-07 09:00:03.473+00
ethereum,eth,Ethereum,1776.8211284243562,214422420977.13712,16394196798.487562,,2026-07-07 10:01:28.273+00
ethereum,eth,Ethereum,1773.5429480710372,214013827019.82953,15910959316.117344,,2026-07-07 11:01:39.065+00
ethereum,eth,Ethereum,1779.0510377960632,214675366812.05875,16386520717.469374,,2026-07-07 12:01:41.004+00
ethereum,eth,Ethereum,1780.1309158153463,214871260313.37488,15483367508.831018,,2026-07-07 13:00:26.722+00
ethereum,eth,Ethereum,1767.753594183395,213396205732.47034,14686379048.370731,,2026-07-07 14:01:46.812+00
ethereum,eth,Ethereum,1788.8196065699944,215759881380.57126,12529590631.820417,,2026-07-07 15:02:00.467+00
ethereum,eth,Ethereum,1795.2593211078008,216684861704.62668,11075409805.696402,,2026-07-07 16:00:40.211+00
ethereum,eth,Ethereum,1800.6716884235193,217411041759.5697,10605242209.915865,,2026-07-07 17:00:49.539+00
ethereum,eth,Ethereum,1808.345432717781,218222974960.64667,9756424682.097527,,2026-07-07 18:02:17.748+00
ethereum,eth,Ethereum,1786.1028648737004,215633786253.64233,10446309499.30651,,2026-07-07 19:00:33.679+00
ethereum,eth,Ethereum,1788.730695858223,215849856523.60773,10159569027.4554,,2026-07-07 20:01:15.976+00
ethereum,eth,Ethereum,1782.1436075987913,215002378837.35562,10801624388.024084,,2026-07-07 21:00:39.14+00
ethereum,eth,Ethereum,1772.7048650748416,213864357318.7758,10037957554.018757,,2026-07-07 22:00:24.531+00
ethereum,eth,Ethereum,1774.5483796563149,214160453032.7909,9897086287.694237,,2026-07-07 23:02:03.627+00
ethereum,eth,Ethereum,1768.0391167276503,213427955656.9855,9860662402.323156,,2026-07-08 00:01:25.742+00
ethereum,eth,Ethereum,1778.6046182769355,214667669949.78644,9310079929.781607,,2026-07-08 01:01:53.343+00
ethereum,eth,Ethereum,1754.735024215984,211767100047.67963,10016664273.661125,,2026-07-08 02:01:40.389+00
ethereum,eth,Ethereum,1756.079925668831,211892400795.2243,10166937243.783371,,2026-07-08 03:01:23.325+00
ethereum,eth,Ethereum,1749.9905752466248,211182647452.25818,9410722289.716259,,2026-07-08 04:00:57.907+00
ethereum,eth,Ethereum,1754.2615926841574,211647857500.03418,9541757317.245716,,2026-07-08 05:02:40.799+00
ethereum,eth,Ethereum,1752.1075116672912,211476188351.11282,9377861566.607716,,2026-07-08 06:02:33.575+00
ethereum,eth,Ethereum,1750.1046003270196,211239635629.3725,9873273428.992527,,2026-07-08 07:02:34.361+00
ethereum,eth,Ethereum,1754.474849060159,211716349314.75516,9303687188.410753,,2026-07-08 08:02:16.697+00
ethereum,eth,Ethereum,1733.8993063844769,209281369379.3861,10081650438.08892,,2026-07-08 09:00:35.715+00
ethereum,eth,Ethereum,1734.922322945546,209386670527.21954,10709442950.562534,,2026-07-08 10:00:48.37+00
ethereum,eth,Ethereum,1737.4891091103698,209693512723.29083,10690861420.228151,,2026-07-08 11:00:52.162+00
ethereum,eth,Ethereum,1746.3549073530905,210750482699.3405,10224622813.240349,,2026-07-08 12:01:27.397+00
ethereum,eth,Ethereum,1738.0001942941158,209873232988.90054,11058268892.5591,,2026-07-08 13:02:07.867+00
ethereum,eth,Ethereum,1734.838721143931,209205798540.4572,11201315962.234339,,2026-07-08 14:01:38.761+00
ethereum,eth,Ethereum,1728.0987493325872,208547232352.53607,11160115525.498016,,2026-07-08 15:01:07.679+00
ethereum,eth,Ethereum,1721.280459656532,207670729324.795,11223097075.521254,,2026-07-08 16:01:37.612+00
ethereum,eth,Ethereum,1734.2891912865482,209330870451.14383,10599534884.065659,,2026-07-08 17:00:37.726+00
ethereum,eth,Ethereum,1730.9918349334714,208878459190.7881,10567596341.313766,,2026-07-08 18:01:49.048+00
ethereum,eth,Ethereum,1735.3664544858598,209429144773.238,11065870850.602037,,2026-07-08 19:02:01.831+00
ethereum,eth,Ethereum,1738.3303177702646,209694458166.86072,10773333161.540394,,2026-07-08 20:01:28.781+00
ethereum,eth,Ethereum,1734.9787144447841,209374428956.318,10091425459.538996,,2026-07-08 21:01:18.349+00
ethereum,eth,Ethereum,1737.179883175117,209716029834.35767,10441354201.184916,,2026-07-08 22:00:04.567+00
ethereum,eth,Ethereum,1739.0929129131569,209861922009.65726,10445031985.842165,,2026-07-08 23:02:26.241+00
ethereum,eth,Ethereum,1742.5277253393804,210315732457.39374,9714367328.167843,,2026-07-09 00:00:19.294+00
ethereum,eth,Ethereum,1736.8146240191725,209564567552.0296,10272341333.492212,,2026-07-09 01:00:31.392+00
ethereum,eth,Ethereum,1730.2480329651873,208865032936.9421,9646468278.618492,,2026-07-09 02:01:12.622+00
ethereum,eth,Ethereum,1726.2185566424512,208303442616.4051,9073322175.397081,,2026-07-09 03:01:35.225+00
ethereum,eth,Ethereum,1729.2151463745454,208688106961.0086,9194488587.018976,,2026-07-09 04:02:39.423+00
ethereum,eth,Ethereum,1741.1055260515684,210063929444.85306,9259675752.319134,,2026-07-09 05:02:40.955+00
ethereum,eth,Ethereum,1746.9285802837064,210813529648.03833,9280521803.804596,,2026-07-09 06:02:30.607+00
ethereum,eth,Ethereum,1752.0494832790998,211437927844.41397,9412838431.422935,,2026-07-09 07:00:12.358+00
ethereum,eth,Ethereum,1751.6287250907483,211391634324.49686,10229357612.646463,,2026-07-09 08:00:18.074+00
ethereum,eth,Ethereum,1752.855194050435,211525721971.69708,9393688663.440216,,2026-07-09 09:01:16.241+00
ethereum,eth,Ethereum,1753.7624805890061,211691222616.36185,469588227.5496743,,2026-07-09 10:00:08.007+00
ethereum,eth,Ethereum,1744.4716445267977,210516915716.66074,7956792401.541642,,2026-07-09 11:00:23.85+00
ethereum,eth,Ethereum,1742.8054322449148,210327423834.74356,7904737574.820938,,2026-07-09 12:00:21.753+00
ethereum,eth,Ethereum,1740.5972271795376,210090125120.57727,8761796978.020285,,2026-07-09 13:00:04.144+00
ethereum,eth,Ethereum,1745.8231033762654,210637754889.79587,8588839101.949713,,2026-07-09 14:01:32.117+00
ethereum,eth,Ethereum,1740.7563910404926,210021874013.17374,8272748761.6312685,,2026-07-09 15:00:15.277+00
ethereum,eth,Ethereum,1738.3849050263266,209719258083.58008,7689072215.891359,,2026-07-09 16:01:20.337+00
ethereum,eth,Ethereum,1737.3184342791153,209632341664.507,7531658670.215849,,2026-07-09 17:01:25.006+00
ethereum,eth,Ethereum,1746.7778099028794,210792697355.11404,6875724181.779544,,2026-07-09 18:01:34.437+00
ethereum,eth,Ethereum,1749.596453820604,211139098883.58954,6889123578.554566,,2026-07-09 19:01:38.71+00
ethereum,eth,Ethereum,1746.9638970442402,210887673940.86447,7546449250.56238,,2026-07-09 20:01:37.298+00
ethereum,eth,Ethereum,1747.3908073204411,210802403219.3061,7501890137.071125,,2026-07-09 21:00:19.599+00
ethereum,eth,Ethereum,1747.0993414462796,210825828083.3828,6919992404.559971,,2026-07-09 22:01:06.333+00
ethereum,eth,Ethereum,1746.6198586613527,210808951006.8661,6868083833.902207,,2026-07-09 23:01:21.471+00
ethereum,eth,Ethereum,1744.7927286310846,210594050441.23355,7571444274.447733,,2026-07-10 00:01:18.619+00
ethereum,eth,Ethereum,1740.9136541564749,210039935061.6214,7614602052.310745,,2026-07-10 01:00:32.923+00
ethereum,eth,Ethereum,1766.3531443147344,213284162526.85965,7239121282.681422,,2026-07-10 02:01:11.025+00
ethereum,eth,Ethereum,1771.8866004466786,213876757689.32114,7307852602.498128,,2026-07-10 03:01:09.498+00
ethereum,eth,Ethereum,1774.1355066294097,214080063362.99854,7268224441.869457,,2026-07-10 04:00:55.066+00
ethereum,eth,Ethereum,1773.1735304745862,214012537266.25266,8104410459.5461445,,2026-07-10 05:00:32.911+00
ethereum,eth,Ethereum,1777.4800906355413,214495756169.10297,7679208988.314568,,2026-07-10 06:01:59.665+00
ethereum,eth,Ethereum,1769.597972958507,213541875030.69678,7644301440.282617,,2026-07-10 07:01:35.264+00
ethereum,eth,Ethereum,1771.9120527126631,213818237783.5789,8102567216.815103,,2026-07-10 08:00:44.507+00
ethereum,eth,Ethereum,1783.3572132988936,215229741303.2773,7638567600.519151,,2026-07-10 09:01:18.044+00
ethereum,eth,Ethereum,1791.115505551931,216134472558.94943,7731771542.099672,,2026-07-10 10:01:32.64+00
ethereum,eth,Ethereum,1796.4290994708465,216832374599.1194,8655170745.0082,,2026-07-10 11:00:51.864+00
ethereum,eth,Ethereum,1798.7864889654634,217051482722.5601,8765855122.621613,,2026-07-10 12:01:52.3+00
ethereum,eth,Ethereum,1792.9770897551357,216375293566.46335,7938741540.2944975,,2026-07-10 13:01:13.761+00
ethereum,eth,Ethereum,1802.9136994860864,217569413882.27307,8031025273.762493,,2026-07-10 14:01:14.427+00
ethereum,eth,Ethereum,1783.73691865926,215279390244.653,8312662828.346866,,2026-07-10 15:01:16.899+00
ethereum,eth,Ethereum,1789.297724783858,215911535306.11005,8989247169.811687,,2026-07-10 16:01:19.699+00
ethereum,eth,Ethereum,1795.558036826024,216595976987.3249,9145093680.182596,,2026-07-10 17:01:15.136+00
ethereum,eth,Ethereum,1787.8656374972718,215807797819.75244,9055684013.058813,,2026-07-10 18:00:50.039+00
ethereum,eth,Ethereum,1783.4778869367472,215175522272.7674,8934175135.484797,,2026-07-10 19:01:19.771+00
ethereum,eth,Ethereum,1791.7759108531636,216257734209.3087,9038191381.222696,,2026-07-10 20:00:47.68+00
ethereum,eth,Ethereum,1789.5279124853355,215950513884.07568,9161533040.323908,,2026-07-10 21:00:50.019+00
ethereum,eth,Ethereum,1792.8591087083444,216352050492.9159,9107513612.355064,,2026-07-10 22:00:51.92+00
ethereum,eth,Ethereum,1794.1593846544615,216535760550.2351,9118753950.793833,,2026-07-10 23:01:24.21+00
ethereum,eth,Ethereum,1795.6305220955405,216665658259.77393,8403055140.801681,,2026-07-11 00:01:27.054+00
ethereum,eth,Ethereum,1792.0510038217267,216254780324.57806,8316317975.656761,,2026-07-11 01:01:19.438+00
ethereum,eth,Ethereum,1788.6001053670473,216000319750.9659,7931633348.5760975,,2026-07-11 02:01:01.268+00
ethereum,eth,Ethereum,1794.385658302769,216577356138.09454,8331030902.628245,,2026-07-11 03:00:37.736+00
ethereum,eth,Ethereum,1796.0498235632817,216753686074.18954,8223720977.973301,,2026-07-11 04:02:02.861+00
ethereum,eth,Ethereum,1794.9394715766764,216618815670.97055,7429286039.031821,,2026-07-11 05:00:32.861+00
ethereum,eth,Ethereum,1798.0879616265242,216994782346.2469,7718570820.123378,,2026-07-11 06:01:35.734+00
ethereum,eth,Ethereum,1797.9543587193173,217000577980.34088,6992685339.602233,,2026-07-11 07:00:28.55+00
ethereum,eth,Ethereum,1798.2045145546997,216998686301.4109,6993930765.785953,,2026-07-11 08:00:12.075+00
ethereum,eth,Ethereum,1799.8879555686838,217213973623.88818,6791382698.070131,,2026-07-11 09:00:34.168+00
ethereum,eth,Ethereum,1795.439671823337,216742511090.31985,7283990424.016431,,2026-07-11 10:00:53.022+00
ethereum,eth,Ethereum,1796.684694226741,216838426969.38098,6321463676.834715,,2026-07-11 11:01:27.031+00
ethereum,eth,Ethereum,1798.8419576084625,217074750843.28513,5902390811.118151,,2026-07-11 12:01:30.277+00
ethereum,eth,Ethereum,1798.7495450066885,217091210622.82925,5707573109.26366,,2026-07-11 13:00:58.399+00
ethereum,eth,Ethereum,1800.9165558005375,217352078031.56708,5402760308.955447,,2026-07-11 14:00:30.198+00
ethereum,eth,Ethereum,1810.2526848753614,218490056128.14832,5664123045.585184,,2026-07-11 15:01:50.68+00
ethereum,eth,Ethereum,1813.116533687732,218840962026.68338,6186875353.092753,,2026-07-11 16:01:46.136+00
ethereum,eth,Ethereum,1821.6661537513069,219841863611.8203,6337405821.886178,,2026-07-11 17:00:34.33+00
ethereum,eth,Ethereum,1822.905153313009,220027165452.68475,5606032467.287395,,2026-07-11 18:01:49.355+00
ethereum,eth,Ethereum,1824.9297298498202,220245766562.02963,5698635471.056379,,2026-07-11 19:01:09.861+00
ethereum,eth,Ethereum,1823.0212394563418,219998512188.19916,5749162318.551487,,2026-07-11 20:01:35.498+00
ethereum,eth,Ethereum,1824.8900285172801,220218871741.642,5635764459.537742,,2026-07-11 21:01:09.71+00
ethereum,eth,Ethereum,1822.6913504838528,219974262057.99066,6283298459.076064,,2026-07-11 22:00:17.041+00
ethereum,eth,Ethereum,1812.4350447125369,218719533671.23013,6418606241.720489,,2026-07-11 23:01:42.221+00
ethereum,eth,Ethereum,1787.454628968266,215751971057.7699,6043211829.351723,,2026-07-12 00:01:00.102+00
ethereum,eth,Ethereum,1788.3585374173613,215867476329.93326,7049467525.668788,,2026-07-12 01:00:11.19+00
ethereum,eth,Ethereum,1805.4070237623948,217892317104.3298,6443322258.996274,,2026-07-12 02:00:42.536+00
ethereum,eth,Ethereum,1804.9259128068197,217886147008.80008,6606600526.080684,,2026-07-12 03:01:47.211+00
ethereum,eth,Ethereum,1809.592234341957,218380626463.6306,6637244446.101736,,2026-07-12 04:00:52.261+00
ethereum,eth,Ethereum,1803.771852380051,217661246005.86533,6668944351.711101,,2026-07-12 05:00:14.84+00
ethereum,eth,Ethereum,1802.7118261017283,217546423286.9036,6638286637.483224,,2026-07-12 06:01:16.027+00
ethereum,eth,Ethereum,1794.4161988673998,216570373307.3589,6637809730.296861,,2026-07-12 07:01:46.666+00
ethereum,eth,Ethereum,1797.3465323405278,216899323872.35477,6580070075.922477,,2026-07-12 08:01:47.513+00
ethereum,eth,Ethereum,1803.9975421402182,217719566448.09518,6600601772.793723,,2026-07-12 09:01:48.804+00
ethereum,eth,Ethereum,1801.4643261784342,217409652327.84375,7208965992.728249,,2026-07-12 10:00:26.636+00
ethereum,eth,Ethereum,1798.1962314706473,217001485844.00595,7342472867.396801,,2026-07-12 11:01:12.845+00
ethereum,eth,Ethereum,1803.2869900929177,217635768891.74756,7160427072.687221,,2026-07-12 12:01:15.095+00
ethereum,eth,Ethereum,1805.87010666302,217938588255.39584,7362523454.176078,,2026-07-12 13:00:52.403+00
ethereum,eth,Ethereum,1805.0513768731414,217845541415.5742,6620229364.458059,,2026-07-12 14:00:19.5+00
ethereum,eth,Ethereum,1818.8736048543453,219441663067.91025,6322898544.305837,,2026-07-12 15:00:35.488+00
ethereum,eth,Ethereum,1820.0452840160829,219689774237.26166,6801500789.464917,,2026-07-12 16:01:25.27+00
ethereum,eth,Ethereum,1821.3794519534988,219726057489.4051,6683240216.081725,,2026-07-12 17:00:02.686+00
ethereum,eth,Ethereum,1817.3812925463203,219309337756.2938,5891072302.614718,,2026-07-12 18:00:10.239+00
ethereum,eth,Ethereum,1820.3383757095564,219680611620.2602,5838767624.041328,,2026-07-12 19:01:40.275+00
ethereum,eth,Ethereum,1820.671757980193,219717982452.60773,6359318581.164141,,2026-07-12 20:01:08.551+00
ethereum,eth,Ethereum,1818.6804176206406,219486607448.1022,5679467312.9002905,,2026-07-12 20:23:36+00
ethereum,eth,Ethereum,1865.77,225149557205.0,7158749076.0,-0.7,2026-08-03 21:39:29.712892+00
ethereum,eth,Ethereum,1866.29,225206495214.0,7164453794.0,-0.7,2026-08-03 21:40:57.980624+00
ethereum,eth,Ethereum,1866.95,225330825239.0,7164413299.0,-0.7,2026-08-03 21:42:31.994384+00
ethereum,eth,Ethereum,1866.94,225304600393.0,7161607315.0,-0.7,2026-08-03 21:43:56.684236+00
ethereum,eth,Ethereum,1866.36,225285450633.0,7133876792.0,-0.7,2026-08-03 21:45:28.803448+00
ethereum,eth,Ethereum,1866.55,225264407871.0,7129058868.0,-0.7,2026-08-03 21:46:59.284276+00
ethereum,eth,Ethereum,1866.34,225223005440.0,7113098161.0,-0.7,2026-08-03 21:48:26.608433+00
ethereum,eth,Ethereum,1866.18,225213976901.0,7107931700.0,-0.7,2026-08-03 21:49:59.281024+00
ethereum,eth,Ethereum,1866.12,225215263541.0,7099191715.0,-0.7,2026-08-03 21:51:28.017008+00
ethereum,eth,Ethereum,1866.15,225206426759.0,7095818750.0,-0.7,2026-08-03 21:52:58.538575+00
ethereum,eth,Ethereum,1866.02,225213777555.0,7065953261.0,-0.7,2026-08-03 21:54:26.769424+00
ethereum,eth,Ethereum,1865.21,225097937504.0,7087199795.0,-0.7,2026-08-03 21:55:59.231005+00
ethereum,eth,Ethereum,1862.82,224858756490.0,7078410850.0,-0.7,2026-08-03 21:57:27.606964+00
ethereum,eth,Ethereum,1862.72,224796707623.0,7080703639.0,-0.7,2026-08-03 21:58:56.396474+00
ethereum,eth,Ethereum,1862.21,224774701508.0,7074489483.0,-1.0,2026-08-03 22:00:32.133416+00
ethereum,eth,Ethereum,1862.56,224736266740.0,7076661378.0,-1.0,2026-08-03 22:01:57.095076+00
ethereum,eth,Ethereum,1862.44,224770572128.0,7024365615.0,-1.0,2026-08-03 22:03:26.58533+00
ethereum,eth,Ethereum,1858.2,224376739410.0,7017190251.0,-1.0,2026-08-03 22:05:04.223854+00
ethereum,eth,Ethereum,1858.45,224177576691.0,7012403260.0,-1.0,2026-08-03 22:06:30.648964+00
ethereum,eth,Ethereum,1855.84,224115268953.0,7011312400.0,-1.0,2026-08-03 22:07:59.822197+00
ethereum,eth,Ethereum,1854.31,223662554904.0,7022487592.0,-1.0,2026-08-03 22:09:26.882278+00
ethereum,eth,Ethereum,1855.16,223837347811.0,7025870553.0,-1.0,2026-08-03 22:11:04.440586+00
solana,sol,Solana,83.53888288965328,48049938063.780334,5265320193.087472,,2026-04-14 21:00:22.876+00
solana,sol,Solana,83.79970939566469,48160506220.04218,5324843642.037783,,2026-04-14 22:00:45.611+00
solana,sol,Solana,83.5236347194326,48016337972.77083,5010303786.97939,,2026-04-14 23:00:22.888+00
solana,sol,Solana,83.75779568198683,48174673566.936005,4744736772.865464,,2026-04-15 00:00:42.817+00
solana,sol,Solana,83.78197801053042,48186830959.52571,4624249177.4344845,,2026-04-15 01:00:40.23+00
solana,sol,Solana,83.92856448394802,48270678074.74072,4600347153.400881,,2026-04-15 02:00:54.223+00
solana,sol,Solana,83.3918550816786,47963573785.4919,4545963450.268992,,2026-04-15 03:00:08.832+00
solana,sol,Solana,83.42619272544955,47973618420.078735,4523394282.086922,,2026-04-15 04:00:36.436+00
solana,sol,Solana,83.60799747814336,48069237972.450005,4490111140.335703,,2026-04-15 05:01:17.9+00
solana,sol,Solana,83.12551710951298,47777078199.3541,4533587683.257665,,2026-04-15 06:00:39.567+00
solana,sol,Solana,83.02610117219187,47746707393.96334,4506695832.190122,,2026-04-15 07:01:00.19+00
solana,sol,Solana,82.95994448540293,47713773169.55165,4494409858.013009,,2026-04-15 08:00:18.13+00
solana,sol,Solana,83.15226418539027,47838432581.79889,4483304775.566727,,2026-04-15 09:00:45.531+00
solana,sol,Solana,83.16986804984711,47814585983.047844,4510623761.187479,,2026-04-15 10:00:21.949+00
solana,sol,Solana,83.33819236617244,47931422408.60103,4484139424.248258,,2026-04-15 11:00:16.36+00
solana,sol,Solana,83.41228081337155,47948601583.07399,4485362058.004925,,2026-04-15 12:00:36.668+00
solana,sol,Solana,83.77164929717425,48180495190.310295,4447167424.538311,,2026-04-15 13:00:21.663+00
solana,sol,Solana,83.42081765763467,47971329912.01236,4261560349.993289,,2026-04-15 14:00:21.699+00
solana,sol,Solana,84.27635754097874,48469939172.61553,4080346732.065128,,2026-04-15 15:00:28.848+00
solana,sol,Solana,83.95351276689264,48279892332.13482,3948899171.416211,,2026-04-15 16:00:36.963+00
solana,sol,Solana,84.58216183816738,48646438516.6561,3884021788.5784907,,2026-04-15 17:00:34.292+00
solana,sol,Solana,84.68600330040508,48716665868.938156,3906970167.1175632,,2026-04-15 18:00:32.626+00
solana,sol,Solana,85.03788657229697,48912174863.62916,3825570931.6190004,,2026-04-15 19:01:04.853+00
solana,sol,Solana,85.50910927819409,49185905761.30419,3826295459.578549,,2026-04-15 20:00:50.215+00
solana,sol,Solana,84.81504023063906,48791957884.109886,3817921713.929152,,2026-04-15 21:00:45.726+00
solana,sol,Solana,84.81275957791429,48779234863.52261,3832058449.1196795,,2026-04-15 22:00:01.014+00
solana,sol,Solana,85.07409427947628,48940872960.69355,3798147187.586446,,2026-04-15 23:00:48.507+00
solana,sol,Solana,84.93074653385118,48858732978.93805,3775501527.8657737,,2026-04-16 00:00:43.226+00
solana,sol,Solana,84.92657313713948,48850829226.2886,3663329132.6311164,,2026-04-16 01:00:33.805+00
solana,sol,Solana,84.83468136658136,48802816501.67643,3618318762.0076814,,2026-04-16 02:00:38.266+00
solana,sol,Solana,85.18587659405864,48978740457.003395,3614695490.939201,,2026-04-16 03:00:35.157+00
solana,sol,Solana,85.31619455251868,49091320721.01849,3672192494.2247863,,2026-04-16 04:01:14.57+00
solana,sol,Solana,85.22792420509133,49004337044.817184,3692838670.60739,,2026-04-16 05:00:23.526+00
solana,sol,Solana,85.39218558838328,49119723051.446884,3605053362.3058567,,2026-04-16 06:00:09.283+00
solana,sol,Solana,85.43153576937105,49146381799.52412,3614948403.7706356,,2026-04-16 07:00:49.114+00
solana,sol,Solana,85.24595317371073,49038707560.996185,3528117079.2643976,,2026-04-16 08:00:34.059+00
solana,sol,Solana,85.07504209536904,48983856084.05297,3602430498.0571504,,2026-04-16 09:00:50.233+00
solana,sol,Solana,85.28934860320145,49068570095.54424,3619507316.1157064,,2026-04-16 10:00:38.938+00
solana,sol,Solana,85.08188198248044,48945839871.30837,3640201120.176557,,2026-04-16 11:00:26.045+00
solana,sol,Solana,85.05040657029548,48921656086.55893,3570993360.7854853,,2026-04-16 12:00:37.029+00
solana,sol,Solana,85.36950493343303,49093889302.026985,3530861222.863112,,2026-04-16 13:00:57.895+00
solana,sol,Solana,84.61361716402875,48542437498.44513,3666831385.999859,,2026-04-16 14:00:32.004+00
solana,sol,Solana,85.31552022586337,49191979062.86711,3823701366.8072443,,2026-04-16 15:00:12.126+00
solana,sol,Solana,86.63885590073042,49854538178.48339,4071657825.5555406,,2026-04-16 16:00:48.448+00
solana,sol,Solana,85.97133699391841,49370944570.64268,4167309179.176972,,2026-04-16 17:00:44.932+00
solana,sol,Solana,86.61408779383271,49653998970.93868,4169984725.1376357,,2026-04-16 18:00:23.747+00
solana,sol,Solana,88.87478089561607,51139416207.249756,4410299187.9922085,,2026-04-16 19:00:45.269+00
solana,sol,Solana,90.03323530841223,51792231679.035,5149656363.221756,,2026-04-16 20:00:42.488+00
solana,sol,Solana,89.61512931178261,51551501122.27902,5351029103.768226,,2026-04-16 21:00:42.16+00
solana,sol,Solana,88.93433325674104,51152395843.48567,5438389709.465249,,2026-04-16 22:00:06.561+00
solana,sol,Solana,89.03957174809075,51221186246.36024,5436155109.2291975,,2026-04-16 23:00:58.341+00
solana,sol,Solana,88.98682546911486,51190830617.59945,5451132606.154013,,2026-04-17 00:00:35.21+00
solana,sol,Solana,88.78760203920031,51068833279.34092,5472162022.856575,,2026-04-17 01:00:45.81+00
solana,sol,Solana,87.97447509270306,50611853634.454216,5553827917.02233,,2026-04-17 02:00:19.125+00
solana,sol,Solana,87.8386429543372,50509928839.82195,5567371042.585384,,2026-04-17 03:01:21.423+00
solana,sol,Solana,87.73091748581346,50465983395.57293,5193860517.13893,,2026-04-17 04:00:23.647+00
solana,sol,Solana,88.02238813697767,50636372172.87091,5576695928.952424,,2026-04-17 05:01:00.792+00
solana,sol,Solana,87.4635732606343,50337418318.38653,5596562373.681294,,2026-04-17 06:01:05.95+00
solana,sol,Solana,87.97211514784335,50617742561.44139,5545100681.416837,,2026-04-17 07:00:54.93+00
solana,sol,Solana,88.09605632510026,50648636857.07118,5616223194.181303,,2026-04-17 08:01:10.813+00
solana,sol,Solana,88.9254046756693,51155759628.5184,5749681683.536519,,2026-04-17 09:01:05.158+00
solana,sol,Solana,88.66781125876386,50992287614.146484,5878945605.188361,,2026-04-17 10:00:34.25+00
solana,sol,Solana,87.65634709225932,50425237279.20011,5947997206.735266,,2026-04-17 11:01:19.242+00
solana,sol,Solana,88.233902333666,50755532227.60391,5997081200.774557,,2026-04-17 12:00:27.562+00
solana,sol,Solana,88.84371801323552,51076272493.95646,6097783934.595973,,2026-04-17 13:01:04.712+00
solana,sol,Solana,90.13120510386327,51776651131.81744,6889096873.115425,,2026-04-17 14:00:37.348+00
solana,sol,Solana,90.07862601535801,51863407769.43627,7024817565.022364,,2026-04-17 15:01:01.355+00
solana,sol,Solana,89.97060972780233,51768189603.076935,6132019831.508892,,2026-04-17 16:01:19.344+00
solana,sol,Solana,90.31635437590761,51966292911.04946,6856717950.974766,,2026-04-17 17:01:06.742+00
solana,sol,Solana,89.73854754240506,51641013110.15069,6889857542.013031,,2026-04-17 18:00:30.942+00
solana,sol,Solana,89.20983455474718,51320924336.50153,6403615728.275995,,2026-04-17 19:00:56.15+00
solana,sol,Solana,89.32723279889237,51367348729.66605,6107924510.954476,,2026-04-17 20:00:50.837+00
solana,sol,Solana,88.97404575376693,51179539180.3899,5802984523.86979,,2026-04-17 21:01:00.188+00
solana,sol,Solana,89.16347901271946,51297984421.602554,5701433780.108438,,2026-04-17 22:01:04.018+00
solana,sol,Solana,89.34121048368951,51406588687.36333,5679948804.605911,,2026-04-17 23:00:38.254+00
solana,sol,Solana,88.83586147228871,51107677003.90866,5611421028.014333,,2026-04-18 00:00:12.467+00
solana,sol,Solana,88.96375092519756,51266740253.73972,5590140794.96052,,2026-04-18 01:00:47.808+00
solana,sol,Solana,88.8251632525657,51108388561.087776,5484574564.344627,,2026-04-18 02:00:16.553+00
solana,sol,Solana,88.95418375969267,51173104451.52007,5393387175.3973055,,2026-04-18 03:00:38.56+00
solana,sol,Solana,88.70715881965147,51083202585.25504,5367356423.953972,,2026-04-18 04:00:21.546+00
solana,sol,Solana,88.43672620991985,50894967172.75783,5359463509.931359,,2026-04-18 05:01:00.122+00
solana,sol,Solana,88.41756360677783,50855171359.82083,5349544786.188925,,2026-04-18 06:00:19.469+00
solana,sol,Solana,88.53631179100402,50953334956.59676,5338154816.4871235,,2026-04-18 07:00:56.197+00
solana,sol,Solana,88.45727941067473,50898497740.75435,5261873213.583516,,2026-04-18 08:00:25.636+00
solana,sol,Solana,87.52644911716114,50295882034.19012,5267923091.31049,,2026-04-18 09:00:36.805+00
solana,sol,Solana,87.59584164313796,50362867575.14177,5180917972.740239,,2026-04-18 10:00:22.466+00
solana,sol,Solana,86.91677648707451,49995196948.21196,5089374139.9947,,2026-04-18 11:00:38.964+00
solana,sol,Solana,86.5945773526101,49800719841.643585,5145744417.04394,,2026-04-18 12:00:57.577+00
solana,sol,Solana,86.91569574298296,50009873769.04737,5065036976.901029,,2026-04-18 13:01:04.441+00
solana,sol,Solana,86.7689742657457,49931967888.763565,4080826348.403953,,2026-04-18 14:00:15.445+00
solana,sol,Solana,86.8135606812752,49949791812.30013,3678410188.280766,,2026-04-18 15:00:24.878+00
solana,sol,Solana,86.7416235830876,49911751044.13625,3409357532.270829,,2026-04-18 16:00:16.511+00
solana,sol,Solana,86.64104587564111,49848430524.92669,3266350041.349025,,2026-04-18 17:00:46.226+00
solana,sol,Solana,86.80290537326316,49944560298.947365,3074554262.8923774,,2026-04-18 18:00:18.665+00
solana,sol,Solana,85.94623977363682,49456875755.00647,3038125421.5724983,,2026-04-18 19:00:55.053+00
solana,sol,Solana,86.16296389865573,49574512877.22083,2964697369.8041034,,2026-04-18 20:00:50.589+00
solana,sol,Solana,86.22634148736817,49609750329.60938,2881927021.337777,,2026-04-18 21:00:26.826+00
solana,sol,Solana,86.22063703135125,49596932544.11154,2840752801.080082,,2026-04-18 22:00:45.452+00
solana,sol,Solana,86.31739003423552,49663185157.14354,2629976255.3990164,,2026-04-18 23:00:43.447+00
solana,sol,Solana,86.17902122641077,49585975363.85864,2770425737.055441,,2026-04-19 00:00:16.386+00
solana,sol,Solana,86.0180092194508,49516658156.12684,2763666164.1853004,,2026-04-19 01:00:40.091+00
solana,sol,Solana,85.7534979567688,49334630603.17442,2761021862.9813743,,2026-04-19 02:00:10.772+00
solana,sol,Solana,85.58654194016789,49260457216.999466,2814133925.3107815,,2026-04-19 03:01:16.138+00
solana,sol,Solana,85.62243229770256,49301177359.935234,2788801958.1321974,,2026-04-19 04:00:07.77+00
solana,sol,Solana,85.57247000139255,49236964111.468056,2786844767.017304,,2026-04-19 05:00:49.495+00
solana,sol,Solana,85.52402989664294,49209304432.27008,2762311281.052065,,2026-04-19 06:01:06.936+00
solana,sol,Solana,85.45720935669144,49170640481.55952,2793504357.630053,,2026-04-19 07:01:06.302+00
solana,sol,Solana,84.91487537961034,48873396689.270645,2945199545.1226807,,2026-04-19 08:00:26.535+00
solana,sol,Solana,84.79055326318647,48793388227.73147,2807082532.568674,,2026-04-19 09:00:04.928+00
solana,sol,Solana,84.6407583602311,48709011411.93003,2786702311.121912,,2026-04-19 10:00:29.189+00
solana,sol,Solana,84.80461358595626,48795138663.84433,2694962302.5731735,,2026-04-19 11:00:56.527+00
solana,sol,Solana,85.61053896533282,49270687351.59449,2679944040.714728,,2026-04-19 12:00:40.992+00
solana,sol,Solana,85.80612494117611,49353429115.451706,2683832968.834038,,2026-04-19 13:00:48.879+00
solana,sol,Solana,86.3849333569869,49704392833.37649,2789682701.573928,,2026-04-19 14:00:33.654+00
solana,sol,Solana,86.84665977325206,49959262420.66051,2901164959.270144,,2026-04-19 15:00:10.41+00
solana,sol,Solana,86.28488525438725,49653134949.87397,3010413819.793964,,2026-04-19 16:00:23.507+00
solana,sol,Solana,85.96147722288933,49447155272.18858,3021043885.4075685,,2026-04-19 17:00:10.781+00
solana,sol,Solana,85.18083907645213,49056259101.35002,3118265159.7918015,,2026-04-19 18:00:32.271+00
solana,sol,Solana,85.1114889021986,48977979332.00393,3098534700.4226556,,2026-04-19 19:00:45.437+00
solana,sol,Solana,85.32263672812215,49103645614.263145,3125651842.390697,,2026-04-19 20:00:46.839+00
solana,sol,Solana,85.03211241346656,48951344153.34266,3199087424.3558125,,2026-04-19 21:00:48.953+00
solana,sol,Solana,84.87603890292053,48893046735.65445,3233148547.3811884,,2026-04-19 22:00:07.359+00
solana,sol,Solana,83.85968327245591,48267162083.14871,3578689878.0482397,,2026-04-19 23:00:35.569+00
solana,sol,Solana,83.5738484007416,48106340678.33569,3673553808.1174574,,2026-04-20 00:00:49.861+00
solana,sol,Solana,84.04518542727489,48359490156.883354,3771727540.3015084,,2026-04-20 01:00:58.386+00
solana,sol,Solana,84.38064421951835,48606597536.64514,3823038213.7207,,2026-04-20 02:00:45.074+00
solana,sol,Solana,84.23470496157042,48490423211.81029,3805420204.136808,,2026-04-20 03:00:38.962+00
solana,sol,Solana,84.59676037874517,48681513115.03842,3817712701.678991,,2026-04-20 04:00:22.895+00
solana,sol,Solana,84.58708316323182,48670136799.97342,3775288204.4098597,,2026-04-20 05:00:42.735+00
solana,sol,Solana,83.8692554842795,48273698544.009155,3783509896.990308,,2026-04-20 06:00:51.767+00
solana,sol,Solana,84.4565548404995,48575161614.118774,3805350913.3944573,,2026-04-20 07:00:45.573+00
solana,sol,Solana,84.65937095321415,48705179256.668,3820324068.8190165,,2026-04-20 08:00:52.751+00
solana,sol,Solana,84.71641364715067,48749741455.956696,3785586372.9620175,,2026-04-20 09:00:35.727+00
solana,sol,Solana,85.05243821956994,48989464552.54912,3810077083.21118,,2026-04-20 10:00:32.865+00
solana,sol,Solana,84.864951957076,48854247650.33303,3802914442.27175,,2026-04-20 11:00:45.494+00
solana,sol,Solana,85.06020987291505,48982620085.58861,3769503316.421998,,2026-04-20 12:00:32.504+00
solana,sol,Solana,85.30703134860826,49065067881.23198,3792043183.3805213,,2026-04-20 13:00:34.422+00
solana,sol,Solana,85.35104528443314,49118121443.438934,3772570834.1732874,,2026-04-20 14:00:42.516+00
solana,sol,Solana,84.68611144659742,48766359116.67827,3371859885.6881914,,2026-04-20 15:00:56.067+00
solana,sol,Solana,85.550147296578,49199311717.4808,3914916740.4301867,,2026-04-20 16:00:12.299+00
solana,sol,Solana,85.32875671683493,49146504492.345566,3927200222.609426,,2026-04-20 17:00:03.833+00
solana,sol,Solana,85.75333178654849,49346414969.20601,3895229237.4435444,,2026-04-20 18:00:30.601+00
solana,sol,Solana,86.08747944843428,49543239954.84672,3979285790.5878067,,2026-04-20 19:00:54.185+00
solana,sol,Solana,85.96086085271395,49457485294.22623,3976716993.7179065,,2026-04-20 20:01:19.535+00
solana,sol,Solana,85.99110750135365,49487830080.36507,3975867875.1423044,,2026-04-20 21:00:56.837+00
solana,sol,Solana,85.81063612982592,49388489103.114105,3985543298.600479,,2026-04-20 22:00:43.08+00
solana,sol,Solana,85.70962415553743,49319568128.90655,3617669033.976423,,2026-04-20 23:00:59.663+00
solana,sol,Solana,85.32322525072304,49102916734.76123,3570640461.2201595,,2026-04-21 00:00:33.05+00
solana,sol,Solana,85.65826968812462,49304421120.61232,3485176850.7899714,,2026-04-21 01:00:49.683+00
solana,sol,Solana,85.50284538112791,49217086482.561356,3455766034.796259,,2026-04-21 02:00:49.29+00
solana,sol,Solana,85.31594787194571,49102288507.5373,3398289003.3852887,,2026-04-21 03:00:36.971+00
solana,sol,Solana,85.19592613076196,49034419481.58071,3464254499.2208557,,2026-04-21 04:00:52.654+00
solana,sol,Solana,85.44867710237588,49153756982.81524,3493993609.8377166,,2026-04-21 05:00:46.918+00
solana,sol,Solana,85.70213437190908,49321034218.1323,3500836713.534749,,2026-04-21 06:01:11.263+00
solana,sol,Solana,85.73589895385632,49331562357.89127,3493349131.8294945,,2026-04-21 07:01:14.643+00
solana,sol,Solana,85.7590594828604,49359165987.322296,3365458402.902279,,2026-04-21 08:00:19.836+00
solana,sol,Solana,85.87413210053364,49423530501.11011,3359123008.7415724,,2026-04-21 09:00:11.512+00
solana,sol,Solana,85.86439399549117,49414269449.8517,3324726616.448894,,2026-04-21 10:00:16.991+00
solana,sol,Solana,86.26154410757458,49594681244.75113,3296508275.736814,,2026-04-21 11:00:31.326+00
solana,sol,Solana,85.88077415421787,49423619336.583786,3296578602.104344,,2026-04-21 12:00:51.599+00
solana,sol,Solana,85.51752839276682,49203673847.255745,3294629056.663215,,2026-04-21 13:01:03.55+00
solana,sol,Solana,85.7493366747885,49341936359.89581,3244922228.1378407,,2026-04-21 14:00:23.461+00
solana,sol,Solana,86.10953679939874,49577273061.16354,3235064902.31134,,2026-04-21 15:00:25.206+00
solana,sol,Solana,85.9548786805321,49476209496.54498,3181781988.8865457,,2026-04-21 16:00:24.627+00
solana,sol,Solana,85.83482943907966,49429241952.86574,3190905308.6049232,,2026-04-21 17:00:09.686+00
solana,sol,Solana,85.34703178417152,49128940860.34896,3263795684.281209,,2026-04-21 18:01:17.953+00
solana,sol,Solana,85.1066797811782,48929949400.33904,3177612659.4843397,,2026-04-21 19:00:36.315+00
solana,sol,Solana,84.6252535796337,48714488059.54549,3243522133.646108,,2026-04-21 20:00:35.947+00
solana,sol,Solana,85.56195605169705,49234217815.61005,3342578155.9977036,,2026-04-21 21:00:45.305+00
solana,sol,Solana,85.14066028677426,49015047474.94695,3325539023.261229,,2026-04-21 22:00:43.794+00
solana,sol,Solana,85.37368387410707,49122355519.6058,3329978286.8753457,,2026-04-21 23:00:27.684+00
solana,sol,Solana,85.9953015437942,49490383959.5792,3333035559.957764,,2026-04-22 00:00:19.454+00
solana,sol,Solana,86.4474097257251,49756444921.96199,3425862294.1430955,,2026-04-22 01:00:27.494+00
solana,sol,Solana,86.32139566642127,49690135277.523224,3497686965.225002,,2026-04-22 02:00:50.896+00
solana,sol,Solana,87.3932596377346,50305133085.5455,3739597126.848824,,2026-04-22 03:00:54.358+00
solana,sol,Solana,87.29227127594943,50245189278.97369,3788076397.9916306,,2026-04-22 04:00:37.063+00
solana,sol,Solana,87.05578981149681,50097239944.69345,3780060842.431877,,2026-04-22 05:00:41.665+00
solana,sol,Solana,88.09347588968707,50735380566.60339,4024758200.889332,,2026-04-22 06:00:25.879+00
solana,sol,Solana,87.844573642293,50566056584.026085,4044515429.789316,,2026-04-22 07:00:09.791+00
solana,sol,Solana,88.00456112781083,50732005086.3421,4138980016.297135,,2026-04-22 08:00:30.916+00
solana,sol,Solana,88.05519559783338,50610986001.276695,4200052450.302388,,2026-04-22 09:00:37.364+00
solana,sol,Solana,88.32617145167146,50816170129.03303,4316545971.578307,,2026-04-22 10:00:51.253+00
solana,sol,Solana,88.32489656348336,50827867913.694,4315222862.180432,,2026-04-22 11:00:46.554+00
solana,sol,Solana,88.32402250933707,50839806783.49182,4288314292.713302,,2026-04-22 12:00:57.391+00
solana,sol,Solana,88.5941554249853,50992755229.48915,4285717820.133799,,2026-04-22 13:00:59.144+00
solana,sol,Solana,89.05616759381017,51260682132.938934,4472606830.70949,,2026-04-22 14:01:18.91+00
solana,sol,Solana,88.80579196293174,51118723046.94997,4536106824.672015,,2026-04-22 15:00:56.257+00
solana,sol,Solana,88.24857596445574,50892302880.65795,4605103079.781839,,2026-04-22 16:01:03.963+00
solana,sol,Solana,87.65828398210118,50457484088.63223,4669426079.676169,,2026-04-22 17:00:31.108+00
solana,sol,Solana,87.92596386012,50611309400.05654,4594149939.475973,,2026-04-22 18:00:51+00
solana,sol,Solana,87.98973737375887,50812241297.95888,4560383439.832017,,2026-04-22 19:00:41.509+00
solana,sol,Solana,87.37159702363894,50302300276.63548,4561431080.653905,,2026-04-22 20:00:52.294+00
solana,sol,Solana,87.14723553567941,50173678677.2198,4424999663.340719,,2026-04-22 21:00:52.76+00
solana,sol,Solana,87.56138666929863,50406057846.06328,4420355894.591837,,2026-04-22 22:00:04.159+00
solana,sol,Solana,87.43576866515049,50288062311.99194,4397997106.575973,,2026-04-22 23:00:55.117+00
solana,sol,Solana,86.88018196952538,50042314423.84219,4329653135.832521,,2026-04-23 00:00:53.889+00
solana,sol,Solana,86.82727368169678,49970669615.68031,4406176658.145381,,2026-04-23 01:00:48.547+00
solana,sol,Solana,86.44704609809727,49733523409.283356,4459120668.50358,,2026-04-23 02:00:41.087+00
solana,sol,Solana,86.01927193488504,49527850266.23705,4326179225.845611,,2026-04-23 03:00:50.54+00
solana,sol,Solana,85.72198101823238,49342149472.58117,4235679957.0712056,,2026-04-23 04:00:13.952+00
solana,sol,Solana,85.96094121322655,49474375716.051346,4197822605.5855937,,2026-04-23 05:00:27.473+00
solana,sol,Solana,85.8557956384035,49416259423.59955,3759541490.9743643,,2026-04-23 06:00:36.567+00
solana,sol,Solana,86.16073817656226,49530733965.81773,3999583696.883968,,2026-04-23 07:00:21.467+00
solana,sol,Solana,85.91724012840325,49463050743.29895,3887040021.427928,,2026-04-23 08:00:43.845+00
solana,sol,Solana,85.73811898282207,49345210654.82163,3838176530.8107224,,2026-04-23 09:00:18.465+00
solana,sol,Solana,85.51655156159408,49224435459.47819,3754097658.6176496,,2026-04-23 10:00:48.92+00
solana,sol,Solana,85.41710877501329,49168457890.38021,3784059523.5976343,,2026-04-23 11:00:15.212+00
solana,sol,Solana,85.83060482757035,49422463213.63864,3816773908.9429746,,2026-04-23 12:00:29.662+00
solana,sol,Solana,85.92457076087334,49450328046.518425,3809868767.3652716,,2026-04-23 13:00:44.714+00
solana,sol,Solana,85.78271190411631,49369050977.41308,3669009640.5689406,,2026-04-23 14:00:37.934+00
solana,sol,Solana,86.1143280953148,49587006376.48184,3521418261.9919996,,2026-04-23 15:01:13.44+00
solana,sol,Solana,86.37482085046591,49758826335.670906,3560904269.520011,,2026-04-23 16:00:11.051+00
solana,sol,Solana,85.88210322005473,49459917928.86538,3529335014.726329,,2026-04-23 17:00:33.053+00
solana,sol,Solana,85.01845652029454,48897141854.85825,3742090375.881144,,2026-04-23 18:00:29.165+00
solana,sol,Solana,85.5048630919864,49192290842.88408,3872393269.591178,,2026-04-23 19:00:13.211+00
solana,sol,Solana,85.49013900118659,49221429185.09921,3892304285.2224855,,2026-04-23 20:00:20.12+00
solana,sol,Solana,85.6534925925785,49317267627.36734,3943452034.929833,,2026-04-23 21:00:19.642+00
solana,sol,Solana,85.95277485300025,49498699977.164505,3954178106.286868,,2026-04-23 22:00:49.925+00
solana,sol,Solana,86.12330595469264,49591608679.62973,3983016156.947752,,2026-04-23 23:00:41.277+00
solana,sol,Solana,86.13597317248104,49577059579.71934,3975734748.8216114,,2026-04-24 00:00:40.767+00
solana,sol,Solana,86.20312613569114,49623499851.511536,3820094489.4624176,,2026-04-24 01:00:13.424+00
solana,sol,Solana,86.3051371476626,49656461292.54302,3760385359.193121,,2026-04-24 02:00:45.731+00
solana,sol,Solana,85.90887634118008,49453447629.990135,3681459817.208095,,2026-04-24 03:00:43.034+00
solana,sol,Solana,85.60444018005099,49280510520.437454,3642720842.154906,,2026-04-24 04:00:51.645+00
solana,sol,Solana,85.38272384565718,49167160856.293,3634163918.0474596,,2026-04-24 05:00:44.95+00
solana,sol,Solana,85.71334872167617,49348047575.66771,3642702503.4315524,,2026-04-24 06:00:22.712+00
solana,sol,Solana,85.48715276510744,49224860062.47208,3603839725.0583825,,2026-04-24 07:00:58.966+00
solana,sol,Solana,85.4441847174816,49194810052.70083,3597895646.6384544,,2026-04-24 08:00:53.554+00
solana,sol,Solana,85.44266352308317,49201005664.37562,3587560489.923686,,2026-04-24 09:00:48.606+00
solana,sol,Solana,85.30956962278982,49111304430.31498,3586418771.8559785,,2026-04-24 10:00:48.666+00
solana,sol,Solana,85.7386485150545,49349775989.58796,3565827737.1418586,,2026-04-24 11:00:55.867+00
solana,sol,Solana,86.16081313450857,49582326689.4395,3653174610.1770635,,2026-04-24 12:01:03.692+00
solana,sol,Solana,86.2487704759466,49627419594.007126,3757961033.9063935,,2026-04-24 13:00:54.908+00
solana,sol,Solana,86.02699598645307,49514627880.1612,3772544071.206318,,2026-04-24 14:00:44.816+00
solana,sol,Solana,85.97173524971907,49496737469.97842,3765308177.4486947,,2026-04-24 15:00:29.104+00
solana,sol,Solana,86.49042651821405,49770320734.93136,3673192280.6878366,,2026-04-24 16:00:47.82+00
solana,sol,Solana,86.31351464700137,49693295308.419266,3595070242.302429,,2026-04-24 17:01:17.009+00
solana,sol,Solana,86.4741642326993,49800830727.21295,3285817789.6197877,,2026-04-24 18:00:40.234+00
solana,sol,Solana,86.37712562729891,49724366547.051575,3170861860.7218175,,2026-04-24 19:00:13.154+00
solana,sol,Solana,86.31827864157631,49691310928.78195,3032084554.611672,,2026-04-24 20:00:27.922+00
solana,sol,Solana,86.86190061581584,50011653450.418335,3028858664.153823,,2026-04-24 21:00:47.635+00
solana,sol,Solana,86.4970125250285,49796640063.566795,3029521868.490729,,2026-04-24 22:00:37.317+00
solana,sol,Solana,86.18320326014552,49622138868.53543,2993913713.2144475,,2026-04-24 23:00:51.864+00
solana,sol,Solana,86.21697306347761,49639088898.2636,2940983190.8937225,,2026-04-25 00:00:40.951+00
solana,sol,Solana,86.25770190761143,49662755450.49171,2901637318.983836,,2026-04-25 01:00:41.318+00
solana,sol,Solana,86.28545236135088,49686932043.52305,2864100591.511004,,2026-04-25 02:00:53.131+00
solana,sol,Solana,86.28297751572788,49685658909.39271,2844905659.197365,,2026-04-25 03:00:51.21+00
solana,sol,Solana,86.48806952611123,49797560234.96496,2773986930.2859807,,2026-04-25 04:00:04.238+00
solana,sol,Solana,86.34378931492904,49706557677.73528,2714374341.925582,,2026-04-25 05:00:19.526+00
solana,sol,Solana,86.21275202998818,49630906990.45791,2627482454.3665295,,2026-04-25 06:01:08.623+00
solana,sol,Solana,86.51166721329447,49799916927.47316,2607560024.0708046,,2026-04-25 07:01:02.32+00
solana,sol,Solana,86.41595034335099,49758588653.88201,2584377538.1099796,,2026-04-25 08:00:24.416+00
solana,sol,Solana,86.61036008353277,49862730940.47621,2554982879.5871534,,2026-04-25 09:00:48.177+00
solana,sol,Solana,86.68406124845804,49944708375.14305,2486349475.4554696,,2026-04-25 10:00:23.587+00
solana,sol,Solana,86.60921861628817,49864312405.04257,2415060314.5546803,,2026-04-25 11:00:54.241+00
solana,sol,Solana,86.36302271321638,49729193538.79039,2295089981.3399653,,2026-04-25 12:00:24.562+00
solana,sol,Solana,86.39717400313523,49737309654.29993,2132797354.6294763,,2026-04-25 13:00:28.403+00
solana,sol,Solana,86.61217398305413,49876059473.658356,2028532347.6076424,,2026-04-25 14:01:01.214+00
solana,sol,Solana,86.54309689592294,49843798963.24615,1898472460.8638647,,2026-04-25 15:01:07.762+00
solana,sol,Solana,86.23035858927476,49686872217.9718,1763162483.8628178,,2026-04-25 16:00:30.047+00
solana,sol,Solana,85.88488661773137,49463564244.6024,1763398790.7945125,,2026-04-25 17:00:01.874+00
solana,sol,Solana,85.64563332041273,49329299966.11138,1753867988.9840848,,2026-04-25 18:00:25.547+00
solana,sol,Solana,85.74825474612643,49382471849.97083,1810685294.9897993,,2026-04-25 19:00:27.716+00
solana,sol,Solana,85.69080282423475,49342334821.455345,1807132039.154337,,2026-04-25 20:00:31.918+00
solana,sol,Solana,85.9104099965858,49465871594.04226,1700050857.972232,,2026-04-25 21:00:12.698+00
solana,sol,Solana,85.90358409169116,49472183398.444275,1670699746.9918127,,2026-04-25 22:00:35.746+00
solana,sol,Solana,86.11124681158684,49593435720.77315,1639902590.318046,,2026-04-25 23:00:27.069+00
solana,sol,Solana,86.14978421196616,49609472150.54853,1627989760.3930252,,2026-04-26 00:00:11.54+00
solana,sol,Solana,86.01740295180988,49543433062.12569,1622326007.003451,,2026-04-26 01:00:34.373+00
solana,sol,Solana,85.99211666590078,49584659500.24858,1614240666.2818737,,2026-04-26 02:00:45.445+00
solana,sol,Solana,86.31914232302472,49706987753.21338,1622854023.7341785,,2026-04-26 03:00:37.808+00
solana,sol,Solana,85.98341020741455,49512224483.34104,1679848796.5243192,,2026-04-26 04:00:22.603+00
solana,sol,Solana,86.47514324269848,49844400272.02849,1753557028.3366213,,2026-04-26 05:00:40.009+00
solana,sol,Solana,86.45641006066542,49776699484.748215,1851410037.1561575,,2026-04-26 06:01:07.708+00
solana,sol,Solana,86.50134160660942,49794393940.36956,1830078183.5120656,,2026-04-26 07:00:51.157+00
solana,sol,Solana,86.62153812383366,49863026938.86857,1792270620.9540472,,2026-04-26 08:00:41.975+00
solana,sol,Solana,86.60478538068992,49874782865.59908,1765593539.9765599,,2026-04-26 09:01:14.872+00
solana,sol,Solana,86.53252503558217,49830592717.21999,1754967572.004087,,2026-04-26 10:00:46.216+00
solana,sol,Solana,86.47447367346801,49783410380.821815,1762364646.1986904,,2026-04-26 11:01:03.241+00
solana,sol,Solana,86.52998457976717,49828597390.564415,1742759373.717714,,2026-04-26 12:00:18.707+00
solana,sol,Solana,86.0932736152604,49598433576.95965,1785276234.5201015,,2026-04-26 13:00:32.099+00
solana,sol,Solana,86.08730513066813,49562593586.664444,1862603307.495595,,2026-04-26 14:00:51.062+00
solana,sol,Solana,86.42879533660285,49786745316.724594,1893825090.1289408,,2026-04-26 15:00:54.816+00
solana,sol,Solana,86.52160407257051,49822163847.26866,1902218309.8662963,,2026-04-26 16:00:33.46+00
solana,sol,Solana,86.45158163900184,49791516264.15659,1844172508.6027389,,2026-04-26 17:00:54.287+00
solana,sol,Solana,86.54277172372889,49840656398.403015,1780075007.1605709,,2026-04-26 18:00:49.719+00
solana,sol,Solana,86.83366904822333,50008999209.37764,1790534462.5962992,,2026-04-26 19:00:57.824+00
solana,sol,Solana,86.88400805487197,50030225874.42042,1830355514.919382,,2026-04-26 20:00:19.725+00
solana,sol,Solana,86.7496715220843,49956550815.84749,1857182065.8717055,,2026-04-26 21:00:41.741+00
solana,sol,Solana,86.74497219558674,49927066469.135925,1718206949.148297,,2026-04-26 22:00:14.555+00
solana,sol,Solana,86.77626467465797,49957550978.9893,2065668350.981091,,2026-04-26 23:00:22.35+00
solana,sol,Solana,86.96199515691436,50077229448.693436,2128881671.9461825,,2026-04-27 00:00:26.04+00
solana,sol,Solana,87.28135355624187,50205353304.33387,2163686494.712622,,2026-04-27 01:00:49.344+00
solana,sol,Solana,87.76141318714187,50543850798.37503,2626458470.4684505,,2026-04-27 02:00:25.09+00
solana,sol,Solana,87.94439469258816,50497410516.53896,2718352590.0860476,,2026-04-27 03:00:14.398+00
solana,sol,Solana,87.75003719661379,50565496162.31314,2734436930.551001,,2026-04-27 04:00:31.737+00
solana,sol,Solana,87.51364833213803,50391289531.641884,2696763202.4332523,,2026-04-27 05:01:00.905+00
solana,sol,Solana,85.95828005028258,49486153743.30048,2934464452.9660873,,2026-04-27 06:00:26.803+00
solana,sol,Solana,85.71365043588531,49386712486.97558,3070163992.3805,,2026-04-27 07:01:11.074+00
solana,sol,Solana,85.38133875641923,49172315284.55225,3183104243.3329377,,2026-04-27 08:00:36.262+00
solana,sol,Solana,85.35236419977461,49138572038.50284,3280210641.028666,,2026-04-27 09:00:12.994+00
solana,sol,Solana,85.53684223274351,49275244033.16272,3417036703.0406327,,2026-04-27 10:00:09.093+00
solana,sol,Solana,85.20328764461547,49063312253.08101,3525932323.1348906,,2026-04-27 11:00:46.725+00
solana,sol,Solana,85.22921256642663,49072256149.567696,3555088062.5197773,,2026-04-27 12:00:24.57+00
solana,sol,Solana,85.10558954733273,49023558113.62615,3556234451.7676663,,2026-04-27 13:00:18.398+00
solana,sol,Solana,84.95579559397198,48822324167.990685,3585343784.1640563,,2026-04-27 14:00:16.614+00
solana,sol,Solana,85.25711034337237,49103191328.96296,3328715944.8481083,,2026-04-27 15:01:07.075+00
solana,sol,Solana,84.08313105240585,48418968266.96323,3994282254.1396813,,2026-04-27 16:00:04.873+00
solana,sol,Solana,84.30997738686709,48567195461.38282,3563246490.4898005,,2026-04-27 17:00:13.479+00
solana,sol,Solana,84.46477189287573,48674491907.522125,4165092924.3334894,,2026-04-27 18:00:39.91+00
solana,sol,Solana,84.5911072645685,48728330452.84823,4130390810.122043,,2026-04-27 19:00:56.945+00
solana,sol,Solana,84.15392745127583,48479567388.62103,4166219193.7173066,,2026-04-27 20:00:31.972+00
solana,sol,Solana,84.27105046607585,48498658945.92976,4180663067.598702,,2026-04-27 21:00:21.41+00
solana,sol,Solana,84.3636708851764,48597834850.300835,4109163451.905791,,2026-04-27 22:00:43.883+00
solana,sol,Solana,84.53448107389066,48692147933.49804,3986284120.706796,,2026-04-27 23:00:44.27+00
solana,sol,Solana,84.7725920503587,48848383633.367065,3982592950.1096916,,2026-04-28 00:00:42.231+00
solana,sol,Solana,84.81747327876195,48848353324.55512,3744721406.095341,,2026-04-28 01:00:28.7+00
solana,sol,Solana,84.43712424978074,48636973406.14235,3557341797.786645,,2026-04-28 02:00:08.297+00
solana,sol,Solana,84.13872032681819,48442975535.80735,3499623972.6832047,,2026-04-28 03:00:30.097+00
solana,sol,Solana,84.09127024614095,48424923888.28727,3465166336.843901,,2026-04-28 04:00:25.467+00
solana,sol,Solana,84.0739894590392,48442289250.77354,3596935463.9036913,,2026-04-28 05:00:42.736+00
solana,sol,Solana,84.16081038186888,48441017186.546364,3325723599.4545145,,2026-04-28 06:00:35.039+00
solana,sol,Solana,83.95727495541043,48358336116.36983,3242592575.3740773,,2026-04-28 07:00:30.388+00
solana,sol,Solana,83.98270362299782,48373433401.84092,3186308666.3617435,,2026-04-28 08:00:30.215+00
solana,sol,Solana,83.89318946402175,48320046026.01673,3090720332.491515,,2026-04-28 09:00:14.345+00
solana,sol,Solana,83.58006886084465,48182310630.887146,3001440787.714308,,2026-04-28 10:00:38.892+00
solana,sol,Solana,83.77161038489163,48257188413.75261,2903024797.5095334,,2026-04-28 11:00:24.452+00
solana,sol,Solana,83.36954716831967,48014313231.073326,2919066065.631442,,2026-04-28 12:00:20.943+00
solana,sol,Solana,83.6492971027001,48179492341.90699,2891271786.419865,,2026-04-28 13:00:53.15+00
solana,sol,Solana,83.55185998273129,48103783867.24844,2917733008.66254,,2026-04-28 14:00:47.004+00
solana,sol,Solana,83.32474178898313,47921878993.40663,2479496462.934336,,2026-04-28 15:00:44.05+00
solana,sol,Solana,83.41421892137573,48045668634.564026,2637130469.873508,,2026-04-28 16:00:56.791+00
solana,sol,Solana,83.54354856330225,48123060035.92124,2409082347.226363,,2026-04-28 17:00:36.096+00
solana,sol,Solana,83.60862595953014,48143728213.88183,2550709238.900092,,2026-04-28 18:00:49.4+00
solana,sol,Solana,83.6892051195085,48183959244.49068,2545493667.102795,,2026-04-28 19:00:48.439+00
solana,sol,Solana,83.93539090848797,48360338614.89706,2466856057.9927597,,2026-04-28 20:00:39.063+00
solana,sol,Solana,83.7869970990925,48257512919.625305,2447028197.164708,,2026-04-28 21:00:26.334+00
solana,sol,Solana,83.75632020735024,48219761981.302155,2446982683.034992,,2026-04-28 22:00:13.919+00
solana,sol,Solana,83.67860582944148,48194308966.36063,2460718589.287792,,2026-04-28 23:00:44.626+00
solana,sol,Solana,84.02654765785063,48383665275.29343,2491689464.1765876,,2026-04-29 00:00:05.899+00
solana,sol,Solana,84.03048849919286,48303444887.36158,2459334301.8842697,,2026-04-29 01:00:03.907+00
solana,sol,Solana,84.075494881724,48432225133.51258,2556687943.4974575,,2026-04-29 02:00:55.52+00
solana,sol,Solana,84.0177805897433,48387679707.42674,2506407613.7620015,,2026-04-29 03:00:05.403+00
solana,sol,Solana,84.57165484586127,48710712914.00366,2550279272.4150515,,2026-04-29 04:00:17.326+00
solana,sol,Solana,84.93655379396287,48928585964.455414,2474505431.8005533,,2026-04-29 05:00:06.574+00
solana,sol,Solana,84.83945793357103,48861964719.58511,2476749842.8451924,,2026-04-29 06:00:56.24+00
solana,sol,Solana,84.57655753240445,48709575667.02902,2474714952.817769,,2026-04-29 07:00:33.673+00
solana,sol,Solana,84.71988485746104,48803611796.36458,2466538047.9558244,,2026-04-29 08:00:12.037+00
solana,sol,Solana,84.46342768516047,48645646251.82399,2458775933.4663167,,2026-04-29 09:00:55.861+00
solana,sol,Solana,85.27441851155834,49168990834.7195,2652858687.031227,,2026-04-29 10:01:13.56+00
solana,sol,Solana,85.16831132851416,49055544331.134995,2785519986.504533,,2026-04-29 11:01:13.43+00
solana,sol,Solana,84.89343858114387,48903630280.6686,2781406632.972602,,2026-04-29 12:00:52.841+00
solana,sol,Solana,84.2180159011373,48492854336.65644,2898399854.7380495,,2026-04-29 13:00:39.931+00
solana,sol,Solana,83.97236783766225,48386570584.52807,2933062586.979445,,2026-04-29 14:00:26.188+00
solana,sol,Solana,83.82048538641747,48298448128.26719,2891850016.6368747,,2026-04-29 15:01:04.975+00
solana,sol,Solana,83.17262029431897,47864843830.52017,3053719408.5907145,,2026-04-29 16:00:30.561+00
solana,sol,Solana,83.03269376748675,47826134579.13825,3121662618.2247972,,2026-04-29 17:00:56.164+00
solana,sol,Solana,83.07980732099693,47800106517.65495,3217878166.484853,,2026-04-29 18:00:24.231+00
solana,sol,Solana,82.14221441271803,47321371593.4246,3573421417.310067,,2026-04-29 19:00:54.912+00
solana,sol,Solana,82.18130613534558,47345467194.68717,3663511412.7998104,,2026-04-29 20:00:47.985+00
solana,sol,Solana,82.63487620744755,47649903457.39173,3753898197.5750685,,2026-04-29 21:00:31.255+00
solana,sol,Solana,82.89559269517504,47775868384.64023,3815180275.0676026,,2026-04-29 22:00:38.242+00
solana,sol,Solana,83.05581359241432,47851936026.67669,3806069156.5022197,,2026-04-29 23:00:37.951+00
solana,sol,Solana,83.0138918945025,47817761675.611336,3766580253.287735,,2026-04-30 00:00:06.362+00
solana,sol,Solana,83.83470712634347,48322900656.94353,3843368636.030874,,2026-04-30 01:00:52.869+00
solana,sol,Solana,83.73829119284807,48253781026.94681,3874428952.9299464,,2026-04-30 02:00:44.267+00
solana,sol,Solana,82.95731061722628,47742512024.3069,3442892658.782591,,2026-04-30 03:00:07.436+00
solana,sol,Solana,83.06418318852297,47844281851.75971,3876162933.9731345,,2026-04-30 04:00:40.681+00
solana,sol,Solana,82.40444701564739,47488837482.53525,3857341779.831983,,2026-04-30 05:00:08.492+00
solana,sol,Solana,82.59841833934895,47594263300.19303,3844240976.599891,,2026-04-30 06:00:29.005+00
solana,sol,Solana,82.8774641473992,47744809919.554695,3818429339.440053,,2026-04-30 07:00:56.261+00
solana,sol,Solana,83.28455299300967,47974088977.483154,3886447948.8898473,,2026-04-30 08:00:58.226+00
solana,sol,Solana,83.14164152489339,47903039601.088646,3933033536.603969,,2026-04-30 09:00:25.014+00
solana,sol,Solana,83.18849879012676,47923336738.48482,3790268933.783688,,2026-04-30 10:00:48.995+00
solana,sol,Solana,82.98295716496018,47786485233.56115,3723106416.2939553,,2026-04-30 11:00:47.87+00
solana,sol,Solana,82.95068006986328,47785553597.55129,3693723078.4467244,,2026-04-30 12:00:56.688+00
solana,sol,Solana,83.16718285549152,47911624889.14233,3571955741.680513,,2026-04-30 13:01:02.535+00
solana,sol,Solana,83.23470576613653,47979930634.45214,3525614262.7838025,,2026-04-30 14:00:15.506+00
solana,sol,Solana,83.21932269609769,47942132137.51534,3514638446.8401484,,2026-04-30 15:00:44.414+00
solana,sol,Solana,83.33152329835525,48035007498.414795,3402938904.461159,,2026-04-30 16:00:48.201+00
solana,sol,Solana,82.98608206392606,47808537143.72016,3296950934.1642785,,2026-04-30 17:00:47.868+00
solana,sol,Solana,83.01433734996358,47816981325.56217,3226449906.8375006,,2026-04-30 18:00:25.251+00
solana,sol,Solana,83.03314984285069,47836864585.11915,2827899817.7422647,,2026-04-30 19:00:45.368+00
solana,sol,Solana,83.04621071322121,47837939273.65293,2758505541.090976,,2026-04-30 20:00:32.715+00
solana,sol,Solana,83.0752617096837,47861441890.70099,2685056995.7297945,,2026-04-30 21:00:50.915+00
solana,sol,Solana,82.86548173903196,47757847529.56574,2607538020.390527,,2026-04-30 22:00:48.18+00
solana,sol,Solana,82.7786304268664,47704972373.74448,2588513211.2978334,,2026-04-30 23:00:08.529+00
solana,sol,Solana,83.01439982764413,47824493360.55062,2529065610.138262,,2026-05-01 00:00:46.45+00
solana,sol,Solana,83.14883322963244,47910906850.72826,2457778215.9462066,,2026-05-01 01:00:21.296+00
solana,sol,Solana,83.57226009465015,48161278213.04391,2437965193.032995,,2026-05-01 02:00:31.361+00
solana,sol,Solana,83.55479912499378,48138438785.69981,2224530897.8109503,,2026-05-01 03:00:08.45+00
solana,sol,Solana,83.87857251221337,48321513274.66626,2448403732.369816,,2026-05-01 04:00:05.602+00
solana,sol,Solana,83.79728461622179,48286760959.104,2440654863.4531417,,2026-05-01 05:00:55.353+00
solana,sol,Solana,84.0376390607496,48415699312.89392,2454670389.3173738,,2026-05-01 06:00:35.727+00
solana,sol,Solana,83.83781480281573,48303333524.003746,2439809316.457605,,2026-05-01 07:00:50.563+00
solana,sol,Solana,83.88594975294225,48325544894.272545,2432490682.1130805,,2026-05-01 08:00:38.679+00
solana,sol,Solana,84.14410958543516,48474437221.1325,2405736937.6189466,,2026-05-01 09:00:18.002+00
solana,sol,Solana,83.92072591910025,48346761779.7882,2367823371.0210614,,2026-05-01 10:00:56.179+00
solana,sol,Solana,83.89598109379911,48331348730.83699,2330691626.445472,,2026-05-01 11:00:54.806+00
solana,sol,Solana,83.9614645337442,48337018991.515205,2270954127.995566,,2026-05-01 12:00:28.11+00
solana,sol,Solana,84.30590476734255,48567627603.05164,2325200933.435391,,2026-05-01 13:00:35.262+00
solana,sol,Solana,84.57324708705457,48801538017.352196,2412007828.19577,,2026-05-01 14:00:37.861+00
solana,sol,Solana,84.20980970969772,48521586448.02561,2459554945.4769,,2026-05-01 15:00:04.31+00
solana,sol,Solana,84.37182247670802,48587295147.158844,2479174808.9890976,,2026-05-01 16:00:47.074+00
solana,sol,Solana,84.17242734369896,48503312699.972374,2543010995.8020024,,2026-05-01 17:00:45.293+00
solana,sol,Solana,84.21029365464774,48514058582.34025,2515471575.311169,,2026-05-01 18:00:51.215+00
solana,sol,Solana,83.98047441011835,48390364121.01573,2551014772.128137,,2026-05-01 19:00:31.2+00
solana,sol,Solana,83.86298177967302,48319447953.60704,2558972997.0357485,,2026-05-01 20:00:39.148+00
solana,sol,Solana,83.44573971418072,48084420859.292816,2600332003.9570284,,2026-05-01 21:00:41.545+00
solana,sol,Solana,83.73239806039115,48246472092.13062,2632183249.840808,,2026-05-01 22:00:34.684+00
solana,sol,Solana,83.6968022640652,48213619749.34681,2638958712.5100794,,2026-05-01 23:00:39.296+00
solana,sol,Solana,83.69669496018663,48211592564.605835,2681420604.1188426,,2026-05-02 00:00:31.308+00
solana,sol,Solana,83.78723420676782,48279756871.58893,2685672950.562075,,2026-05-02 01:00:37.687+00
solana,sol,Solana,83.98248803597312,48398505820.924774,2651210265.9103565,,2026-05-02 02:00:18.905+00
solana,sol,Solana,83.93612223504566,48379459638.50679,2639555790.233182,,2026-05-02 03:00:30.956+00
solana,sol,Solana,83.76887764859619,48267489625.213234,2552486142.139932,,2026-05-02 04:00:37.608+00
solana,sol,Solana,83.59738080729994,48182525535.62941,2515161168.915111,,2026-05-02 05:00:41.387+00
solana,sol,Solana,83.68804654344133,48223842536.30135,2463839033.269342,,2026-05-02 06:00:28.332+00
solana,sol,Solana,83.79364838038978,48268147264.742874,2448253075.9419966,,2026-05-02 07:00:44.433+00
solana,sol,Solana,83.69617248724661,48231138325.40006,2332273578.66483,,2026-05-02 08:00:24.532+00
solana,sol,Solana,83.82072974759427,48303632487.165054,2289458490.688544,,2026-05-02 09:00:42.789+00
solana,sol,Solana,84.04487566566723,48438256435.487366,2287926976.152826,,2026-05-02 10:00:36.808+00
solana,sol,Solana,83.89231733847315,48357333904.77727,2252933992.600417,,2026-05-02 11:00:48.404+00
solana,sol,Solana,83.65504684841576,48189689471.76109,2256138211.6764765,,2026-05-02 12:00:47.295+00
solana,sol,Solana,83.87488449961958,48330285191.58028,2213809491.3547263,,2026-05-02 13:00:48.196+00
solana,sol,Solana,83.94724409520651,48344373706.45198,2081014126.1570425,,2026-05-02 14:00:35.735+00
solana,sol,Solana,83.96352659141814,48378509896.94714,1890642030.2356248,,2026-05-02 15:00:50.71+00
solana,sol,Solana,84.00706397421884,48416298873.59743,1776506655.7743137,,2026-05-02 16:00:44.53+00
solana,sol,Solana,84.18114656740767,48515357271.855225,1743673293.1594753,,2026-05-02 17:00:18.349+00
solana,sol,Solana,84.0184266188904,48410843169.62764,1654753708.2089076,,2026-05-02 18:00:04.949+00
solana,sol,Solana,84.16993370762846,48503518271.132385,1659577756.2573524,,2026-05-02 19:00:39.542+00
solana,sol,Solana,84.19841132329606,48515778280.8476,1584751339.4822927,,2026-05-02 20:00:15.682+00
solana,sol,Solana,84.16594766032298,48497838330.534454,1504661925.6435323,,2026-05-02 21:00:40.467+00
solana,sol,Solana,84.7769809730457,48824868251.20074,1596357473.7527828,,2026-05-02 22:00:20.661+00
solana,sol,Solana,84.4415829777638,48680085751.24412,1629466559.0140283,,2026-05-02 23:00:36.158+00
solana,sol,Solana,84.2669043773439,48550508196.72219,1618012241.1391268,,2026-05-03 00:00:56.623+00
solana,sol,Solana,84.04190583059193,48410309516.026764,1656041689.0008714,,2026-05-03 01:00:45.213+00
solana,sol,Solana,83.7670925020688,48267544121.11567,1676436559.138767,,2026-05-03 02:00:24.821+00
solana,sol,Solana,83.65169877979257,48207478769.89171,1659777633.29516,,2026-05-03 03:01:08.097+00
solana,sol,Solana,83.64223187349823,48207904228.63773,1656451293.1829026,,2026-05-03 04:00:51.775+00
solana,sol,Solana,83.69032979756612,48226528302.17974,1649645997.3523228,,2026-05-03 05:00:47.925+00
solana,sol,Solana,83.7314509366054,48246512824.53567,1636088124.993141,,2026-05-03 06:00:51.276+00
solana,sol,Solana,83.74279389931172,48253557025.27752,1636702674.671447,,2026-05-03 07:01:09.236+00
solana,sol,Solana,83.8648169980565,48318244651.80278,1661564119.2483797,,2026-05-03 08:00:37.109+00
solana,sol,Solana,83.88301956189362,48335222737.13934,1656562131.115674,,2026-05-03 09:00:58.833+00
solana,sol,Solana,84.03332536137978,48421030143.01946,1654084566.9591181,,2026-05-03 10:01:08.837+00
solana,sol,Solana,83.80358473585832,48295506111.62342,1659780132.4824884,,2026-05-03 11:00:39.487+00
solana,sol,Solana,83.94703695316588,48367054427.325294,1666914291.0651722,,2026-05-03 12:00:24.806+00
solana,sol,Solana,84.10891881536384,48476445226.6077,1633788544.1699557,,2026-05-03 13:00:42.482+00
solana,sol,Solana,84.0668219888471,48451892427.77516,1619393716.1221771,,2026-05-03 14:00:36.335+00
solana,sol,Solana,84.34969021501132,48613514662.07198,1645639144.0668495,,2026-05-03 15:00:28.971+00
solana,sol,Solana,84.12456820836697,48483267367.22605,1682484393.310972,,2026-05-03 16:00:36.249+00
solana,sol,Solana,84.12640072596228,48493977979.67372,1654800467.3321028,,2026-05-03 17:00:50.089+00
solana,sol,Solana,84.18908915418066,48533800674.749985,1658300848.9201372,,2026-05-03 18:00:20.495+00
solana,sol,Solana,84.24551150718422,48553065291.1402,1651095009.3354278,,2026-05-03 19:00:26.616+00
solana,sol,Solana,84.36538460337701,48610809606.599655,1665169736.6466255,,2026-05-03 20:00:49.323+00
solana,sol,Solana,84.29686627408732,48584203506.79473,1724616704.0144002,,2026-05-03 21:00:24.52+00
solana,sol,Solana,84.04059360734537,48424864731.43425,1687282719.892777,,2026-05-03 22:00:02.583+00
solana,sol,Solana,84.66878249200037,48787120176.38751,1783649934.8315625,,2026-05-03 23:00:11.853+00
solana,sol,Solana,83.88637030997984,48346804631.20021,1827489451.5352354,,2026-05-04 00:00:22.673+00
solana,sol,Solana,83.64088351857195,48185804068.18625,1892550044.5725787,,2026-05-04 01:00:20.505+00
solana,sol,Solana,84.59362521302171,48692391993.76006,2061569633.0935524,,2026-05-04 02:00:26.676+00
solana,sol,Solana,85.41745694356207,49251159017.203186,2479911371.8018346,,2026-05-04 03:00:43.902+00
solana,sol,Solana,85.3584624615275,49183480087.20655,2571903633.316574,,2026-05-04 04:00:05.998+00
solana,sol,Solana,85.73803396306766,49437578331.3607,2741974502.7396436,,2026-05-04 05:00:18.595+00
solana,sol,Solana,85.36513953852597,49197653757.21184,2869166711.2581,,2026-05-04 06:00:42.922+00
solana,sol,Solana,84.88531913475764,48915473870.92101,3036047252.0220003,,2026-05-04 07:00:31.737+00
solana,sol,Solana,84.87887010092165,48914720201.10531,3041860414.756818,,2026-05-04 08:00:56.928+00
solana,sol,Solana,84.78992306782109,48883247422.73564,3126355878.384397,,2026-05-04 09:00:51.603+00
solana,sol,Solana,85.05947029662832,49026926741.576294,3163976202.232425,,2026-05-04 10:00:45.88+00
solana,sol,Solana,84.01669708638788,48440888092.83912,3597275835.000044,,2026-05-04 11:00:27.996+00
solana,sol,Solana,83.95332088326094,48385281483.49178,3652947215.5282426,,2026-05-04 12:00:29.051+00
solana,sol,Solana,83.98265239658785,48425901404.02015,3260852283.5927253,,2026-05-04 13:00:56.549+00
solana,sol,Solana,83.98962382182734,48405131826.49046,3789381521.0305963,,2026-05-04 14:00:34.324+00
solana,sol,Solana,85.03680633897181,49074753533.860954,3761172409.331779,,2026-05-04 15:00:24.205+00
solana,sol,Solana,84.3975801818352,48684548316.49414,4098562687.0599027,,2026-05-04 16:00:59.395+00
solana,sol,Solana,84.49089851888588,48722111243.19626,4480504131.680647,,2026-05-04 17:00:18.236+00
solana,sol,Solana,84.97977571419648,48899553684.07409,4626502156.648685,,2026-05-04 18:00:18.763+00
solana,sol,Solana,84.69776008528895,48794232143.96071,4680488944.342447,,2026-05-04 19:00:59.575+00
solana,sol,Solana,84.41303620518244,48631291756.02881,4700961185.136225,,2026-05-04 20:00:32.104+00
solana,sol,Solana,84.06359815566908,48447572064.81973,4615197742.424003,,2026-05-04 21:00:43.086+00
solana,sol,Solana,84.4269842485959,48675889289.33459,4666239685.502882,,2026-05-04 22:00:19.704+00
solana,sol,Solana,84.21054601203977,48520229149.94894,4555761250.697398,,2026-05-04 23:00:51.045+00
solana,sol,Solana,84.07498448374388,48453888458.28918,4488877726.656144,,2026-05-05 00:00:24.265+00
solana,sol,Solana,84.2798285870193,48580774275.52137,4375213730.81664,,2026-05-05 01:00:52.39+00
solana,sol,Solana,84.39655386266939,48648605122.119774,4229014629.2085032,,2026-05-05 02:00:34.55+00
solana,sol,Solana,84.45030827525275,48664975299.586845,3838362892.381712,,2026-05-05 03:00:05.467+00
solana,sol,Solana,84.7330694600602,48840802050.11365,3788762253.0360312,,2026-05-05 04:01:12.66+00
solana,sol,Solana,84.79176644520525,48876293380.04235,3706722139.3053555,,2026-05-05 05:00:12.176+00
solana,sol,Solana,84.98963717955412,48981187574.032875,3741283401.4725122,,2026-05-05 06:00:40.093+00
solana,sol,Solana,84.8703648439147,48876527896.2544,3612476837.679819,,2026-05-05 07:00:58.052+00
solana,sol,Solana,84.8754377134421,48932556923.46364,3676602303.2635603,,2026-05-05 08:01:13.718+00
solana,sol,Solana,84.74330677847006,48839433760.83408,3672145154.2095037,,2026-05-05 09:00:34.29+00
solana,sol,Solana,84.48586140367452,48692171934.48176,3663732094.3814073,,2026-05-05 10:01:04.344+00
solana,sol,Solana,84.7798472973216,48883176347.32042,3272470367.425531,,2026-05-05 11:00:07.834+00
solana,sol,Solana,84.86552761148474,48905451538.3233,3230568354.978038,,2026-05-05 12:00:22.777+00
solana,sol,Solana,85.31422072776469,49175880995.456154,3258242127.036349,,2026-05-05 13:00:10.656+00
solana,sol,Solana,85.58972959146674,49342714904.38338,3484167188.8863297,,2026-05-05 14:01:14.505+00
solana,sol,Solana,85.31896899087747,49148811114.92949,3430841997.964529,,2026-05-05 15:00:14.279+00
solana,sol,Solana,85.53223053437449,49304410818.719215,3194637447.081154,,2026-05-05 16:00:56.392+00
solana,sol,Solana,85.2894678067629,49159876131.99989,3143659936.0955887,,2026-05-05 17:00:27.457+00
solana,sol,Solana,85.46257003514039,49255796017.85327,3042481729.613167,,2026-05-05 18:00:17.509+00
solana,sol,Solana,85.83961545482161,49482979805.20788,3041071808.838591,,2026-05-05 19:00:24.32+00
solana,sol,Solana,86.46230436659967,49838945190.09067,3194211325.8252053,,2026-05-05 20:00:30.837+00
solana,sol,Solana,86.59789560271979,49922269193.696556,3297416963.149169,,2026-05-05 21:00:49.65+00
solana,sol,Solana,86.67540213607015,49959261719.42779,3404212835.976397,,2026-05-05 22:00:24.4+00
solana,sol,Solana,86.56481368564252,49880762861.7557,3546187534.340194,,2026-05-05 23:00:49.413+00
solana,sol,Solana,86.33015099270362,49765264931.01806,3546721797.2249002,,2026-05-06 00:00:42.378+00
solana,sol,Solana,86.35826417079726,49817326076.229454,3624688335.493909,,2026-05-06 01:00:44.518+00
solana,sol,Solana,86.81586358185731,50052733027.19364,3679003598.2588787,,2026-05-06 02:00:40.919+00
solana,sol,Solana,86.71489889204295,49982726692.28299,3677797276.196778,,2026-05-06 03:00:26.45+00
solana,sol,Solana,87.35392073321962,50320026392.88538,3794824236.2001934,,2026-05-06 04:00:15.174+00
solana,sol,Solana,86.85172930039708,50101853754.24025,3798297524.2626543,,2026-05-06 05:00:19.27+00
solana,sol,Solana,87.33744470947063,50346583483.676285,3801162362.0163064,,2026-05-06 06:00:40.117+00
solana,sol,Solana,87.46522921107223,50419176241.01689,3814927236.618926,,2026-05-06 07:00:10.131+00
solana,sol,Solana,87.63849721716761,50512132296.518875,3832046160.801476,,2026-05-06 08:00:36.599+00
solana,sol,Solana,88.94064272859794,51320195688.77102,3467006394.879333,,2026-05-06 09:00:20.382+00
solana,sol,Solana,89.15944519795748,51382183333.97569,4325857195.39564,,2026-05-06 10:00:16.158+00
solana,sol,Solana,89.3735685106565,51526826697.458626,4510701088.7080345,,2026-05-06 11:01:02.624+00
solana,sol,Solana,89.84537412785295,51731689762.933975,4672832200.453385,,2026-05-06 12:01:16.722+00
solana,sol,Solana,89.77453291561959,51754632600.371475,4783100982.650971,,2026-05-06 13:00:33.962+00
solana,sol,Solana,88.3348529497345,50919112234.87713,4799903165.901197,,2026-05-06 14:00:36.289+00
solana,sol,Solana,88.37297488223078,50958761190.19135,4948357193.96741,,2026-05-06 15:00:30.858+00
solana,sol,Solana,88.94680715320763,51273477881.99118,4973338002.432315,,2026-05-06 16:00:51.057+00
solana,sol,Solana,89.2763422210669,51463677454.93524,5012725085.226265,,2026-05-06 17:00:05.747+00
solana,sol,Solana,88.77886282449522,51174969632.23701,5082899708.410346,,2026-05-06 18:01:17.343+00
solana,sol,Solana,89.0025084462342,51325519508.60692,5120623788.565289,,2026-05-06 19:00:38.065+00
solana,sol,Solana,89.23744385864883,51386335952.866295,5003080491.529915,,2026-05-06 20:00:52.612+00
solana,sol,Solana,89.06571245750433,51344157468.280045,4939398841.315881,,2026-05-06 21:00:37.513+00
solana,sol,Solana,89.47869170219818,51588308592.823685,4897734196.015373,,2026-05-06 22:00:43.972+00
solana,sol,Solana,89.17102931440925,51332048862.06447,4804596120.24372,,2026-05-06 23:00:17.754+00
solana,sol,Solana,89.04919377278287,51321745365.61878,4768687980.24027,,2026-05-07 00:00:26.356+00
solana,sol,Solana,88.32762635910673,51010287600.985695,4736874118.360827,,2026-05-07 01:00:51.791+00
solana,sol,Solana,88.26936635501357,50932748209.45298,4768226701.322668,,2026-05-07 02:00:04.554+00
solana,sol,Solana,88.12208147669857,50854314522.3967,4762738493.766973,,2026-05-07 03:00:41.736+00
solana,sol,Solana,87.93337657552321,50759812399.85223,4676420600.0429735,,2026-05-07 04:00:21.11+00
solana,sol,Solana,88.19410189529098,50876290059.08678,4625966350.301882,,2026-05-07 05:00:26.283+00
solana,sol,Solana,88.5580322413108,51103834121.20936,4608129706.343296,,2026-05-07 06:00:35.676+00
solana,sol,Solana,89.1266919804612,51444373865.90179,4641674209.743805,,2026-05-07 07:00:27.73+00
solana,sol,Solana,90.14544369243526,51944556657.54108,4776220150.766862,,2026-05-07 08:00:58.065+00
solana,sol,Solana,89.53480586168287,51762459103.72524,4624053922.384491,,2026-05-07 09:00:37.375+00
solana,sol,Solana,89.41551590548976,51611420145.40767,4395425701.644826,,2026-05-07 10:01:02.045+00
solana,sol,Solana,89.17307329641022,51463123154.54573,4278672756.8985004,,2026-05-07 11:00:27.618+00
solana,sol,Solana,89.51790705369763,51628931224.643234,4167192956.3323145,,2026-05-07 12:01:01.085+00
solana,sol,Solana,89.73015513596292,51791209684.30424,4105260825.472804,,2026-05-07 13:01:19.466+00
solana,sol,Solana,88.66969476484931,51160810362.662926,3935947113.001235,,2026-05-07 14:00:01.568+00
solana,sol,Solana,88.10232321582049,50908440406.0604,3843887537.557808,,2026-05-07 15:00:55.604+00
solana,sol,Solana,88.34351896033127,51048117850.465385,3861750927.2683973,,2026-05-07 16:01:07.735+00
solana,sol,Solana,88.43231748195348,51049020530.20261,3863472347.5099354,,2026-05-07 17:00:44.661+00
solana,sol,Solana,88.73068762010494,51169621138.63723,3840699149.8540874,,2026-05-07 18:01:09.246+00
solana,sol,Solana,88.53184363487948,51126919876.625656,3840907822.803456,,2026-05-07 19:00:55.606+00
solana,sol,Solana,88.46369384938957,51063386025.15749,3843967003.6950207,,2026-05-07 20:00:08.756+00
solana,sol,Solana,88.08132486015036,50872384072.0671,3834446645.1061006,,2026-05-07 21:00:48.004+00
solana,sol,Solana,88.01902580850634,50782066114.36979,3837066435.8666744,,2026-05-07 22:00:54.558+00
solana,sol,Solana,88.06304602415388,50810863029.62386,3900259152.7807837,,2026-05-07 23:00:50.931+00
solana,sol,Solana,88.42264493072328,51046707916.29385,3859634732.286759,,2026-05-08 00:00:04.52+00
solana,sol,Solana,88.16102569608293,50912319027.468216,3813556162.548322,,2026-05-08 01:00:34.497+00
solana,sol,Solana,88.14101717206864,50898096880.85726,3566910690.7281656,,2026-05-08 02:00:37.925+00
solana,sol,Solana,88.05179145852432,50834267124.742065,3733736089.079452,,2026-05-08 03:00:40.896+00
solana,sol,Solana,88.22130748178215,50946361696.48206,3639328020.2915897,,2026-05-08 04:00:23.908+00
solana,sol,Solana,88.14140482242942,50911026385.42809,3609878618.850043,,2026-05-08 05:00:36.469+00
solana,sol,Solana,88.12165565712183,50901248846.31058,3622011967.939949,,2026-05-08 06:00:36.045+00
solana,sol,Solana,87.95828525616238,50806985360.424255,3564694608.2167497,,2026-05-08 07:00:33.248+00
solana,sol,Solana,88.17678054232985,50900834027.69535,3469763395.393547,,2026-05-08 08:00:49.417+00
solana,sol,Solana,88.48952495613295,51096339444.420204,3464413494.4591365,,2026-05-08 09:00:21.346+00
solana,sol,Solana,88.35913820497545,51021620942.64151,3370509928.830221,,2026-05-08 10:00:15.081+00
solana,sol,Solana,88.65296212035692,51194525881.11759,3323269498.7756414,,2026-05-08 11:00:39.205+00
solana,sol,Solana,88.64480989827798,51188031692.31284,3363545454.3752637,,2026-05-08 12:00:46.053+00
solana,sol,Solana,88.53739544802751,51137556944.598724,3300511132.029234,,2026-05-08 13:00:44.421+00
solana,sol,Solana,88.27595869437476,50990735557.87311,3172858282.703439,,2026-05-08 14:00:45.258+00
solana,sol,Solana,89.10733412022336,51456654830.92636,3104284498.4381557,,2026-05-08 15:01:18.015+00
solana,sol,Solana,89.46693812091866,51650387362.234314,3085033385.3834367,,2026-05-08 16:01:15.267+00
solana,sol,Solana,89.60661336871463,51744219949.30056,2998009427.5230603,,2026-05-08 17:01:15.306+00
solana,sol,Solana,91.72699230846301,52971165023.520905,3306895068.409428,,2026-05-08 18:01:15.654+00
solana,sol,Solana,92.36179827674451,53351918409.874146,3499667688.8487816,,2026-05-08 19:01:15.857+00
solana,sol,Solana,92.49320116165323,53407836216.11382,3599038214.947023,,2026-05-08 20:01:17.096+00
solana,sol,Solana,92.1238556208201,53168692177.67735,3647992482.47828,,2026-05-08 21:00:50.412+00
solana,sol,Solana,92.27548890900542,53290674409.54561,3639588946.576949,,2026-05-08 22:00:44.123+00
solana,sol,Solana,92.30548312345873,53296328272.44472,3598671379.379619,,2026-05-08 23:00:36.589+00
solana,sol,Solana,91.90976809091994,53037087092.22068,3616265282.2797127,,2026-05-09 00:00:34.859+00
solana,sol,Solana,92.48156076739976,53400337656.73326,3650319755.630468,,2026-05-09 01:00:58.625+00
solana,sol,Solana,93.66686984633601,54090778059.13276,3864144473.0381017,,2026-05-09 02:00:41.225+00
solana,sol,Solana,93.44086853447268,53955398729.06035,3977569875.1225915,,2026-05-09 03:01:04.425+00
solana,sol,Solana,93.65358940664959,54080442764.51781,3976763664.0866423,,2026-05-09 04:00:29.61+00
solana,sol,Solana,93.41176207091672,53983345223.52574,4126242436.7036276,,2026-05-09 05:00:55.812+00
solana,sol,Solana,93.70960952605222,54081929774.23405,4162325950.550365,,2026-05-09 06:01:11.49+00
solana,sol,Solana,93.48288257236028,53981560245.71215,4200370364.920359,,2026-05-09 07:00:04.43+00
solana,sol,Solana,93.6952892462759,54102213922.48638,4187302094.3209815,,2026-05-09 08:00:17.815+00
solana,sol,Solana,93.705954087868,54110266314.231926,4099047629.3294926,,2026-05-09 09:00:59.132+00
solana,sol,Solana,93.23468874018123,53834831057.236465,4112736413.6985,,2026-05-09 10:00:28.555+00
solana,sol,Solana,93.37551699199369,53924386744.75132,4096151309.347706,,2026-05-09 11:01:04.952+00
solana,sol,Solana,93.57243248816285,54034751938.21131,4062470197.7924137,,2026-05-09 12:00:10.909+00
solana,sol,Solana,93.44944256177017,53969086714.927765,4024213057.526792,,2026-05-09 13:00:29.65+00
solana,sol,Solana,93.40425024391567,53947505692.540825,3967619860.389648,,2026-05-09 14:00:55.114+00
solana,sol,Solana,92.85592202923797,53635620291.88421,3883788785.108229,,2026-05-09 15:00:32.665+00
solana,sol,Solana,92.90242166523568,53649925612.18281,3834926802.136675,,2026-05-09 16:00:35.699+00
solana,sol,Solana,92.76496099120715,53586515306.891464,3822841464.99002,,2026-05-09 17:00:29.141+00
solana,sol,Solana,93.19323418984358,53827988534.79525,3522560939.612755,,2026-05-09 18:00:08.137+00
solana,sol,Solana,93.3200553698778,53893015932.987175,3288552056.487987,,2026-05-09 19:00:43.282+00
solana,sol,Solana,93.5154472237527,54011962558.90396,3109748983.6559334,,2026-05-09 20:00:48.458+00
solana,sol,Solana,93.25171944671368,53850261613.26799,2993836540.7954817,,2026-05-09 21:00:11.761+00
solana,sol,Solana,93.41770586019629,53934621526.70453,2904869511.961624,,2026-05-09 22:00:23.653+00
solana,sol,Solana,93.34304672537293,53913925110.513176,2843096961.1184025,,2026-05-09 23:00:10.428+00
solana,sol,Solana,93.15434617109975,53803876577.535835,2789807241.926611,,2026-05-10 00:00:42.717+00
solana,sol,Solana,92.99308381206036,53702287204.515785,2753588666.624346,,2026-05-10 01:00:35.831+00
solana,sol,Solana,92.91346398045134,53667836692.51285,2516977606.601302,,2026-05-10 02:00:46.986+00
solana,sol,Solana,93.03510945403579,53674528179.73376,2469736509.55901,,2026-05-10 03:00:42.812+00
solana,sol,Solana,93.41978869118132,53957293771.8136,2492199498.1442623,,2026-05-10 04:00:38.867+00
solana,sol,Solana,93.38630617824678,53932857312.22324,2393789176.676235,,2026-05-10 05:00:21.718+00
solana,sol,Solana,93.3364459636219,53908447520.28917,2275424620.5214667,,2026-05-10 06:00:52.385+00
solana,sol,Solana,93.40293810987366,53938914350.69535,2176953800.9917507,,2026-05-10 07:00:42.548+00
solana,sol,Solana,93.44353070959161,53973048335.80807,2104824477.5781882,,2026-05-10 08:00:56.047+00
solana,sol,Solana,94.01053981620366,54298561865.950554,2142149686.8989563,,2026-05-10 09:00:29.545+00
solana,sol,Solana,94.32248533823577,54477838187.24128,2197733981.623729,,2026-05-10 10:00:07.468+00
solana,sol,Solana,93.83779713241819,54201468110.06569,2249367263.8649607,,2026-05-10 11:00:31.907+00
solana,sol,Solana,93.49825119641082,54001764903.35808,2347167973.021461,,2026-05-10 12:00:58.534+00
solana,sol,Solana,93.2892983806506,53892917083.88367,2351633545.5216084,,2026-05-10 13:00:54.987+00
solana,sol,Solana,93.78038232439269,54164442370.763435,2135991658.8624098,,2026-05-10 14:00:03.058+00
solana,sol,Solana,93.91388875043732,54272283520.43018,2260352972.788532,,2026-05-10 15:00:26.069+00
solana,sol,Solana,94.49915006269477,54570790837.692184,2163072073.885165,,2026-05-10 16:00:27.919+00
solana,sol,Solana,94.83247675665555,54762312185.64357,2195662786.6513515,,2026-05-10 17:00:49.668+00
solana,sol,Solana,96.40155233067408,55701267917.82708,2439687501.9011602,,2026-05-10 18:00:36.306+00
solana,sol,Solana,96.43673702689644,55697221617.90591,2576552455.8195934,,2026-05-10 19:00:29.736+00
solana,sol,Solana,96.43761392515701,55655076254.13985,2682661476.660477,,2026-05-10 20:00:19.536+00
solana,sol,Solana,94.47317230349327,54464770193.24729,2890469835.5366306,,2026-05-10 21:00:34.994+00
solana,sol,Solana,95.18328008077992,54994801263.8417,3094928517.3828073,,2026-05-10 22:00:23.778+00
solana,sol,Solana,96.222941052217,55557011599.28451,3237064652.077735,,2026-05-10 23:00:43.955+00
solana,sol,Solana,96.42633843248362,55696733417.711716,3396238400.376226,,2026-05-11 00:00:54.594+00
solana,sol,Solana,95.67326424177615,55310997925.81134,3570835538.7267547,,2026-05-11 01:00:23.336+00
solana,sol,Solana,96.05760128982665,55485794517.87339,3712559477.3935094,,2026-05-11 02:01:32.793+00
solana,sol,Solana,95.35309866766279,55096746605.68895,3797043935.2683644,,2026-05-11 03:00:25.494+00
solana,sol,Solana,94.73927582368948,54764941811.90456,4293832763.0198803,,2026-05-11 04:00:58.09+00
solana,sol,Solana,95.04368110996286,54914861631.58758,4344751652.589692,,2026-05-11 05:01:10.519+00
solana,sol,Solana,95.6116943391238,55254375325.64245,4427513433.014925,,2026-05-11 06:00:21.006+00
solana,sol,Solana,95.52817431723234,55200480972.17174,4501176436.9410515,,2026-05-11 07:00:17.225+00
solana,sol,Solana,95.32768920539903,55078681058.754585,4545361260.56591,,2026-05-11 08:01:01.706+00
solana,sol,Solana,94.86291264132612,54828341274.21219,4608721615.022703,,2026-05-11 09:00:20.036+00
solana,sol,Solana,95.23218675223156,55020846719.62497,4532620143.716019,,2026-05-11 10:00:47.787+00
solana,sol,Solana,95.18566214645773,54997709242.3444,4494180934.723619,,2026-05-11 11:00:34.622+00
solana,sol,Solana,95.15870675168537,54975882115.58688,4432125312.160051,,2026-05-11 12:00:57.468+00
solana,sol,Solana,94.85963007206679,54864475322.160995,4502126114.198869,,2026-05-11 13:00:43.848+00
solana,sol,Solana,95.23917895332518,55046757574.18825,4598397534.30369,,2026-05-11 14:00:25.433+00
solana,sol,Solana,95.06730588384329,54885545722.53989,4252531360.0903687,,2026-05-11 15:01:05.87+00
solana,sol,Solana,96.48058167629084,55753392891.9186,4960075512.6592,,2026-05-11 16:00:46.983+00
solana,sol,Solana,97.381859305158,56278308617.28823,5199371398.918358,,2026-05-11 17:00:13.66+00
solana,sol,Solana,97.76549149495038,56508436903.37086,5056532114.986689,,2026-05-11 18:01:08.399+00
solana,sol,Solana,97.40831561729695,56311450557.03217,5048435908.1284485,,2026-05-11 19:00:55.196+00
solana,sol,Solana,98.09956199193824,56693578302.82765,4990394342.914314,,2026-05-11 20:00:06.837+00
solana,sol,Solana,97.63219739303678,56474480096.326256,4882498304.690447,,2026-05-11 21:00:43.094+00
solana,sol,Solana,97.46419124062922,56321345448.56802,4753803058.916406,,2026-05-11 22:01:33.986+00
solana,sol,Solana,97.61728856105587,56410584298.52463,4489511546.514024,,2026-05-11 23:00:45.163+00
solana,sol,Solana,97.32283484166351,56222248483.70931,4382997546.095006,,2026-05-12 00:00:27.081+00
solana,sol,Solana,97.5540683065844,56351600799.81088,4221664819.206215,,2026-05-12 01:00:49.689+00
solana,sol,Solana,96.31854827406134,55666838609.84096,4193404187.488804,,2026-05-12 02:00:40.711+00
solana,sol,Solana,96.57016914804386,55705118425.27809,4226612449.606178,,2026-05-12 03:00:44.713+00
solana,sol,Solana,96.0634678386516,55520773214.746666,4094959604.9426646,,2026-05-12 04:01:14.018+00
solana,sol,Solana,96.36223550959554,55685104262.40255,4065690671.4063945,,2026-05-12 05:00:49.247+00
solana,sol,Solana,96.62403078672234,55837422432.89689,4024297468.2581773,,2026-05-12 06:00:10.158+00
solana,sol,Solana,96.22397143857172,55628634524.10578,3982181767.984059,,2026-05-12 07:00:52.829+00
solana,sol,Solana,96.06295949812436,55515287538.26893,3626445503.6012383,,2026-05-12 08:00:34.731+00
solana,sol,Solana,95.59656303427124,55247156181.516396,3619188742.6853013,,2026-05-12 09:00:54.683+00
solana,sol,Solana,95.73871250398278,55333482233.45399,3718235122.935706,,2026-05-12 10:00:18.536+00
solana,sol,Solana,94.95824409491419,54871294957.76231,3815557253.1069865,,2026-05-12 11:00:59.265+00
solana,sol,Solana,94.9236090245804,54826794133.96133,3847267303.8207073,,2026-05-12 12:00:50.326+00
solana,sol,Solana,95.21559147114921,55041241866.21675,3937816836.780911,,2026-05-12 13:00:53.397+00
solana,sol,Solana,94.88263189493763,54831845066.26888,3894411246.854103,,2026-05-12 14:00:09.131+00
solana,sol,Solana,94.57353982858501,54680812628.28387,3861904140.906814,,2026-05-12 15:00:31.155+00
solana,sol,Solana,94.01111231573121,54327302940.78966,3832841235.725628,,2026-05-12 16:00:47.181+00
solana,sol,Solana,93.68418327025755,54138464204.52226,3601924018.457698,,2026-05-12 17:00:22.53+00
solana,sol,Solana,94.52223316344316,54596107895.957825,3574722184.2923408,,2026-05-12 18:00:26.401+00
solana,sol,Solana,94.62042283848083,54695800147.27938,3500027184.94375,,2026-05-12 19:00:33.702+00
solana,sol,Solana,94.83844499450488,54805481477.997665,3452132684.213387,,2026-05-12 20:00:16.782+00
solana,sol,Solana,94.70812348693255,54738779566.78815,3365788858.951405,,2026-05-12 21:00:27.617+00
solana,sol,Solana,94.63852679193418,54684934901.758675,3335146794.936273,,2026-05-12 22:00:32.326+00
solana,sol,Solana,94.68397344291006,54716792424.30223,3310532750.826046,,2026-05-12 23:00:24.362+00
solana,sol,Solana,94.27600504277171,54494777752.79464,3263882501.7642965,,2026-05-13 00:01:02.505+00
solana,sol,Solana,94.34691484060393,54518845732.55269,3263411568.1552114,,2026-05-13 01:00:51.154+00
solana,sol,Solana,95.1256121198433,54990232369.4386,3166667551.785983,,2026-05-13 02:00:15.73+00
solana,sol,Solana,95.19579314850037,55007166384.61297,3078181603.0520463,,2026-05-13 03:00:22.302+00
solana,sol,Solana,95.5265957598031,55191448709.25525,3070325649.8258953,,2026-05-13 04:01:10.62+00
solana,sol,Solana,95.518091796024,55204569991.27147,3121355158.40756,,2026-05-13 05:00:40.39+00
solana,sol,Solana,95.26076890088959,55051356047.57922,3135643882.425818,,2026-05-13 06:00:43.075+00
solana,sol,Solana,95.17268099638477,55006201389.199814,3149673798.0273905,,2026-05-13 07:00:37.352+00
solana,sol,Solana,95.05513005422239,54929235823.414116,3116172045.099686,,2026-05-13 08:00:39.507+00
solana,sol,Solana,95.55211315266406,55201131660.53268,3019558462.0974817,,2026-05-13 09:01:11.249+00
solana,sol,Solana,95.68386630239539,55295285987.423256,2963876499.2403073,,2026-05-13 10:01:12.39+00
solana,sol,Solana,94.76282051135655,54757858022.37856,2904471123.310026,,2026-05-13 11:00:25.954+00
solana,sol,Solana,94.2780680020574,54499544040.42274,2940858696.796632,,2026-05-13 12:00:18.146+00
solana,sol,Solana,93.0856306385214,53827678767.53254,3114425444.324086,,2026-05-13 13:00:08.436+00
solana,sol,Solana,92.25311438053004,53245777176.6544,3243243426.5188475,,2026-05-13 14:00:17.638+00
solana,sol,Solana,91.76825203267727,53033700231.2467,3379415127.783604,,2026-05-13 15:01:09.658+00
solana,sol,Solana,90.47069912675998,52375544802.32125,3408331073.2420344,,2026-05-13 16:01:29.391+00
solana,sol,Solana,90.93809053675557,52673836034.55959,3474402696.4168043,,2026-05-13 17:00:05.622+00
solana,sol,Solana,90.85817610924248,52518156087.343666,3536226844.429342,,2026-05-13 18:00:45.841+00
solana,sol,Solana,90.94126817460307,52556236565.405334,3581391574.4733863,,2026-05-13 19:00:55.214+00
solana,sol,Solana,90.88462790798346,52529904571.64334,3585186145.46874,,2026-05-13 20:00:46.051+00
solana,sol,Solana,91.13078812647497,52673675725.60885,3609609006.538726,,2026-05-13 21:00:48.943+00
solana,sol,Solana,90.85325237398469,52514456354.433815,3660031390.7742887,,2026-05-13 22:00:06.975+00
solana,sol,Solana,91.1627833372047,52661789944.10134,3702928657.2049336,,2026-05-13 23:00:01.811+00
solana,sol,Solana,91.09048600478815,52636560679.40219,4006829212.1479673,,2026-05-14 00:01:22.494+00
solana,sol,Solana,91.21223515142268,52708859826.31847,3970835061.704746,,2026-05-14 01:00:44.349+00
solana,sol,Solana,91.16009422518367,52697040263.25549,3915310849.9086995,,2026-05-14 02:00:04.425+00
solana,sol,Solana,90.58844679213611,52360256210.86917,3905515621.4797454,,2026-05-14 03:00:52.866+00
solana,sol,Solana,89.87053218744173,52001288839.17111,4013979154.4719334,,2026-05-14 04:00:17.623+00
solana,sol,Solana,90.50859314734532,52317511875.69794,4000994309.792645,,2026-05-14 05:00:09.252+00
solana,sol,Solana,91.29665738642124,52745932557.11507,3778674354.774123,,2026-05-14 06:00:41.378+00
solana,sol,Solana,91.35566788180864,52782133879.22438,3778712242.9172792,,2026-05-14 07:00:51.496+00
solana,sol,Solana,90.96588972774929,52604158876.48368,4098206966.5879455,,2026-05-14 08:00:47.164+00
solana,sol,Solana,91.04722367422711,52617662962.82926,3891963890.7014127,,2026-05-14 09:00:46.967+00
solana,sol,Solana,90.66074387364912,52388230461.548096,4040277447.926865,,2026-05-14 10:01:02.521+00
solana,sol,Solana,91.00652842076173,52610067061.89372,3984092187.79434,,2026-05-14 11:01:00.802+00
solana,sol,Solana,90.644184573347,52392325532.95092,3896859793.890675,,2026-05-14 12:00:52.346+00
solana,sol,Solana,91.17290218507385,52715571979.461365,3392342435.679321,,2026-05-14 13:00:48.713+00
solana,sol,Solana,91.06899146097979,52660558016.85585,3320645681.4544806,,2026-05-14 14:00:46.928+00
solana,sol,Solana,92.19385515996282,53283315359.141815,3211100135.74184,,2026-05-14 15:01:15.456+00
solana,sol,Solana,92.87901338943394,53656270919.448326,3207153912.142608,,2026-05-14 16:00:49.235+00
solana,sol,Solana,92.83125234589733,53501336867.71179,3288446349.0502615,,2026-05-14 17:00:50.454+00
solana,sol,Solana,93.05230423120729,53785799379.88627,3280147214.3226514,,2026-05-14 18:00:52.278+00
solana,sol,Solana,93.3467768598551,53965558456.2852,3207956674.061972,,2026-05-14 19:00:13.683+00
solana,sol,Solana,92.88727058043563,53711854865.11007,3349811559.1042647,,2026-05-14 20:00:55.315+00
solana,sol,Solana,92.69267370599297,53575233330.11774,3324145395.6163716,,2026-05-14 21:00:04.005+00
solana,sol,Solana,92.74842020471284,53608653179.43968,3237739016.4135203,,2026-05-14 22:00:18.456+00
solana,sol,Solana,92.63467059975298,53546118897.49118,3314180065.9877796,,2026-05-14 23:00:39.448+00
solana,sol,Solana,92.11847334193568,53275101113.6648,3192297912.1597953,,2026-05-15 00:00:36.847+00
solana,sol,Solana,92.35598437881875,53376515183.359146,3300546619.639243,,2026-05-15 01:00:52.744+00
solana,sol,Solana,91.91830776339715,53129615318.14455,3306746721.4740076,,2026-05-15 02:00:15.18+00
solana,sol,Solana,92.37352671636633,53391774543.21658,3351557784.2857566,,2026-05-15 03:00:16.433+00
solana,sol,Solana,92.01001363987189,53146144053.93103,3395382430.093718,,2026-05-15 04:00:19.433+00
solana,sol,Solana,91.52236168298184,52947156651.09249,3342469707.9373693,,2026-05-15 05:00:53.994+00
solana,sol,Solana,90.59327673254846,52406839981.40982,3459154596.095629,,2026-05-15 06:01:04.057+00
solana,sol,Solana,90.96915930963564,52600531524.62725,3331640826.7620735,,2026-05-15 07:01:03.166+00
solana,sol,Solana,91.63807390444165,52931264583.110275,3286508631.058179,,2026-05-15 08:00:13.766+00
solana,sol,Solana,91.21362004640558,52707307272.853714,3499515988.3858857,,2026-05-15 09:00:09.062+00
solana,sol,Solana,91.03002666690229,52608616643.951355,3413110879.0194287,,2026-05-15 10:00:25.71+00
solana,sol,Solana,91.38108722083791,52758082684.25979,3585395816.2854786,,2026-05-15 11:01:04.779+00
solana,sol,Solana,91.28066677184019,52760740840.23248,3592103535.397387,,2026-05-15 12:00:20.84+00
solana,sol,Solana,90.60508782937468,52380128465.94694,3427193927.245847,,2026-05-15 13:01:15.548+00
solana,sol,Solana,88.87439093880694,51552756997.57929,3738069086.222771,,2026-05-15 14:01:19.64+00
solana,sol,Solana,88.95066216351202,51366807420.25191,3727052493.4923706,,2026-05-15 15:00:18.207+00
solana,sol,Solana,88.89042890771067,51382732357.02925,3674924279.054147,,2026-05-15 16:00:45.653+00
solana,sol,Solana,89.32491509216908,51638790983.23592,3443875176.964825,,2026-05-15 17:00:07.788+00
solana,sol,Solana,89.69916932724868,51852968873.47302,3353041955.19648,,2026-05-15 18:01:01.532+00
solana,sol,Solana,89.79815104503787,51919187088.68195,3312791359.4199677,,2026-05-15 19:00:34.091+00
solana,sol,Solana,89.39902434912759,51698266856.42566,3299241835.39863,,2026-05-15 20:00:29.368+00
solana,sol,Solana,89.2068346403709,51573925646.589584,3251178618.4213243,,2026-05-15 21:00:45.788+00
solana,sol,Solana,89.1156287181696,51508960417.91518,3160289911.270541,,2026-05-15 22:00:08.17+00
solana,sol,Solana,89.24000690717577,51575552120.33439,3255803793.711998,,2026-05-15 23:00:39.275+00
solana,sol,Solana,89.20026891713,51578477073.644394,3237016898.4218965,,2026-05-16 00:00:37.452+00
solana,sol,Solana,89.19281352775405,51570869898.79793,3176904469.3148823,,2026-05-16 01:00:38.023+00
solana,sol,Solana,89.20044358243013,51543132581.59611,3156223619.517219,,2026-05-16 02:00:27.885+00
solana,sol,Solana,89.07613956916977,51471047702.79433,2877712393.3192177,,2026-05-16 03:00:13.342+00
solana,sol,Solana,88.9890112470072,51440194824.88895,2924496665.618918,,2026-05-16 04:00:30.433+00
solana,sol,Solana,88.54305728870253,51180986361.4023,3013385812.71183,,2026-05-16 05:00:11.955+00
solana,sol,Solana,88.57331096311914,51219165370.57649,2924009458.6544013,,2026-05-16 06:00:45.523+00
solana,sol,Solana,88.03077345968585,50870122451.61857,2778810592.2852077,,2026-05-16 07:00:49.841+00
solana,sol,Solana,87.37134651837958,50528808217.06411,2903885552.778048,,2026-05-16 08:00:54.871+00
solana,sol,Solana,87.47574659314203,50563342056.93973,2807054512.401251,,2026-05-16 09:00:17.161+00
solana,sol,Solana,86.06060905413561,49759344306.59197,3101670865.3283935,,2026-05-16 10:01:00.115+00
solana,sol,Solana,85.85646287034406,49618474205.0721,3149666069.773494,,2026-05-16 11:00:28.961+00
solana,sol,Solana,86.10552931913868,49780960968.53997,3174256029.0796723,,2026-05-16 12:00:40.839+00
solana,sol,Solana,86.31743646595123,49916025631.61097,3165177301.3916554,,2026-05-16 13:00:14.227+00
solana,sol,Solana,86.24453842295928,49836161515.47821,2905168456.7595286,,2026-05-16 14:00:39.559+00
solana,sol,Solana,86.32088869785909,49950442132.699234,2691463838.752206,,2026-05-16 15:00:49.769+00
solana,sol,Solana,86.45496865894084,49979894889.64121,2571898079.3255773,,2026-05-16 16:00:44.67+00
solana,sol,Solana,86.61779228895786,50069811556.01621,2504447386.999438,,2026-05-16 17:00:42.987+00
solana,sol,Solana,86.74951501071186,50159907326.86857,2454485332.1695065,,2026-05-16 18:00:50.574+00
solana,sol,Solana,86.87437265396694,50174476184.27854,2354061035.8810167,,2026-05-16 19:00:54.051+00
solana,sol,Solana,86.76204543505813,50179293862.12358,2379439708.254593,,2026-05-16 20:00:48.844+00
solana,sol,Solana,86.68879265492991,50122717420.255875,2336562180.986106,,2026-05-16 21:00:26.784+00
solana,sol,Solana,86.56996662943655,50042435221.66296,2350619703.772872,,2026-05-16 22:00:43.197+00
solana,sol,Solana,86.51375769491698,50015329508.93389,2308773892.9448204,,2026-05-16 23:00:41.256+00
solana,sol,Solana,86.51414004077077,50020079079.52121,2326554396.0096793,,2026-05-17 00:00:43.574+00
solana,sol,Solana,86.13115022315455,49804325835.74915,2365304914.5686903,,2026-05-17 01:00:33.785+00
solana,sol,Solana,85.77175079984268,49639802063.8388,2404091038.496252,,2026-05-17 02:00:33.379+00
solana,sol,Solana,85.94191585529073,49687048857.00895,2401731432.3401003,,2026-05-17 03:00:12.886+00
solana,sol,Solana,86.48567852091075,50002792724.96628,2332013514.865793,,2026-05-17 04:00:58.807+00
solana,sol,Solana,86.82086409460268,50196257644.36119,2286329281.324556,,2026-05-17 05:01:12.579+00
solana,sol,Solana,86.87680938120933,50229816773.15351,2244883278.1214147,,2026-05-17 06:00:14.952+00
solana,sol,Solana,86.74751223326581,50154219738.495186,2167961853.046879,,2026-05-17 07:00:18.581+00
solana,sol,Solana,86.92581914966149,50261372923.094864,1950853262.3943908,,2026-05-17 08:00:39.994+00
solana,sol,Solana,86.69550279127155,50123179764.85133,1936887036.1344292,,2026-05-17 09:00:08.354+00
solana,sol,Solana,86.79067515884006,50150121836.356804,1739111624.37102,,2026-05-17 10:00:36.831+00
solana,sol,Solana,86.89124556490607,50238997788.76416,1707171267.5667095,,2026-05-17 11:00:02.86+00
solana,sol,Solana,86.84833047449644,50208409898.30547,1696095949.2294774,,2026-05-17 12:01:11.636+00
solana,sol,Solana,86.78293908131033,50203583121.54161,1702995081.6489153,,2026-05-17 13:00:11.216+00
solana,sol,Solana,86.38498980736534,49946136353.23671,1693602327.5648103,,2026-05-17 14:01:07.579+00
solana,sol,Solana,86.3096138386176,49923008566.92249,1690626625.2268896,,2026-05-17 15:00:45.261+00
solana,sol,Solana,86.41889834305292,49971651928.0091,1657306636.1454303,,2026-05-17 16:00:41.559+00
solana,sol,Solana,86.2543021087014,49878627341.905624,1642234025.1707034,,2026-05-17 17:00:37.116+00
solana,sol,Solana,86.17977003646966,49864052877.03777,1652752556.81618,,2026-05-17 18:00:36.624+00
solana,sol,Solana,86.26863351495882,49871845760.3961,1669686849.557292,,2026-05-17 19:00:40.725+00
solana,sol,Solana,86.83647106553754,50218270945.977295,1593907443.3290462,,2026-05-17 20:00:49.073+00
solana,sol,Solana,86.6298615051081,50094173943.07018,1687310424.866573,,2026-05-17 21:00:30.899+00
solana,sol,Solana,86.85642296195634,50225991410.56247,1696200252.704719,,2026-05-17 22:00:14.043+00
solana,sol,Solana,86.16251953518386,49794964490.06633,1771873704.765269,,2026-05-17 23:00:41.963+00
solana,sol,Solana,85.15890513350223,49166144680.08482,2156421576.318341,,2026-05-18 00:00:50.764+00
solana,sol,Solana,84.97091530794266,49143060231.47591,2318870311.700881,,2026-05-18 01:00:50.105+00
solana,sol,Solana,84.97706250532599,49046206794.71636,2335987198.2842536,,2026-05-18 02:00:44.047+00
solana,sol,Solana,84.78827108460692,49036912119.946144,2333931197.398834,,2026-05-18 03:00:41.835+00
solana,sol,Solana,84.8063874395978,49104845828.0117,2360766251.517054,,2026-05-18 04:00:43.328+00
solana,sol,Solana,85.13816864570691,49221590117.15353,2293676197.484992,,2026-05-18 05:00:09.803+00
solana,sol,Solana,84.8282264396714,49054940039.34467,2434977819.6233726,,2026-05-18 06:00:35.968+00
solana,sol,Solana,84.68927326201828,48994273488.70603,2562251873.602234,,2026-05-18 07:00:31.012+00
solana,sol,Solana,84.68992756749184,48974607816.54783,2648321772.1510425,,2026-05-18 08:00:08.643+00
solana,sol,Solana,84.82778137819464,49047991897.20211,2538361621.3404303,,2026-05-18 09:01:13.385+00
solana,sol,Solana,84.49535424539486,48863955634.47719,2658552077.983847,,2026-05-18 10:00:36.072+00
solana,sol,Solana,84.2792738907187,48754280489.247406,2510395459.768122,,2026-05-18 11:00:48.261+00
solana,sol,Solana,84.90000592339298,49116788011.4782,2704864152.343066,,2026-05-18 12:00:40.165+00
solana,sol,Solana,85.45948023806912,49474187753.735054,2816081021.993053,,2026-05-18 13:00:08.775+00
solana,sol,Solana,84.75248412401523,49069736399.11928,2836708821.755345,,2026-05-18 14:00:38.35+00
solana,sol,Solana,83.9096674019347,48542130271.93716,3054671626.7343783,,2026-05-18 15:00:17.145+00
solana,sol,Solana,84.11249992041235,48639674390.88839,3183452387.9074564,,2026-05-18 16:00:02.672+00
solana,sol,Solana,84.34112448397174,48790695093.9031,3131378457.7990108,,2026-05-18 17:00:33.501+00
solana,sol,Solana,84.31073075526433,48752821050.88524,3143283265.9052052,,2026-05-18 18:01:19.689+00
solana,sol,Solana,83.78091461043374,48444910520.71411,3276066258.2910733,,2026-05-18 19:00:27.811+00
solana,sol,Solana,84.9746184181879,49147322920.77386,3454672393.415395,,2026-05-18 20:00:44.162+00
solana,sol,Solana,84.87380019074511,49041143675.05161,3376438626.9414377,,2026-05-18 21:00:28.408+00
solana,sol,Solana,85.48291757509011,49391915767.927055,3576942051.284353,,2026-05-18 22:00:43.911+00
solana,sol,Solana,85.28063792453064,49313587585.713326,3542845995.9849954,,2026-05-18 23:00:14.472+00
solana,sol,Solana,85.25338628171649,49339589998.38592,3104440612.273183,,2026-05-19 00:00:45.175+00
solana,sol,Solana,85.53207588114363,49476201130.23966,2919328204.037611,,2026-05-19 01:00:56.278+00
solana,sol,Solana,84.90642187545399,49122672354.22888,2877037910.153506,,2026-05-19 02:00:45.77+00
solana,sol,Solana,84.7732787674233,49022561620.072624,2884629258.619702,,2026-05-19 03:00:34.989+00
solana,sol,Solana,85.12083671629907,49227505864.15441,2841466322.3094053,,2026-05-19 04:00:26.772+00
solana,sol,Solana,85.11100860939037,49230452134.2578,2852583975.503104,,2026-05-19 05:00:44.296+00
solana,sol,Solana,85.12526186369824,49232359386.65456,2819376120.7891746,,2026-05-19 06:00:34.169+00
solana,sol,Solana,85.2309939331158,49287691311.98461,2727785696.8775477,,2026-05-19 07:00:18.175+00
solana,sol,Solana,85.43818911149197,49407035771.283554,2564246397.1632285,,2026-05-19 08:01:04.502+00
solana,sol,Solana,85.28846180653821,49333228103.699165,2693261301.112978,,2026-05-19 09:00:46.193+00
solana,sol,Solana,84.65785060074712,48977121065.13772,2736852604.6361766,,2026-05-19 10:00:58.043+00
solana,sol,Solana,84.51542590416871,48845949018.908676,2714373353.546072,,2026-05-19 11:00:12.623+00
solana,sol,Solana,84.40026553046482,48770887888.600876,2655299412.2865753,,2026-05-19 12:00:32.044+00
solana,sol,Solana,84.6841722235366,48980907029.0474,2543643113.6182523,,2026-05-19 13:00:43.703+00
solana,sol,Solana,84.89064873828562,49018532554.631096,2370153764.2736106,,2026-05-19 14:00:16.144+00
solana,sol,Solana,83.8815261279512,48516881491.01267,2348145435.007794,,2026-05-19 15:00:11.287+00
solana,sol,Solana,84.3337773330659,48770435240.90561,2354987961.9656196,,2026-05-19 16:00:08.373+00
solana,sol,Solana,84.79618722439146,49046305845.286446,2243361067.6795397,,2026-05-19 17:00:54.114+00
solana,sol,Solana,84.52406799281692,48884533981.88529,2292306562.0060225,,2026-05-19 18:00:23.942+00
solana,sol,Solana,84.36948982274924,48777389445.523476,2246007262.574222,,2026-05-19 19:00:43.815+00
solana,sol,Solana,84.29019664955597,48702610705.52917,2074570864.5221412,,2026-05-19 20:00:07.071+00
solana,sol,Solana,84.46390044062173,48781493850.34753,2055888852.4115741,,2026-05-19 21:00:39.681+00
solana,sol,Solana,84.48863556425168,48815152447.69568,2004746836.124963,,2026-05-19 22:00:14.235+00
solana,sol,Solana,84.05969382408695,48578588730.21574,1947845194.2522316,,2026-05-19 23:00:30.295+00
solana,sol,Solana,84.26740843901015,48705820395.72939,1981280003.9027827,,2026-05-20 00:00:37.163+00
solana,sol,Solana,84.14700911684811,48602959512.07098,1990541583.0062513,,2026-05-20 01:00:35.508+00
solana,sol,Solana,84.23876927069871,48643630469.29628,1908170790.4226146,,2026-05-20 02:00:47.707+00
solana,sol,Solana,83.90304470258046,48526868720.50528,1969327406.2750778,,2026-05-20 03:00:25.237+00
solana,sol,Solana,84.00633833241305,48529951372.0323,1935159911.8174293,,2026-05-20 04:00:18.836+00
solana,sol,Solana,84.09272266957336,48585662863.01912,1946759541.4278858,,2026-05-20 05:00:27.786+00
solana,sol,Solana,84.66784452775843,48918687425.61365,1935188636.9343066,,2026-05-20 06:00:50.79+00
solana,sol,Solana,84.87664800174429,49031334760.757866,1932791381.2990985,,2026-05-20 07:00:22.767+00
solana,sol,Solana,84.67203421214082,48907251978.03294,1930777608.5097096,,2026-05-20 08:00:22.25+00
solana,sol,Solana,84.90144068193109,49054422582.35879,1915974659.5835893,,2026-05-20 09:00:06.945+00
solana,sol,Solana,84.78261601657152,48983961481.77237,1851611153.604001,,2026-05-20 10:00:49.544+00
solana,sol,Solana,84.9382531085111,49072257685.77474,1842306302.3015513,,2026-05-20 11:00:44.512+00
solana,sol,Solana,84.59649972655959,48897635212.48479,1829873842.9889894,,2026-05-20 12:00:13.891+00
solana,sol,Solana,84.97179857997746,49089957561.55349,1848202406.3326468,,2026-05-20 13:00:04.146+00
solana,sol,Solana,84.52277071546837,48815126055.36958,1815514708.988231,,2026-05-20 14:00:45.562+00
solana,sol,Solana,85.72736840094542,49487060343.45574,1906230121.8951318,,2026-05-20 15:00:26.35+00
solana,sol,Solana,85.86332122642656,49626878726.6417,2035733597.7483828,,2026-05-20 16:01:02.977+00
solana,sol,Solana,86.5664969328561,50057434476.54272,2304085581.5795445,,2026-05-20 17:00:52.379+00
solana,sol,Solana,86.49988679740702,50044131827.06969,2415402384.7520056,,2026-05-20 18:00:21.151+00
solana,sol,Solana,85.7196998991917,49531347153.68827,2554827874.638227,,2026-05-20 19:00:58.917+00
solana,sol,Solana,86.11226689963354,49738657281.98713,2595748327.388061,,2026-05-20 20:00:48.134+00
solana,sol,Solana,86.04072854117122,49713488140.684166,2621857297.809508,,2026-05-20 21:00:17.416+00
solana,sol,Solana,86.08445401672353,49740887685.44243,2651267367.967535,,2026-05-20 22:00:13.162+00
solana,sol,Solana,85.96128427843986,49672705007.43338,2712844025.4350047,,2026-05-20 23:00:50.923+00
solana,sol,Solana,86.00566725424294,49690403389.9614,2723522268.874192,,2026-05-21 00:00:48.988+00
solana,sol,Solana,86.63645308457511,50048659108.42837,2766625202.032068,,2026-05-21 01:00:51.576+00
solana,sol,Solana,86.41847005610686,49991763585.40492,2794566780.87582,,2026-05-21 02:00:09.047+00
solana,sol,Solana,86.56666640565598,50025076045.4728,2734256413.4840264,,2026-05-21 03:00:11.265+00
solana,sol,Solana,86.70171858783009,50082580114.42164,2832234711.5105705,,2026-05-21 04:00:57.581+00
solana,sol,Solana,86.96844679781154,50264012122.663124,2919286686.9852686,,2026-05-21 05:01:04.8+00
solana,sol,Solana,86.39431017990455,49937753212.48848,2853671012.9790316,,2026-05-21 06:00:27.076+00
solana,sol,Solana,86.19138809204217,49802253790.36234,2857293432.9792743,,2026-05-21 07:00:17.361+00
solana,sol,Solana,86.60301261497494,50021584607.150505,3013366622.8387694,,2026-05-21 08:00:01.063+00
solana,sol,Solana,86.7685211894215,50145176968.036224,3081436021.957078,,2026-05-21 09:01:12.559+00
solana,sol,Solana,86.41819643769135,49954897905.428345,3112795973.8758903,,2026-05-21 10:00:24.734+00
solana,sol,Solana,85.80445605782924,49621289591.28859,3041225756.1525135,,2026-05-21 11:00:28.076+00
solana,sol,Solana,85.5349996848122,49443236737.723625,3252474420.8816085,,2026-05-21 12:00:59.737+00
solana,sol,Solana,85.67982715182221,49510970977.39567,3308936648.3734446,,2026-05-21 13:00:38.662+00
solana,sol,Solana,85.93493667777844,49637254807.39276,3172048777.270845,,2026-05-21 14:01:16.234+00
solana,sol,Solana,85.91429176187869,49619354094.261536,3298248797.6029315,,2026-05-21 15:01:04.479+00
solana,sol,Solana,86.33995798446571,49982655516.97301,3218830339.009955,,2026-05-21 16:00:38.552+00
solana,sol,Solana,86.16483407213471,49803661758.18422,2965135123.172422,,2026-05-21 17:00:33.003+00
solana,sol,Solana,87.68153478305703,50681875010.65828,3115563541.502399,,2026-05-21 18:01:10.248+00
solana,sol,Solana,87.01042407307807,50375329691.551834,3157155244.488839,,2026-05-21 19:00:22.905+00
solana,sol,Solana,87.68209330750246,50656237426.68242,3206329629.207939,,2026-05-21 20:00:33.264+00
solana,sol,Solana,87.46653602558584,50554536488.89917,3187576434.22344,,2026-05-21 21:00:44.482+00
solana,sol,Solana,87.390649069166,50516764908.66135,3236548334.1609635,,2026-05-21 22:00:40.656+00
solana,sol,Solana,87.11137029614933,50350999480.696266,3185234165.853404,,2026-05-21 23:00:44.864+00
solana,sol,Solana,87.14911421272258,50370881820.715034,3219780041.4479237,,2026-05-22 00:00:38.45+00
solana,sol,Solana,86.77640569332685,50173956581.47952,3193595020.1622896,,2026-05-22 01:00:57.31+00
solana,sol,Solana,86.94995679099557,50266298489.86601,3139014223.9319177,,2026-05-22 02:00:49.496+00
solana,sol,Solana,87.08303538494245,50289926685.03215,2958789096.42921,,2026-05-22 03:00:14.138+00
solana,sol,Solana,86.94138328730948,50241832119.56648,3120146920.097408,,2026-05-22 04:00:57.178+00
solana,sol,Solana,86.91198983616104,50233695045.54688,3012960209.0352926,,2026-05-22 05:00:36.969+00
solana,sol,Solana,86.9465207385083,50253982476.708786,2960304270.4099092,,2026-05-22 06:00:33.696+00
solana,sol,Solana,86.62779850251228,50088319097.55079,2928967637.1419544,,2026-05-22 07:00:56.842+00
solana,sol,Solana,86.93545638273939,50244834568.153496,2978776182.255017,,2026-05-22 08:00:48.913+00
solana,sol,Solana,87.03160469495383,50294314635.603134,3001103996.390304,,2026-05-22 09:00:24.465+00
solana,sol,Solana,87.19017353162486,50387312276.39065,2950676532.477901,,2026-05-22 10:00:47.192+00
solana,sol,Solana,86.93527677995465,50247354365.953896,2743525433.020862,,2026-05-22 11:00:24.233+00
solana,sol,Solana,87.14067993522198,50357504731.61765,2704516654.611042,,2026-05-22 12:00:40.681+00
solana,sol,Solana,87.54976270538317,50595773567.75931,2714395613.7899857,,2026-05-22 13:00:51.828+00
solana,sol,Solana,87.20235715259633,50402507313.32923,2685896607.7504797,,2026-05-22 14:00:54.57+00
solana,sol,Solana,86.4943904546495,50029556073.77982,2658176613.724386,,2026-05-22 15:00:59.567+00
solana,sol,Solana,86.67251836871736,50093202879.31531,2604722594.9633627,,2026-05-22 16:00:49.857+00
solana,sol,Solana,86.86377121810393,50190510512.976456,2557990975.518503,,2026-05-22 17:00:37.382+00
solana,sol,Solana,86.6851198142079,50108032615.2127,2263909121.72716,,2026-05-22 18:00:26.184+00
solana,sol,Solana,85.2552998587385,49212763195.771385,2310855512.131942,,2026-05-22 19:00:21.853+00
solana,sol,Solana,84.6253962188072,48889155333.06317,2495987922.554581,,2026-05-22 20:00:54.517+00
solana,sol,Solana,84.94277977948205,49095158066.703995,2620010132.9961953,,2026-05-22 21:00:24.765+00
solana,sol,Solana,85.04241144089892,49154302960.59364,3679707793.99291,,2026-05-22 22:00:43.473+00
solana,sol,Solana,84.85573443850325,49045433438.5533,2558898290.4070654,,2026-05-22 23:00:40.04+00
solana,sol,Solana,84.32530808138537,48737778204.09818,2638763540.612364,,2026-05-23 00:00:50.978+00
solana,sol,Solana,84.36574732511926,48749260691.504135,2731001327.690476,,2026-05-23 01:00:54.923+00
solana,sol,Solana,84.46904901835133,48819194864.41593,2721444449.689115,,2026-05-23 02:00:48.366+00
solana,sol,Solana,84.37061960882927,48764532698.64138,2703646625.0722237,,2026-05-23 03:00:48.045+00
solana,sol,Solana,84.60788811846247,48899760269.953354,2706423301.729047,,2026-05-23 04:00:35.282+00
solana,sol,Solana,84.32194129405711,48740411175.24689,2705626646.220941,,2026-05-23 05:00:29.884+00
solana,sol,Solana,84.32094475767171,48735151867.14788,2709998648.322009,,2026-05-23 06:00:07.564+00
solana,sol,Solana,84.15866195816997,48630767982.15596,2696817009.603589,,2026-05-23 07:01:10.58+00
solana,sol,Solana,82.01946270088088,47384988280.74087,3027181047.0746145,,2026-05-23 08:01:13.441+00
solana,sol,Solana,81.98643923437704,47391931354.86185,3159877788.5936327,,2026-05-23 09:00:14.522+00
solana,sol,Solana,81.91587211620106,47351828648.74463,4433963144.185056,,2026-05-23 10:00:34.776+00
solana,sol,Solana,82.15857684912201,47484732944.98209,3212111233.7644114,,2026-05-23 11:01:00.607+00
solana,sol,Solana,82.23766050358782,47526945561.91092,3202813911.7331853,,2026-05-23 12:00:47.792+00
solana,sol,Solana,82.32779540044977,47589123478.42337,3165283755.6850114,,2026-05-23 13:00:20.86+00
solana,sol,Solana,83.18480516167496,48047140863.643456,4331801197.822656,,2026-05-23 14:00:11.057+00
solana,sol,Solana,84.05755163455139,48521728273.413376,4273996661.2331824,,2026-05-23 15:01:05.197+00
solana,sol,Solana,83.86907047863878,48507975121.23797,4341255942.063813,,2026-05-23 16:01:06.897+00
solana,sol,Solana,84.05078998709467,48589450055.14084,4334604568.406473,,2026-05-23 17:00:52.986+00
solana,sol,Solana,84.09209334263244,48595390217.58648,4328784232.206342,,2026-05-23 18:00:39.29+00
solana,sol,Solana,84.63561856222202,48927530232.83777,3268195396.503474,,2026-05-23 19:00:54.161+00
solana,sol,Solana,84.84292696787777,49019538459.22688,3050576493.2799077,,2026-05-23 20:00:27.651+00
solana,sol,Solana,86.56044267767795,49989946231.5483,3115248004.9785137,,2026-05-23 21:00:49.367+00
solana,sol,Solana,86.0776366612495,49748962102.93682,3312104947.464335,,2026-05-23 22:00:57.077+00
solana,sol,Solana,85.73056066221895,49557829076.01694,3338253047.4545074,,2026-05-23 23:00:32.284+00
solana,sol,Solana,85.63570578662899,49496064665.093185,3284826930.1457644,,2026-05-24 00:00:23.28+00
solana,sol,Solana,85.70820614880029,49552117233.69993,3196715843.791602,,2026-05-24 01:00:49.198+00
solana,sol,Solana,85.93958024186449,49690042606.77812,3201869902.1446314,,2026-05-24 02:00:18.729+00
solana,sol,Solana,85.85390084006791,49620634291.86728,3201934012.247854,,2026-05-24 03:00:09.599+00
solana,sol,Solana,85.67162496108116,49525613643.86943,3181352097.3579187,,2026-05-24 04:00:30.848+00
solana,sol,Solana,85.85824194058384,49641295502.40969,3199627780.93095,,2026-05-24 05:01:14.639+00
solana,sol,Solana,85.96642170291317,49687279453.460144,3197113707.639217,,2026-05-24 06:00:09.727+00
solana,sol,Solana,86.25064036380519,49857084889.67415,3172977751.2211876,,2026-05-24 07:00:34.27+00
solana,sol,Solana,85.9353020875358,49679117799.112175,2817883424.929563,,2026-05-24 08:00:52.02+00
solana,sol,Solana,86.39026534509745,49913739401.953545,2597016219.641789,,2026-05-24 09:01:00.319+00
solana,sol,Solana,86.49860299611072,50002735794.850716,2621350571.385267,,2026-05-24 10:00:29.071+00
solana,sol,Solana,86.37253183766886,49903510706.08248,2676033827.8934283,,2026-05-24 11:00:52.348+00
solana,sol,Solana,86.50900085360065,49964028383.87518,2736648026.5823874,,2026-05-24 12:00:04.961+00
solana,sol,Solana,86.209806165616,49825858416.91592,2742960789.251999,,2026-05-24 13:00:29.683+00
solana,sol,Solana,86.02574253020678,49781096842.3516,2678479036.206765,,2026-05-24 14:00:41.258+00
solana,sol,Solana,85.13408470707631,49223976140.130264,2718522231.246515,,2026-05-24 15:00:52.792+00
solana,sol,Solana,85.26918938053599,49274068469.709694,2617253553.4832077,,2026-05-24 16:00:55.372+00
solana,sol,Solana,85.36233744164718,49335404675.110664,2652878424.495754,,2026-05-24 17:00:37.039+00
solana,sol,Solana,85.58369043503686,49480950148.84726,2646211980.786502,,2026-05-24 18:00:49.509+00
solana,sol,Solana,85.28338598699375,49294186396.891266,2552106880.1224,,2026-05-24 19:00:37.26+00
solana,sol,Solana,85.26012130636803,49299082473.52607,2512463293.8090286,,2026-05-24 20:00:32.374+00
solana,sol,Solana,84.58916540472633,48864756071.46726,2369591218.3474407,,2026-05-24 21:00:20.341+00
solana,sol,Solana,83.9051753250552,48506204605.19637,2260862663.489227,,2026-05-24 22:00:44.221+00
solana,sol,Solana,84.90176030062837,49086230178.24368,2316392206.92791,,2026-05-24 23:00:35.537+00
solana,sol,Solana,85.31775969052242,49311720276.33763,2321697040.0650806,,2026-05-25 00:00:41.491+00
solana,sol,Solana,85.39396558388069,49376620345.92981,2346855181.962682,,2026-05-25 01:00:49.184+00
solana,sol,Solana,84.96448686498177,49158432049.54991,2359527457.5520988,,2026-05-25 02:00:28.025+00
solana,sol,Solana,84.97660913675911,49189714059.313515,2425441097.9745708,,2026-05-25 03:01:03.094+00
solana,sol,Solana,84.83403842583532,49040889043.08916,2454930646.1673913,,2026-05-25 04:00:21.076+00
solana,sol,Solana,85.73419223111623,49561041935.140854,2463456963.761258,,2026-05-25 05:01:04.287+00
solana,sol,Solana,85.89277673668495,49654810247.89375,2499245450.148918,,2026-05-25 06:01:08.407+00
solana,sol,Solana,85.87551607671612,49646988515.52751,2517952950.1070147,,2026-05-25 07:00:55.254+00
solana,sol,Solana,85.69368655516666,49514289994.90524,2546709442.417329,,2026-05-25 08:01:04.491+00
solana,sol,Solana,85.92197449238607,49635534959.61277,2519013476.665788,,2026-05-25 09:00:34.914+00
solana,sol,Solana,85.87170574127691,49658790331.0828,2461970238.1527753,,2026-05-25 10:00:38.716+00
solana,sol,Solana,85.9891064453598,49707586086.128365,2512573396.820968,,2026-05-25 11:01:01.585+00
solana,sol,Solana,85.71076752687581,49605673876.71446,2443278761.4221377,,2026-05-25 12:00:05.884+00
solana,sol,Solana,85.8447572300135,49621232355.20751,2462678876.604251,,2026-05-25 13:00:50.665+00
solana,sol,Solana,85.82929103510706,49621312055.90806,2423575506.6251187,,2026-05-25 14:00:09.44+00
solana,sol,Solana,86.2257616610796,49842493460.72888,2294784702.4233217,,2026-05-25 15:00:43.123+00
solana,sol,Solana,86.18272276779959,49818918144.486946,2327840218.7086506,,2026-05-25 16:01:09.353+00
solana,sol,Solana,86.17310148996373,49815284405.011665,2282492306.2343235,,2026-05-25 17:01:04.627+00
solana,sol,Solana,86.0610451521316,49732221293.42243,2318958290.070149,,2026-05-25 18:00:52.737+00
solana,sol,Solana,85.86880690846024,49667428826.20649,2296913483.3376946,,2026-05-25 19:00:51.156+00
solana,sol,Solana,85.55999154255431,49469600742.668594,2328961254.4316072,,2026-05-25 20:00:43.25+00
solana,sol,Solana,85.3441521013611,49387874114.02614,2216146885.221628,,2026-05-25 21:01:00.219+00
solana,sol,Solana,85.30458569513664,49324681888.90358,2085413219.980973,,2026-05-25 22:00:52.243+00
solana,sol,Solana,84.8303289495298,49056215779.08253,1998887537.8978252,,2026-05-25 23:00:38.813+00
solana,sol,Solana,84.96535363189035,49126738236.76351,1994074307.3106499,,2026-05-26 00:00:19.483+00
solana,sol,Solana,84.26689914795708,48708640358.613106,2022185154.2253287,,2026-05-26 01:00:54.29+00
solana,sol,Solana,84.08434808144611,48548848866.57003,2060695419.7354228,,2026-05-26 02:00:12.844+00
solana,sol,Solana,83.9193112266594,48525235943.177765,2015175297.723069,,2026-05-26 03:00:21.948+00
solana,sol,Solana,84.12521531144404,48640336060.50268,2008550683.4749525,,2026-05-26 04:00:32.368+00
solana,sol,Solana,84.29486526412597,48740768619.34999,1998153811.0198824,,2026-05-26 05:00:32.16+00
solana,sol,Solana,84.52602629894972,48860053129.14044,1981235669.0780787,,2026-05-26 06:00:49.498+00
solana,sol,Solana,84.59091096661689,48908805673.223724,1969060503.2465212,,2026-05-26 07:00:48.299+00
solana,sol,Solana,84.22915463280654,48765659591.02397,1967664911.5315466,,2026-05-26 08:00:57.997+00
solana,sol,Solana,84.40604773623973,48785897405.20282,1963988481.5270393,,2026-05-26 09:00:26.049+00
solana,sol,Solana,84.36860525926136,48782927775.51815,1974167454.7116113,,2026-05-26 10:00:26.819+00
solana,sol,Solana,85.49419036228568,49435617994.93574,2124640644.7955794,,2026-05-26 11:00:57.512+00
solana,sol,Solana,85.17526538718052,49243349742.851845,2166960539.911534,,2026-05-26 12:00:56.509+00
solana,sol,Solana,85.24469480205288,49278944554.686516,2225384280.346498,,2026-05-26 13:01:28.691+00
solana,sol,Solana,85.4584664608944,49404715450.42781,2325869687.7198267,,2026-05-26 14:01:13.704+00
solana,sol,Solana,85.20818130374168,49277689264.11831,2486736358.3327527,,2026-05-26 15:00:58.704+00
solana,sol,Solana,84.3139165739399,48672759616.18024,2607851912.6058555,,2026-05-26 16:01:45.394+00
solana,sol,Solana,84.10632776393204,48629153926.87349,2689778852.7294717,,2026-05-26 17:01:13.263+00
solana,sol,Solana,83.48515283594342,48325252924.625984,2837543330.207051,,2026-05-26 18:02:07.844+00
solana,sol,Solana,83.49033094809371,48342965547.36509,2908616081.755542,,2026-05-26 19:01:43.795+00
solana,sol,Solana,83.71616099540164,48472468302.0788,2928129281.8622828,,2026-05-26 20:02:40.034+00
solana,sol,Solana,83.81922714305577,48433646193.9604,2918592766.700151,,2026-05-26 21:02:37.265+00
solana,sol,Solana,83.79866101910997,48458978538.595146,2927240470.8104706,,2026-05-26 22:01:40.342+00
solana,sol,Solana,83.53753522870949,48302778213.47516,2880576711.8904424,,2026-05-26 23:03:41.104+00
solana,sol,Solana,83.60819175255435,48368858303.26961,2866045094.419205,,2026-05-27 00:00:39.297+00
solana,sol,Solana,83.80386447442095,48447506938.41449,2856618809.321232,,2026-05-27 01:03:14.446+00
solana,sol,Solana,83.88370892246432,48507844047.63729,2704043103.9497256,,2026-05-27 02:00:08.277+00
solana,sol,Solana,83.63631342209183,48352515296.03331,2704913603.8192487,,2026-05-27 03:00:04.114+00
solana,sol,Solana,83.49515612028007,48278823018.782555,2658051403.2742705,,2026-05-27 04:00:42.77+00
solana,sol,Solana,83.4594904534595,48258241894.87704,2698451928.8596463,,2026-05-27 05:00:53.215+00
solana,sol,Solana,83.71084181038438,48389370369.50544,2705829778.1444354,,2026-05-27 06:00:15.429+00
solana,sol,Solana,83.87987599280248,48489520360.37178,2692873032.2434645,,2026-05-27 07:00:14.612+00
solana,sol,Solana,84.06087876086734,48565066965.91363,2679920373.560105,,2026-05-27 08:00:58.526+00
solana,sol,Solana,83.90837914427408,48558502018.35421,2698055748.2785034,,2026-05-27 09:01:04.24+00
solana,sol,Solana,83.63396854086727,48351541427.71642,2676789030.4177,,2026-05-27 10:00:23.663+00
solana,sol,Solana,83.81986043756521,48465598128.508766,2541441196.4470787,,2026-05-27 11:00:54.633+00
solana,sol,Solana,83.93063737287149,48533759336.05955,2523709375.7605476,,2026-05-27 12:00:14.375+00
solana,sol,Solana,83.96776812517255,48596784162.33646,2508812230.1895404,,2026-05-27 13:00:25.05+00
solana,sol,Solana,83.37904448205595,48128914032.329384,2562974539.858345,,2026-05-27 14:01:05.728+00
solana,sol,Solana,83.68060144610843,48350914508.42786,2501291263.9328475,,2026-05-27 15:00:39.169+00
solana,sol,Solana,84.29521202718418,48765454429.94891,2503753418.0509143,,2026-05-27 16:00:10.017+00
solana,sol,Solana,84.01797191943913,48628874324.46329,2430429477.8181653,,2026-05-27 17:00:47.039+00
solana,sol,Solana,83.3873827764839,48227978956.2234,2328435044.302093,,2026-05-27 18:00:17.83+00
solana,sol,Solana,83.62316014541416,48349136817.232834,2319432047.051469,,2026-05-27 19:00:39.503+00
solana,sol,Solana,83.77719306029452,48452283935.97688,2287366112.1625495,,2026-05-27 20:00:22.913+00
solana,sol,Solana,83.70789564865778,48425388379.56718,2303587106.518675,,2026-05-27 21:00:25.321+00
solana,sol,Solana,82.09797361891846,47557784435.07224,2389243141.4349537,,2026-05-27 22:00:21.929+00
solana,sol,Solana,82.50749340276126,47713419798.53118,2497979849.4140067,,2026-05-27 23:00:30.111+00
solana,sol,Solana,82.30065798211395,47587492590.75573,2539712118.6702065,,2026-05-28 00:00:46.919+00
solana,sol,Solana,82.54813888307598,47736643362.44664,2560267743.764701,,2026-05-28 01:00:32.02+00
solana,sol,Solana,82.12249716593313,47486316672.298,2639876352.240289,,2026-05-28 02:00:26.049+00
solana,sol,Solana,82.03928209856704,47446875866.736786,2689049550.936315,,2026-05-28 03:00:49.972+00
solana,sol,Solana,80.82305891197517,46766456740.35318,2909426620.1536026,,2026-05-28 04:00:16.035+00
solana,sol,Solana,80.70328695946326,46665959412.17815,3069595640.951876,,2026-05-28 05:00:33.969+00
solana,sol,Solana,80.62456306801263,46632957741.9414,3131073816.7025857,,2026-05-28 06:00:46.708+00
solana,sol,Solana,80.79865021384087,46733500607.53365,3129959494.8018975,,2026-05-28 07:00:40.959+00
solana,sol,Solana,81.02026561294777,46855831345.88404,3224531574.4150314,,2026-05-28 08:00:48.53+00
solana,sol,Solana,80.88820193975066,46786169863.73653,3199938514.7735987,,2026-05-28 09:00:50.143+00
solana,sol,Solana,81.1144203516561,46924849313.054535,3217624454.4946494,,2026-05-28 10:00:20.872+00
solana,sol,Solana,80.77431426978562,46759047177.690796,3252547029.4954157,,2026-05-28 11:00:50.917+00
solana,sol,Solana,80.74696963966073,46697773224.860374,3234587174.2810636,,2026-05-28 12:00:41.607+00
solana,sol,Solana,80.99104398438456,46840879979.76696,3132492981.2326107,,2026-05-28 13:00:17.519+00
solana,sol,Solana,80.65238569491812,46651910623.76786,3121392811.575851,,2026-05-28 14:00:46.422+00
solana,sol,Solana,80.82088705483906,46670783626.874825,3202877430.7942085,,2026-05-28 15:00:14.547+00
solana,sol,Solana,80.98097343505087,46842923028.9034,3110173263.06908,,2026-05-28 16:00:28.731+00
solana,sol,Solana,81.8411151326514,47319291924.89655,3148091785.054279,,2026-05-28 17:00:26.266+00
solana,sol,Solana,82.23024045072232,47564261373.67215,3111835165.075582,,2026-05-28 18:00:39.847+00
solana,sol,Solana,82.74927222928196,47831149773.29995,3144761270.5101423,,2026-05-28 19:00:48.7+00
solana,sol,Solana,82.28155818986619,47602885442.48688,3143501001.8186574,,2026-05-28 20:00:39.347+00
solana,sol,Solana,82.27971481768483,47625119128.80216,3171504386.3821535,,2026-05-28 21:00:44.855+00
solana,sol,Solana,82.4111585512471,47669135747.89514,3051541096.8398504,,2026-05-28 22:00:18.312+00
solana,sol,Solana,81.94249229605154,47390164578.23579,2970358830.9394135,,2026-05-28 23:00:41.675+00
solana,sol,Solana,81.92734317475956,47385210996.36984,2925144343.532912,,2026-05-29 00:00:53.455+00
solana,sol,Solana,82.26147124069179,47593893136.59324,2907717325.74809,,2026-05-29 01:00:10.915+00
solana,sol,Solana,82.07109570640472,47456023498.864174,2835492270.667611,,2026-05-29 02:00:49.446+00
solana,sol,Solana,81.43748260378985,47098288348.213486,2776509658.4615273,,2026-05-29 03:00:52.602+00
solana,sol,Solana,81.5014397139291,47144379092.22243,2550105251.8601484,,2026-05-29 04:00:12.49+00
solana,sol,Solana,81.67223718369901,47239348457.9348,2369648796.2720885,,2026-05-29 05:00:29.909+00
solana,sol,Solana,81.92711155603055,47377112664.98678,2303798430.445688,,2026-05-29 06:01:13.06+00
solana,sol,Solana,82.15088346989533,47464267802.360016,2283769999.650042,,2026-05-29 07:00:21.149+00
solana,sol,Solana,81.93907134719035,47389128604.85691,2282223414.098939,,2026-05-29 08:00:07.747+00
solana,sol,Solana,82.11679561517883,47492388102.8989,2124715900.8127525,,2026-05-29 09:00:17.252+00
solana,sol,Solana,82.32561514043162,47606664390.8905,2100592508.7678754,,2026-05-29 10:00:27.427+00
solana,sol,Solana,82.05570720089284,47455614587.13819,2096835664.8775134,,2026-05-29 11:00:27.413+00
solana,sol,Solana,81.577422515482,47195321608.29606,2119072697.7774663,,2026-05-29 12:00:50.03+00
solana,sol,Solana,81.41180554122202,47094942130.59897,2139956798.0596607,,2026-05-29 13:00:27.911+00
solana,sol,Solana,81.300651776294,47056946945.90417,2116855839.1393166,,2026-05-29 14:01:05.065+00
solana,sol,Solana,81.15483497856836,46934075102.08491,2086486820.6976075,,2026-05-29 15:00:45.455+00
solana,sol,Solana,82.38813660416537,47671962384.01852,2333494208.5236616,,2026-05-29 16:00:47.331+00
solana,sol,Solana,82.79771432696154,47892472272.92038,2359420956.4967794,,2026-05-29 17:00:59.262+00
solana,sol,Solana,82.708334559066,47853369608.23686,2408719267.210957,,2026-05-29 18:00:31.581+00
solana,sol,Solana,81.90232182427026,47374748297.78732,2375701809.2990885,,2026-05-29 19:01:06.553+00
solana,sol,Solana,82.08320829212751,47486303728.24965,2402153018.2915125,,2026-05-29 20:00:54.037+00
solana,sol,Solana,82.04167117953007,47435111453.244736,2383827994.8295546,,2026-05-29 21:00:26.376+00
solana,sol,Solana,81.7815115663627,47353654636.545525,2395847058.2928557,,2026-05-29 22:00:42.077+00
solana,sol,Solana,81.78170670493256,47296405649.06468,2397363003.532567,,2026-05-29 23:00:32.063+00
solana,sol,Solana,81.93824998806676,47393846288.92873,2417074319.1733017,,2026-05-30 00:00:26.747+00
solana,sol,Solana,82.22474166722807,47551531460.68255,2414574144.6912713,,2026-05-30 01:00:55.034+00
solana,sol,Solana,82.67665032787653,47833189950.847946,2432491570.1977053,,2026-05-30 02:00:45.794+00
solana,sol,Solana,82.810640213445,47893978040.04497,2406573656.793807,,2026-05-30 03:00:40.95+00
solana,sol,Solana,82.63705003841939,47807230635.01596,2399146772.550273,,2026-05-30 04:00:32.837+00
solana,sol,Solana,82.18874821837657,47540939884.75622,2400597942.535047,,2026-05-30 05:00:43.504+00
solana,sol,Solana,82.50801354228773,47732315676.27861,2447214859.0520015,,2026-05-30 06:00:30.801+00
solana,sol,Solana,82.38587976617578,47669290161.49745,2432113777.840378,,2026-05-30 07:01:02.433+00
solana,sol,Solana,82.20751346553598,47562870063.91791,2355559330.6914644,,2026-05-30 08:00:45.578+00
solana,sol,Solana,82.17484650077449,47529599718.86316,2339662151.3810034,,2026-05-30 09:00:38.069+00
solana,sol,Solana,82.23589830698118,47559811708.33839,2326543390.9606915,,2026-05-30 10:00:40.503+00
solana,sol,Solana,82.34623642676088,47634791104.88356,2282167012.18719,,2026-05-30 11:00:40.695+00
solana,sol,Solana,82.22956707252669,47563402717.348335,2246672315.240238,,2026-05-30 12:00:32.634+00
solana,sol,Solana,82.25345017677068,47577978010.94634,2200232300.043965,,2026-05-30 13:00:31.409+00
solana,sol,Solana,82.37088275056954,47646619854.58133,2155048308.6254225,,2026-05-30 14:01:03.586+00
solana,sol,Solana,82.50723660798171,47722299479.434296,2026963198.8895595,,2026-05-30 15:00:40.935+00
solana,sol,Solana,82.53780182233467,47754407652.49301,1768413635.876319,,2026-05-30 16:00:14.433+00
solana,sol,Solana,82.77018312199647,47868319491.30407,1672244457.9865682,,2026-05-30 17:00:50.386+00
solana,sol,Solana,82.91359354966414,47953418842.53012,1578319078.4527202,,2026-05-30 18:00:42.857+00
solana,sol,Solana,82.90672662770686,47948670722.87816,1522085794.0416524,,2026-05-30 19:00:54.075+00
solana,sol,Solana,82.84253561044903,47924543928.25809,1481847640.5337677,,2026-05-30 20:00:06.924+00
solana,sol,Solana,82.83086761838643,47902709735.17238,1469303100.6616871,,2026-05-30 21:00:46.326+00
solana,sol,Solana,82.94286949352228,47980060136.01323,1417853174.7914338,,2026-05-30 22:00:35.702+00
solana,sol,Solana,82.51668268377549,47709319939.60267,1404917057.2515643,,2026-05-30 23:01:13.39+00
solana,sol,Solana,82.53704791458337,47738327422.02609,1395937476.2028797,,2026-05-31 00:00:34.046+00
solana,sol,Solana,82.80070395542319,47878724461.99959,1380441192.4823976,,2026-05-31 01:00:34.929+00
solana,sol,Solana,82.91370874444596,47985730515.131645,1358185782.8053784,,2026-05-31 02:00:53.273+00
solana,sol,Solana,82.93053364797306,47953296882.04214,1375635688.8312345,,2026-05-31 03:01:16.146+00
solana,sol,Solana,83.10724512695984,48074724738.213715,1362267136.6676695,,2026-05-31 04:01:15.811+00
solana,sol,Solana,83.12841016509391,48088746963.54597,1306506586.1800148,,2026-05-31 05:00:56.365+00
solana,sol,Solana,82.91109717737879,47960752099.80434,1250407754.8877554,,2026-05-31 06:00:54.627+00
solana,sol,Solana,82.85462016192007,47929363558.10658,1253767615.5758967,,2026-05-31 07:01:12.095+00
solana,sol,Solana,82.55552363345669,47753073235.97199,1266946919.2831876,,2026-05-31 08:00:56.731+00
solana,sol,Solana,82.55478113836574,47745677237.277306,1281880022.237852,,2026-05-31 09:00:38.558+00
solana,sol,Solana,82.66849233889529,47819853627.610535,1279129527.5322628,,2026-05-31 10:00:42.216+00
solana,sol,Solana,82.47077449129213,47697317669.466034,1290425345.787259,,2026-05-31 11:00:39.498+00
solana,sol,Solana,82.61306484665401,47805241091.9956,1293177930.297211,,2026-05-31 12:00:42.069+00
solana,sol,Solana,82.69742477013547,47850130234.14533,1289136350.0766773,,2026-05-31 13:00:24.611+00
solana,sol,Solana,82.61847345008783,47793300868.7934,1258896454.4055355,,2026-05-31 14:01:05.117+00
solana,sol,Solana,81.94309534695698,47397304042.35002,1327614006.3130708,,2026-05-31 15:00:47.245+00
solana,sol,Solana,81.8506862880004,47363538588.660126,1301816008.317925,,2026-05-31 16:01:05.961+00
solana,sol,Solana,81.45076143081475,47119357825.40018,1346233087.9678762,,2026-05-31 17:00:45.682+00
solana,sol,Solana,81.73935505966858,47296248510.3619,1309762911.693941,,2026-05-31 18:00:46.457+00
solana,sol,Solana,81.59201406708145,47208244200.257324,1306307004.9799185,,2026-05-31 19:00:43.042+00
solana,sol,Solana,81.43713684458002,47116848096.87489,1304749720.5368533,,2026-05-31 20:00:46.11+00
solana,sol,Solana,81.75766437366251,47295383091.15299,1311083176.177285,,2026-05-31 21:00:32.471+00
solana,sol,Solana,82.15708251219901,47535825535.81317,1289897538.2755501,,2026-05-31 22:00:46.987+00
solana,sol,Solana,82.4041689365263,47674927494.21176,1321912852.697566,,2026-05-31 23:00:09.809+00
solana,sol,Solana,82.23389464627607,47531411808.50992,1355479635.9974167,,2026-06-01 00:00:40.405+00
solana,sol,Solana,82.83132646651364,47917526641.84224,1428929614.8384824,,2026-06-01 01:00:50.999+00
solana,sol,Solana,82.00407640838311,47464480458.68945,1446650003.2516282,,2026-06-01 02:00:59.865+00
solana,sol,Solana,82.61289215346443,47788731031.058945,1436876462.8805,,2026-06-01 03:01:32.875+00
solana,sol,Solana,82.59544821187126,47807464526.58092,1526783239.85094,,2026-06-01 04:00:19.071+00
solana,sol,Solana,81.91691881591231,47388824370.12182,1574445001.999893,,2026-06-01 05:01:09.05+00
solana,sol,Solana,81.80847982304023,47333264107.64918,1566154471.3848584,,2026-06-01 06:01:01.661+00
solana,sol,Solana,81.37619011708185,47047539102.99966,1594784755.179636,,2026-06-01 07:00:25.965+00
solana,sol,Solana,80.74465712722629,46723460409.94048,1659651631.136163,,2026-06-01 08:00:23.569+00
solana,sol,Solana,80.85600215066006,46780929057.66103,1731006261.689985,,2026-06-01 09:00:58.795+00
solana,sol,Solana,81.02211483902282,46899374952.789345,1757068963.643285,,2026-06-01 10:00:42.998+00
solana,sol,Solana,81.00975568464588,46869768935.671524,1793160297.5624452,,2026-06-01 11:01:33.29+00
solana,sol,Solana,80.79179894757767,46752178225.09105,1828292327.3035805,,2026-06-01 12:01:01.394+00
solana,sol,Solana,80.77158471814717,46734646851.3079,1970917073.3179483,,2026-06-01 13:01:05.909+00
solana,sol,Solana,79.85109708242678,46341578741.64517,2114962438.786959,,2026-06-01 14:00:23.774+00
solana,sol,Solana,79.51605935517716,46036207756.618256,2252379743.122622,,2026-06-01 15:00:47.955+00
solana,sol,Solana,79.60954759263136,46090456668.24382,2360658780.9320245,,2026-06-01 16:00:26.25+00
solana,sol,Solana,79.99601309978371,46220675906.83409,2406012466.2057137,,2026-06-01 17:00:42.289+00
solana,sol,Solana,80.90196189993952,46808329723.15439,2533081743.6059275,,2026-06-01 18:00:20.299+00
solana,sol,Solana,80.74587965151846,46753555642.34839,2578145475.575365,,2026-06-01 19:00:51.424+00
solana,sol,Solana,81.09982412645057,46920491589.01488,2619181320.855784,,2026-06-01 20:00:47.183+00
solana,sol,Solana,80.9919721268075,46862873872.120636,2658064358.590051,,2026-06-01 21:00:50.303+00
solana,sol,Solana,80.58619757873095,46602769979.040726,2721031118.8827286,,2026-06-01 22:00:56.035+00
solana,sol,Solana,81.19978951662597,46920223928.80641,2722988919.5661902,,2026-06-01 23:00:43.305+00
solana,sol,Solana,81.13213926466626,46952730259.098625,2789816839.465792,,2026-06-02 00:00:17.186+00
solana,sol,Solana,80.85429562327856,46785391677.59741,2753852968.807308,,2026-06-02 01:00:39.632+00
solana,sol,Solana,80.10326830372924,46335487918.12116,2739322914.100336,,2026-06-02 02:00:51.285+00
solana,sol,Solana,80.29786474881173,46444014596.423325,2757430569.2286844,,2026-06-02 03:00:39.599+00
solana,sol,Solana,80.82363620093793,46735798180.617294,2811690709.847957,,2026-06-02 04:00:56.676+00
solana,sol,Solana,80.32237353181233,46461286560.924614,2807788518.7973247,,2026-06-02 05:00:57.026+00
solana,sol,Solana,79.76007907627681,46137064862.81645,2835860748.017234,,2026-06-02 06:00:02.435+00
solana,sol,Solana,79.41447423210612,45927336351.77988,2883331472.2981997,,2026-06-02 07:01:11.066+00
solana,sol,Solana,79.61365755621843,46040830000.78578,2891253798.8985004,,2026-06-02 08:00:35.925+00
solana,sol,Solana,79.4655470384105,45953747172.18509,2869437711.7079372,,2026-06-02 09:00:40.118+00
solana,sol,Solana,78.99214060491077,45696864984.00705,2871795160.8411884,,2026-06-02 10:00:12.411+00
solana,sol,Solana,79.2476633354135,45811255677.38419,2919968632.9448705,,2026-06-02 11:00:47.374+00
solana,sol,Solana,79.00347546150232,45700623407.61793,2897379163.3794713,,2026-06-02 12:00:34.967+00
solana,sol,Solana,78.84422307091599,45610816056.667336,2858169394.351993,,2026-06-02 13:01:06.639+00
solana,sol,Solana,78.8477103914099,45645507222.95456,2746456712.7395678,,2026-06-02 14:00:19.094+00
solana,sol,Solana,77.3848897364871,44824960748.320114,2867491714.651508,,2026-06-02 15:01:06.643+00
solana,sol,Solana,76.02460164447693,43985813880.36328,3070338418.134732,,2026-06-02 16:00:05.989+00
solana,sol,Solana,76.64654824907419,44456625449.7401,3171586107.5235963,,2026-06-02 17:00:48.527+00
solana,sol,Solana,76.7267453106438,44373519679.91146,3169561628.995844,,2026-06-02 18:00:50.759+00
solana,sol,Solana,75.94891828221925,43972517303.63848,3186586307.011165,,2026-06-02 19:01:09.664+00
solana,sol,Solana,75.67732768640258,43726258143.7388,3422808625.139925,,2026-06-02 20:00:40.316+00
solana,sol,Solana,75.34607996496517,43578171430.60732,3508135128.1532593,,2026-06-02 21:00:42.036+00
solana,sol,Solana,75.59674446421742,43742033110.776924,3497692680.5803924,,2026-06-02 22:00:53.68+00
solana,sol,Solana,73.77862188236064,42695138600.522995,3630094772.5552187,,2026-06-02 23:00:49.402+00
solana,sol,Solana,73.97134364162103,42794187191.17702,3779360815.1484213,,2026-06-03 00:00:47.812+00
solana,sol,Solana,74.8516247531803,43297376449.27224,3995359629.5191154,,2026-06-03 01:00:35.848+00
solana,sol,Solana,74.7265891151616,43022494647.81121,4040797348.3943305,,2026-06-03 02:00:36.172+00
solana,sol,Solana,74.29168553901945,42978217888.78217,3985025227.879895,,2026-06-03 03:00:55.614+00
solana,sol,Solana,72.72701060805716,42061280605.412476,4102575738.098257,,2026-06-03 04:00:09.786+00
solana,sol,Solana,73.89007840057054,42717133106.248024,4226555193.0247736,,2026-06-03 05:01:03.591+00
solana,sol,Solana,74.52948471843759,43098276578.3174,4327403037.994051,,2026-06-03 06:00:31.064+00
solana,sol,Solana,74.80153055065938,43319677619.41349,4366500914.280926,,2026-06-03 07:01:15.129+00
solana,sol,Solana,75.23607783150537,43524433987.4396,4373436182.594346,,2026-06-03 08:01:13.242+00
solana,sol,Solana,74.90798521820301,43333579288.92111,4380130999.846631,,2026-06-03 09:01:00.371+00
solana,sol,Solana,75.01289568563529,43445753564.96985,4384722067.387206,,2026-06-03 10:01:04.907+00
solana,sol,Solana,75.42889364999247,43614718627.60482,4371683821.207841,,2026-06-03 11:00:35.445+00
solana,sol,Solana,74.9765672326185,43412800816.60756,4411064751.578581,,2026-06-03 12:00:07.405+00
solana,sol,Solana,75.04579247108688,43373047783.4041,4419261142.821379,,2026-06-03 13:01:10.183+00
solana,sol,Solana,74.55547515421787,43128703920.163574,4433958744.6544485,,2026-06-03 14:01:06.872+00
solana,sol,Solana,74.22487051341915,42934397828.46296,4190792686.1660776,,2026-06-03 15:00:29.562+00
solana,sol,Solana,73.35056925109213,42452530321.54323,3942552012.585096,,2026-06-03 16:01:17.485+00
solana,sol,Solana,72.64428644011352,42020864173.522675,3944590880.8029866,,2026-06-03 17:00:57.812+00
solana,sol,Solana,73.03592955008925,42244615546.73578,3982897407.5663605,,2026-06-03 18:01:03.97+00
solana,sol,Solana,73.00245105621725,42226032461.75372,4005425732.9287066,,2026-06-03 19:00:59.693+00
solana,sol,Solana,72.01589427258162,41777612203.21019,3885473754.5413017,,2026-06-03 20:00:40.518+00
solana,sol,Solana,71.42825088724716,41322042971.076515,3987382848.792756,,2026-06-03 21:00:41.768+00
solana,sol,Solana,72.64359150948137,42019899492.52913,4155883965.84969,,2026-06-03 22:00:40.31+00
solana,sol,Solana,72.07657216320645,41692751755.4718,4057220181.263072,,2026-06-03 23:00:47.633+00
solana,sol,Solana,71.67924967083816,41463157995.670876,3868466422.2546325,,2026-06-04 00:00:32.361+00
solana,sol,Solana,70.573449854372,40862638998.83437,3918200111.5508156,,2026-06-04 01:00:46.097+00
solana,sol,Solana,68.72822499835708,39799763014.14921,4210016119.7979755,,2026-06-04 02:00:43.336+00
solana,sol,Solana,70.24029409972978,40630515903.79871,4765870805.529905,,2026-06-04 03:00:59.732+00
solana,sol,Solana,71.35476954088405,41264199182.64096,4806919875.048861,,2026-06-04 04:00:57.397+00
solana,sol,Solana,70.83062265962398,41006016650.163925,4786664459.59805,,2026-06-04 05:00:07.747+00
solana,sol,Solana,70.25862549346459,40654175200.03222,4824250713.567756,,2026-06-04 06:00:43.908+00
solana,sol,Solana,70.38073566252409,40766197773.16637,4804162470.331239,,2026-06-04 07:00:51.096+00
solana,sol,Solana,69.54467562787157,40234630858.15958,4850059350.663389,,2026-06-04 08:00:36.732+00
solana,sol,Solana,69.1314069891709,39977277835.67583,4941608174.641043,,2026-06-04 09:00:59.204+00
solana,sol,Solana,68.30559163508568,39500488695.899315,5054551546.431251,,2026-06-04 10:00:02.017+00
solana,sol,Solana,67.64818460538628,39185695206.97324,5178648547.542996,,2026-06-04 11:00:25.997+00
solana,sol,Solana,68.4627388713238,39544854367.645004,5149125327.359328,,2026-06-04 12:00:52.358+00
solana,sol,Solana,70.03682894151824,40527671275.55679,5567930170.152602,,2026-06-04 13:00:57.886+00
solana,sol,Solana,69.89689566541725,40557118914.513954,5677897174.171305,,2026-06-04 14:00:08.07+00
solana,sol,Solana,69.63380532880471,40330399223.53976,5727716851.404013,,2026-06-04 15:00:45.478+00
solana,sol,Solana,69.55208415479746,40249452959.55256,5824007586.157163,,2026-06-04 16:01:01.366+00
solana,sol,Solana,69.33145629673058,40112446378.63043,5705841358.444497,,2026-06-04 17:00:59.853+00
solana,sol,Solana,69.20604324777139,40061023178.36923,5609418506.077851,,2026-06-04 18:00:50.19+00
solana,sol,Solana,69.65582491715874,40297582273.32034,5704260271.717123,,2026-06-04 19:00:58.969+00
solana,sol,Solana,69.0475630035419,39935952375.14572,5600237518.074109,,2026-06-04 20:01:00.086+00
solana,sol,Solana,68.57464540337371,39715641978.66817,5431993517.424793,,2026-06-04 21:00:33.931+00
solana,sol,Solana,68.01499424272377,39294811135.63622,5291834192.4656925,,2026-06-04 22:00:42.155+00
solana,sol,Solana,68.06535639855927,39371776906.97298,5325051086.935204,,2026-06-04 23:00:11.27+00
solana,sol,Solana,68.77473144970334,39790355007.82717,5305206494.880568,,2026-06-05 00:00:40.372+00
solana,sol,Solana,68.60805571571443,39797304829.55421,5183092265.459705,,2026-06-05 01:00:49.539+00
solana,sol,Solana,68.38221720542742,39562012016.99327,4886745841.41734,,2026-06-05 02:00:40.374+00
solana,sol,Solana,67.2444941347537,38943363123.779175,4481846079.033037,,2026-06-05 03:00:23.61+00
solana,sol,Solana,67.02124147393612,38794086115.94442,4412444025.009685,,2026-06-05 04:00:12.076+00
solana,sol,Solana,67.25550558927127,38834330910.885635,4536358263.774504,,2026-06-05 05:00:55.698+00
solana,sol,Solana,66.18407011410598,38356600747.703255,4546867180.027167,,2026-06-05 06:00:58.07+00
solana,sol,Solana,64.95076849002446,37548332136.95416,5067108062.880359,,2026-06-05 07:00:30.933+00
solana,sol,Solana,66.03532366809397,38227122060.4862,5305121411.648904,,2026-06-05 08:00:45.01+00
solana,sol,Solana,65.19409178384034,37718073206.07362,5292370016.556831,,2026-06-05 09:00:46.587+00
solana,sol,Solana,66.3634963527352,38318442702.38398,5294342590.967088,,2026-06-05 10:00:10.057+00
solana,sol,Solana,66.26826518375856,38324641253.54742,5208783652.791454,,2026-06-05 11:01:14.549+00
solana,sol,Solana,66.20658909313515,38310178521.85038,5165910324.688925,,2026-06-05 12:00:17.095+00
solana,sol,Solana,65.51468719572878,37905095192.986015,5105680523.794125,,2026-06-05 13:01:03.952+00
solana,sol,Solana,64.49272117817284,37485263317.634186,5182849445.063264,,2026-06-05 14:01:09.826+00
solana,sol,Solana,65.17002141638494,37732020890.35416,5422462860.799198,,2026-06-05 15:00:30.974+00
solana,sol,Solana,64.26567108483128,37185719059.81957,5589037380.196985,,2026-06-05 16:01:14.923+00
solana,sol,Solana,65.48412351145451,37723359414.99107,6069934980.167768,,2026-06-05 17:00:26.533+00
solana,sol,Solana,65.01506721056083,37611123175.00261,6163011812.209129,,2026-06-05 18:01:13.687+00
solana,sol,Solana,63.12727607703554,36799780880.63501,6286279357.087456,,2026-06-05 19:00:21.247+00
solana,sol,Solana,63.44995673748801,36709476853.11872,6634541018.963844,,2026-06-05 20:01:00.958+00
solana,sol,Solana,64.56652029351766,37322147015.66825,6898400448.728602,,2026-06-05 21:00:13.49+00
solana,sol,Solana,64.89037777821792,37587081269.9176,6978642761.289753,,2026-06-05 22:00:50.495+00
solana,sol,Solana,64.44222133983732,37284360519.5255,6999256400.992157,,2026-06-05 23:01:19.162+00
solana,sol,Solana,63.436938264845274,36703780609.02473,7031867555.117689,,2026-06-06 00:00:25.734+00
solana,sol,Solana,64.67417651300478,37424177816.00479,7109926922.823309,,2026-06-06 01:00:49.094+00
solana,sol,Solana,63.94137101214899,37028900782.57242,7007842256.710326,,2026-06-06 02:00:50.458+00
solana,sol,Solana,63.79420781140296,36939027959.17832,6903237754.292458,,2026-06-06 03:00:28.881+00
solana,sol,Solana,62.856989467759114,36373035354.945885,6809181884.324103,,2026-06-06 04:00:06.401+00
solana,sol,Solana,60.975875088217606,35109262244.2354,6870692198.759287,,2026-06-06 05:00:00.642+00
solana,sol,Solana,62.42481575953757,36115017443.526054,6905951960.480509,,2026-06-06 06:00:55.114+00
solana,sol,Solana,62.354125205704435,36086918194.81055,6446431433.468345,,2026-06-06 07:00:48.649+00
solana,sol,Solana,62.81163746467913,36373535746.45534,6226563928.015105,,2026-06-06 08:00:53.105+00
solana,sol,Solana,63.28160354793839,36652737680.62277,6167650356.386957,,2026-06-06 09:00:57.252+00
solana,sol,Solana,62.633824277873074,36237368767.33201,6002128589.695636,,2026-06-06 10:00:42.417+00
solana,sol,Solana,61.71733370553563,35714457362.97241,6064327144.491692,,2026-06-06 11:00:43.332+00
solana,sol,Solana,62.587076874462014,36215185012.80104,6046293590.920034,,2026-06-06 12:00:45.032+00
solana,sol,Solana,62.907809242861724,36363603748.751205,6016475652.845433,,2026-06-06 13:00:56.974+00
solana,sol,Solana,62.3529772310916,36077152592.970375,5758172763.735407,,2026-06-06 14:00:57.722+00
solana,sol,Solana,62.70422602019046,36304270060.338745,5484157170.429071,,2026-06-06 15:00:10.806+00
solana,sol,Solana,62.06671993149083,35931837413.91115,5280001401.04085,,2026-06-06 16:00:59.61+00
solana,sol,Solana,62.09087765997518,35933394869.89669,4944203952.5291195,,2026-06-06 17:00:47.439+00
solana,sol,Solana,61.625376718034865,35678800253.365814,4799860143.657528,,2026-06-06 18:00:54.049+00
solana,sol,Solana,61.73613904698166,35734765976.37854,4596066270.400023,,2026-06-06 19:00:56.699+00
solana,sol,Solana,61.70379174278236,35722093743.55437,4208047449.5205503,,2026-06-06 20:00:58.01+00
solana,sol,Solana,61.787128383517675,35756588416.4954,4056605274.227143,,2026-06-06 21:00:37.268+00
solana,sol,Solana,62.06631920243076,35923256238.72792,3925703727.890102,,2026-06-06 22:00:05.383+00
solana,sol,Solana,61.79150308349231,35749107751.485115,3825469905.93592,,2026-06-06 23:00:10.612+00
solana,sol,Solana,62.15787730495795,35966388973.01971,3671743990.895865,,2026-06-07 00:00:37.736+00
solana,sol,Solana,62.23057043403416,36052601232.055336,3601892382.3922434,,2026-06-07 01:00:49.896+00
solana,sol,Solana,63.508510693450674,36790154174.320206,3741696629.4896536,,2026-06-07 02:00:48.131+00
solana,sol,Solana,63.40454670846198,36726158374.745735,3735287922.147583,,2026-06-07 03:00:49.948+00
solana,sol,Solana,63.71885022838042,36884960081.72876,3749970986.061903,,2026-06-07 04:00:33.408+00
solana,sol,Solana,63.97994553124143,37063036309.445145,3479765518.2054796,,2026-06-07 05:00:46.39+00
solana,sol,Solana,64.22865086067549,37203492650.48813,3373300463.0868587,,2026-06-07 06:01:13.364+00
solana,sol,Solana,64.81934029330293,37551802138.287865,3313433463.1889343,,2026-06-07 07:01:03.641+00
solana,sol,Solana,64.83939985748599,37558504988.88111,3323260821.471205,,2026-06-07 08:01:03.517+00
solana,sol,Solana,65.47525185309382,37923033554.42929,3320115258.146113,,2026-06-07 09:00:23.211+00
solana,sol,Solana,65.06403817039377,37688556915.30028,3403486127.5811286,,2026-06-07 10:00:54.501+00
solana,sol,Solana,64.57384408428437,37398493210.36901,3308796602.3942595,,2026-06-07 11:00:16.287+00
solana,sol,Solana,65.03426178530293,37679016445.58314,3235940400.7878466,,2026-06-07 12:01:12.936+00
solana,sol,Solana,64.25835661523031,37226138528.24238,3252942845.1431355,,2026-06-07 13:00:58.307+00
solana,sol,Solana,64.27468681993504,37251437882.60107,3227947121.3406367,,2026-06-07 14:00:39.515+00
solana,sol,Solana,64.86508668057226,37576606812.031204,3195187013.2457447,,2026-06-07 15:00:47.146+00
solana,sol,Solana,64.93412436824141,37626333633.41328,3088429969.011361,,2026-06-07 16:00:46.867+00
solana,sol,Solana,65.09835261085897,37718702598.01302,2975730863.5294547,,2026-06-07 17:01:01.725+00
solana,sol,Solana,65.27756592555146,37815638375.22684,2918110916.39739,,2026-06-07 18:00:17.025+00
solana,sol,Solana,65.07014402887214,37704504936.69127,2841943722.262983,,2026-06-07 19:00:42.84+00
solana,sol,Solana,63.93669629887368,37052474674.76254,2910390534.275069,,2026-06-07 20:00:06.905+00
solana,sol,Solana,64.69957510449412,37482054008.383064,2900827398.3947945,,2026-06-07 21:00:38.383+00
solana,sol,Solana,64.35899788358911,37298956516.04885,2864839699.5241957,,2026-06-07 22:00:32.621+00
solana,sol,Solana,66.22626161469891,38396807939.432495,3108096664.084053,,2026-06-07 23:00:44.806+00
solana,sol,Solana,66.23804945065606,38396875748.623276,3190683766.4057837,,2026-06-08 00:00:46.167+00
solana,sol,Solana,66.8273005102493,38715053529.66234,3323801739.4479623,,2026-06-08 01:00:46.659+00
solana,sol,Solana,65.95314311408045,38209983675.14328,3293433752.991308,,2026-06-08 02:00:38.663+00
solana,sol,Solana,66.3931723622451,38425987214.69686,3281749343.6683373,,2026-06-08 03:00:24.002+00
solana,sol,Solana,66.29228287303705,38389125220.33801,3243307061.723083,,2026-06-08 04:00:51.736+00
solana,sol,Solana,65.59797822744771,38001177601.552505,3217242919.771526,,2026-06-08 05:00:43.283+00
solana,sol,Solana,65.16968909667395,37743588056.46334,3173077955.9466352,,2026-06-08 06:00:49.879+00
solana,sol,Solana,65.65085817326919,38064389953.33461,3174636345.757453,,2026-06-08 07:00:32.112+00
solana,sol,Solana,66.05659626998364,38287811702.20577,3128553768.5805454,,2026-06-08 08:00:22.489+00
solana,sol,Solana,65.49191274159755,37937858278.13402,3078683569.9805236,,2026-06-08 09:00:46.97+00
solana,sol,Solana,66.20069260987059,38336451397.19249,3005399261.5703444,,2026-06-08 10:00:45.96+00
solana,sol,Solana,66.11969125565096,38268174527.42385,3010297360.4152303,,2026-06-08 11:00:04.015+00
solana,sol,Solana,66.68055568324561,38634231027.96641,3149952857.0528283,,2026-06-08 12:00:44.973+00
solana,sol,Solana,66.92304066189534,38764632390.52944,3155456212.6624985,,2026-06-08 13:00:37.603+00
solana,sol,Solana,66.77104383694042,38680530355.80393,3211730416.3284245,,2026-06-08 14:00:46.866+00
solana,sol,Solana,66.97308278090821,38770669232.49297,3360225444.5049353,,2026-06-08 15:00:08.769+00
solana,sol,Solana,67.33453285821699,39016960242.45789,3481309471.4377265,,2026-06-08 16:00:44.85+00
solana,sol,Solana,67.05515045104076,38896656385.49124,3493960967.1703486,,2026-06-08 17:00:53.525+00
solana,sol,Solana,67.14541862529649,38834213185.17907,3583273436.1850495,,2026-06-08 18:00:52.846+00
solana,sol,Solana,67.37600086984502,39039395103.860115,3617756321.263673,,2026-06-08 19:00:28.463+00
solana,sol,Solana,67.43745817074195,39091321705.32036,3546174929.4154916,,2026-06-08 20:00:21.953+00
solana,sol,Solana,67.29232709771999,38992765509.12879,3544213808.488338,,2026-06-08 21:00:30.532+00
solana,sol,Solana,67.70208314007137,39232157391.204384,3595895507.3531694,,2026-06-08 22:00:30.957+00
solana,sol,Solana,67.09419753465517,38855404833.61739,3331078960.1819777,,2026-06-08 23:00:48.514+00
solana,sol,Solana,66.7152718205585,38658052240.55827,3259028211.022592,,2026-06-09 00:00:28.187+00
solana,sol,Solana,65.41322490286807,37927903239.46983,3315020765.90965,,2026-06-09 01:00:58.597+00
solana,sol,Solana,65.87716374855343,38134078259.58655,3269518168.759786,,2026-06-09 02:00:40.215+00
solana,sol,Solana,65.78686201071008,38087831300.79607,3217950193.073779,,2026-06-09 03:00:02.052+00
solana,sol,Solana,65.81621853748578,38138688163.91231,3168406505.829867,,2026-06-09 04:01:04.731+00
solana,sol,Solana,67.09931377937006,38878824525.94416,3300186591.8955426,,2026-06-09 05:00:23.435+00
solana,sol,Solana,67.19952431573154,38930587802.82404,3357599121.5318985,,2026-06-09 06:00:29.518+00
solana,sol,Solana,66.99519370956745,38822109859.80602,3337156494.6771584,,2026-06-09 07:00:21.249+00
solana,sol,Solana,66.8646106074764,38731952401.05974,3340314245.0675926,,2026-06-09 08:00:59.814+00
solana,sol,Solana,66.58833316388866,38581288075.33446,3332274330.922623,,2026-06-09 09:00:36.161+00
solana,sol,Solana,66.14988616148783,38334845610.112335,3315585110.236262,,2026-06-09 10:00:40.453+00
solana,sol,Solana,66.20759809812252,38350492668.09455,3277617948.2199187,,2026-06-09 11:00:43.579+00
solana,sol,Solana,66.0337320144444,38261899001.938255,3194762188.999364,,2026-06-09 12:00:26.525+00
solana,sol,Solana,65.99613422757253,38242559951.20053,3079386499.1591463,,2026-06-09 13:00:52.641+00
solana,sol,Solana,66.05489759558051,38285184895.59964,3114172642.0990257,,2026-06-09 14:00:19.315+00
solana,sol,Solana,64.60661568442443,37428298391.226364,3113325545.5308633,,2026-06-09 15:00:31.198+00
solana,sol,Solana,64.37456034709638,37355624109.54935,3056706485.616013,,2026-06-09 16:00:57.949+00
solana,sol,Solana,64.14317864763389,37048235225.023895,3166097668.0791464,,2026-06-09 17:00:24.113+00
solana,sol,Solana,64.77166683764358,37550762215.20547,3223317553.1315436,,2026-06-09 18:00:55.776+00
solana,sol,Solana,65.12603537205456,37734132957.19352,3250703917.830235,,2026-06-09 19:00:57.278+00
solana,sol,Solana,65.45945130365007,37933651766.32797,3227517464.0238843,,2026-06-09 20:01:09.468+00
solana,sol,Solana,65.53075600952256,37948824932.44536,3200086152.760597,,2026-06-09 21:01:27.975+00
solana,sol,Solana,64.91986364109306,37609524103.8222,3099547339.410027,,2026-06-09 22:00:30.389+00
solana,sol,Solana,64.93043817265145,37645211672.43086,3102958949.6839886,,2026-06-09 23:00:35.328+00
solana,sol,Solana,64.9594701064649,37642046442.18328,3117481010.2630014,,2026-06-10 00:01:02.451+00
solana,sol,Solana,64.98740924624141,37652907859.094864,2983267851.592835,,2026-06-10 01:00:45.935+00
solana,sol,Solana,65.12064528871123,37730215511.08181,2926264465.0334053,,2026-06-10 02:00:42.734+00
solana,sol,Solana,64.22899503845699,37215234022.38788,2915884050.6970444,,2026-06-10 03:00:06.328+00
solana,sol,Solana,64.4821933394226,37353758670.34276,2921257975.372503,,2026-06-10 04:00:36.643+00
solana,sol,Solana,64.19420636062551,37194118606.25003,2782715761.352748,,2026-06-10 05:00:38.964+00
solana,sol,Solana,64.03149100179527,37073870198.57572,2677243193.484213,,2026-06-10 06:00:57.074+00
solana,sol,Solana,64.21058298122094,37198994233.37693,2661096208.9120164,,2026-06-10 07:00:52.342+00
solana,sol,Solana,64.49143509454164,37381032837.73141,2639056748.538292,,2026-06-10 08:01:14.94+00
solana,sol,Solana,63.551095021831266,36804086935.81785,2665073851.0668845,,2026-06-10 09:00:50.399+00
solana,sol,Solana,63.43489897261002,36744328717.70982,2649669986.70803,,2026-06-10 10:00:14.777+00
solana,sol,Solana,63.633299624332295,36877703722.044815,2658241802.3461885,,2026-06-10 11:00:17.194+00
solana,sol,Solana,63.49229141854255,36808504465.133835,2738441886.374576,,2026-06-10 12:00:30.953+00
solana,sol,Solana,64.32987535479062,37285716489.54086,2874061140.5666246,,2026-06-10 13:00:27.002+00
solana,sol,Solana,65.05313022578449,37701075227.62151,3013750588.1392684,,2026-06-10 14:01:04.243+00
solana,sol,Solana,64.81767631555545,37558201473.24915,2916982710.8032207,,2026-06-10 15:00:59.764+00
solana,sol,Solana,65.17674483933838,37716818879.46885,2984646699.6245894,,2026-06-10 16:00:48.299+00
solana,sol,Solana,64.53602431507673,37355440144.63325,2878710205.306905,,2026-06-10 17:00:12.663+00
solana,sol,Solana,63.9070808266747,37025579774.806145,2888930423.599164,,2026-06-10 18:01:12.316+00
solana,sol,Solana,63.54744530553964,36802720041.95373,2892216750.8994308,,2026-06-10 19:00:33.605+00
solana,sol,Solana,63.546350363485566,36813270210.32945,2895920942.081821,,2026-06-10 20:00:22.049+00
solana,sol,Solana,63.25957777137712,36660004812.45844,2925014410.733357,,2026-06-10 21:00:41.77+00
solana,sol,Solana,62.44487825105945,36276978809.92746,2949331439.390569,,2026-06-10 22:00:41.345+00
solana,sol,Solana,62.79662199443572,36389162752.29997,2963648266.876632,,2026-06-10 23:00:24.429+00
solana,sol,Solana,63.17177713245619,36608494381.18081,3055400392.8439083,,2026-06-11 00:00:51.383+00
solana,sol,Solana,63.6441721553181,36895167917.59111,3045034630.569393,,2026-06-11 01:00:12.463+00
solana,sol,Solana,64.90020138368482,37621394648.73569,3127549141.905558,,2026-06-11 02:00:30.756+00
solana,sol,Solana,64.49283260684828,37362243586.55226,3203762542.2037477,,2026-06-11 03:00:09.572+00
solana,sol,Solana,64.83872814549522,37598962762.45961,3222327195.835095,,2026-06-11 04:00:10.889+00
solana,sol,Solana,65.20234027058963,37785336851.05087,3331791753.846567,,2026-06-11 05:00:14.597+00
solana,sol,Solana,65.00046007804292,37677293326.12104,3312577120.738279,,2026-06-11 06:00:57.154+00
solana,sol,Solana,65.09260022882367,37756502924.82456,3347051780.792357,,2026-06-11 07:00:53.167+00
solana,sol,Solana,64.94175983876934,37644179406.316734,3329559070.878026,,2026-06-11 08:01:00.119+00
solana,sol,Solana,65.23674467329946,37828267344.63076,3322036343.6472807,,2026-06-11 09:00:35.521+00
solana,sol,Solana,65.39598111069759,37888463406.41234,3328640023.2591705,,2026-06-11 10:00:34.973+00
solana,sol,Solana,65.47865461181263,37952159932.36007,3300219109.81217,,2026-06-11 11:00:55.808+00
solana,sol,Solana,65.82724996127445,38162837917.76449,3237547100.212011,,2026-06-11 12:00:42.829+00
solana,sol,Solana,65.16527646447965,37787436203.72332,3221583056.109949,,2026-06-11 13:00:48.657+00
solana,sol,Solana,65.46709225338077,37955316901.079544,3073497232.944543,,2026-06-11 14:01:11.337+00
solana,sol,Solana,65.60861034440838,38013305685.59698,3026309665.550458,,2026-06-11 15:00:55.033+00
solana,sol,Solana,65.46376390370276,37903622123.43524,2909109440.5287724,,2026-06-11 16:00:59.511+00
solana,sol,Solana,65.38231669139152,37900508824.01782,2871743868.1348343,,2026-06-11 17:00:19.955+00
solana,sol,Solana,66.90528807432742,38785744343.036865,2998010327.2853117,,2026-06-11 18:00:15.071+00
solana,sol,Solana,66.80161494812313,38730572117.830124,3011790759.7913227,,2026-06-11 19:00:25.813+00
solana,sol,Solana,66.91212971915563,38790745298.67048,3014867188.452084,,2026-06-11 20:00:08.212+00
solana,sol,Solana,66.51059895797229,38544214574.45557,2998074511.826736,,2026-06-11 21:00:09.388+00
solana,sol,Solana,66.89085906649909,38780940688.54251,2923411574.21985,,2026-06-11 22:00:41.464+00
solana,sol,Solana,66.91336753336124,38802035019.28491,2862729581.9184513,,2026-06-11 23:00:50.341+00
solana,sol,Solana,66.74126912000104,38714541347.92488,2806788024.1748133,,2026-06-12 00:00:22.203+00
solana,sol,Solana,66.93232940027548,38804250631.489075,2801925188.285857,,2026-06-12 01:00:37.562+00
solana,sol,Solana,66.58768217807733,38584618296.5131,2682723696.864328,,2026-06-12 02:00:38.5+00
solana,sol,Solana,67.1157928697235,38908427107.441086,2643283515.0134006,,2026-06-12 03:00:52.316+00
solana,sol,Solana,66.9203620710924,38763423631.25829,2606332966.2439284,,2026-06-12 04:00:52.829+00
solana,sol,Solana,67.01377555184298,38853326251.93897,2581239162.192027,,2026-06-12 05:00:30.351+00
solana,sol,Solana,66.63001595123403,38641396263.24032,2620781437.5663385,,2026-06-12 06:00:57.505+00
solana,sol,Solana,66.05190584002096,38281542329.91838,2594117665.1952076,,2026-06-12 07:00:25.071+00
solana,sol,Solana,66.14509897588287,38339338196.13496,2603370477.4285493,,2026-06-12 08:00:28.418+00
solana,sol,Solana,66.78090952335062,38708833240.44746,2628586219.055694,,2026-06-12 09:00:54.188+00
solana,sol,Solana,67.18811701001532,38965083617.386925,2642715923.8513055,,2026-06-12 10:00:49.25+00
solana,sol,Solana,66.77989126851709,38716658746.74484,2681391490.940518,,2026-06-12 11:01:01.555+00
solana,sol,Solana,66.89854031754496,38780421243.57909,2616928349.0371804,,2026-06-12 12:00:47.559+00
solana,sol,Solana,66.7655302828023,38723322759.46108,2547333676.2691703,,2026-06-12 13:00:53.867+00
solana,sol,Solana,66.55767287230036,38592310325.26242,2567023525.795109,,2026-06-12 14:00:55.91+00
solana,sol,Solana,67.70345926538371,39237205422.65682,2730443063.686037,,2026-06-12 15:00:59.773+00
solana,sol,Solana,67.52546605053679,39109560861.49014,3028510195.2958355,,2026-06-12 16:00:51.368+00
solana,sol,Solana,67.89674482258471,39367182014.63345,3072570704.3895044,,2026-06-12 17:00:49.136+00
solana,sol,Solana,67.37574482611835,39070441384.42156,2904042100.987211,,2026-06-12 18:00:14.49+00
solana,sol,Solana,67.24222347649213,38989553700.09236,2863071530.5704427,,2026-06-12 19:00:48.301+00
solana,sol,Solana,66.7301016721329,38715542526.096504,2804858463.513297,,2026-06-12 20:00:51.902+00
solana,sol,Solana,66.57251117996472,38615105977.06196,2841269081.380896,,2026-06-12 21:00:46.201+00
solana,sol,Solana,66.62003787431837,38626336206.35852,2819519463.059198,,2026-06-12 22:00:48.002+00
solana,sol,Solana,66.5176624465043,38585098481.24321,2830106525.224198,,2026-06-12 23:00:47.292+00
solana,sol,Solana,66.70380660349642,38672420928.65836,2800749959.897315,,2026-06-13 00:00:06.285+00
solana,sol,Solana,66.98513096044427,38834825986.19169,2775426666.4878035,,2026-06-13 01:00:15.919+00
solana,sol,Solana,67.40766288111648,39086227033.04853,2756035887.9295034,,2026-06-13 02:00:16.611+00
solana,sol,Solana,66.90449157448465,38791497352.63994,2707536889.915162,,2026-06-13 03:00:51.616+00
solana,sol,Solana,66.8804845700227,38780429752.422104,2710053979.832849,,2026-06-13 04:00:44.446+00
solana,sol,Solana,66.83863307903025,38780673360.27,2675384171.5345316,,2026-06-13 05:00:58.682+00
solana,sol,Solana,66.64166379071159,38640226592.50002,2644779496.3342757,,2026-06-13 06:00:42.317+00
solana,sol,Solana,67.14402500665457,38903545476.3249,2580428503.7233686,,2026-06-13 07:00:46.824+00
solana,sol,Solana,67.35982544717625,39036122923.718056,2577788052.1502357,,2026-06-13 08:00:06.494+00
solana,sol,Solana,67.35071376425039,39053091014.73452,2559409070.009879,,2026-06-13 09:00:54.386+00
solana,sol,Solana,67.29089536626405,39010822461.38339,2464315102.3501205,,2026-06-13 10:00:52.261+00
solana,sol,Solana,67.3885506532253,39076572406.96456,2416657436.0062003,,2026-06-13 11:01:12.655+00
solana,sol,Solana,67.78046480506097,39289653946.89916,2399052280.2425294,,2026-06-13 12:01:12.803+00
solana,sol,Solana,67.89087396626803,39366309307.10055,2386859386.1858172,,2026-06-13 13:00:24.957+00
solana,sol,Solana,67.9331094695852,39424003535.7321,2334396804.4145784,,2026-06-13 14:00:46.688+00
solana,sol,Solana,68.19745148039763,39537072066.26189,2150413132.432038,,2026-06-13 15:00:50.208+00
solana,sol,Solana,68.52709380148264,39711244228.68016,1791300540.6412287,,2026-06-13 16:00:37.042+00
solana,sol,Solana,67.8989472189529,39361012250.08976,1751487775.9500167,,2026-06-13 17:00:20.657+00
solana,sol,Solana,68.00522644912998,39451519082.54171,1672334557.597673,,2026-06-13 18:00:14.131+00
solana,sol,Solana,68.08383827348037,39476641544.62781,1617706606.6764066,,2026-06-13 19:00:51.69+00
solana,sol,Solana,68.26190206845547,39615007660.6133,1569446336.5828614,,2026-06-13 20:00:41.407+00
solana,sol,Solana,68.146237285545,39512635983.42768,1445725244.6793265,,2026-06-13 21:00:41.727+00
solana,sol,Solana,69.32178684750444,40196513017.288414,1564075070.1352253,,2026-06-13 22:00:46.799+00
solana,sol,Solana,68.95601837528677,39979976387.84931,1590045102.5360262,,2026-06-13 23:00:45.211+00
solana,sol,Solana,68.80884889185675,39896222165.981445,1607612500.9276786,,2026-06-14 00:00:30.41+00
solana,sol,Solana,68.7095085032473,39858086251.76535,1638722839.9787714,,2026-06-14 01:00:50.537+00
solana,sol,Solana,68.90153079294276,39959028495.38847,1602952765.3025095,,2026-06-14 02:00:38.788+00
solana,sol,Solana,68.82053760291036,39904415508.66508,1630516755.3595297,,2026-06-14 03:00:41.088+00
solana,sol,Solana,68.94133101345653,39969241891.637276,1586789014.919462,,2026-06-14 04:00:33.307+00
solana,sol,Solana,68.4766076571672,39719278009.80591,1605495013.2076354,,2026-06-14 05:00:43.799+00
solana,sol,Solana,68.2990843244258,39601429762.81011,1654584811.4597285,,2026-06-14 06:00:42.605+00
solana,sol,Solana,68.12522860597713,39513018091.67926,1682888548.8814902,,2026-06-14 07:00:26.469+00
solana,sol,Solana,68.15058698321802,39510808781.62534,1654157368.2023356,,2026-06-14 08:00:39.5+00
solana,sol,Solana,68.21896338635074,39558406152.38871,1626950158.9883103,,2026-06-14 09:00:47.975+00
solana,sol,Solana,68.408512936249,39671822363.90783,1600901247.1715386,,2026-06-14 10:00:19.648+00
solana,sol,Solana,68.24924010568856,39584916540.231155,1604970200.425681,,2026-06-14 11:00:38.157+00
solana,sol,Solana,68.20147060860036,39565737297.38444,1574166633.3145585,,2026-06-14 12:00:27.963+00
solana,sol,Solana,67.74270329765594,39295883986.85177,1566436309.652187,,2026-06-14 13:00:46.48+00
solana,sol,Solana,67.66049244181923,39241804148.209625,1511570352.6681297,,2026-06-14 14:00:52.886+00
solana,sol,Solana,67.19350419446585,38975697816.64165,1533371624.5167043,,2026-06-14 15:00:41.451+00
solana,sol,Solana,67.43333877657747,39111360077.20081,1497732425.3799307,,2026-06-14 16:00:40.94+00
solana,sol,Solana,67.49019734912217,39138508870.84866,1457858735.6516843,,2026-06-14 17:00:43.662+00
solana,sol,Solana,67.33303058940072,39062960229.74163,1406502081.4008536,,2026-06-14 18:00:19.366+00
solana,sol,Solana,67.38525390204315,39079253146.865,1393291930.14642,,2026-06-14 19:00:43.744+00
solana,sol,Solana,67.53934028142083,39168866468.32206,1380741116.3873904,,2026-06-14 20:01:04.062+00
solana,sol,Solana,67.87047006638338,39372835125.50554,1391857447.303919,,2026-06-14 21:00:36.225+00
solana,sol,Solana,70.33465829680642,40737201915.451645,1546626323.5169897,,2026-06-14 22:00:41.464+00
solana,sol,Solana,70.43342691367616,40878474356.604774,1645640375.2139893,,2026-06-14 23:00:47.654+00
solana,sol,Solana,71.09229620759187,41223828549.28575,1779899330.1449814,,2026-06-15 00:00:21.018+00
solana,sol,Solana,70.98229239298627,41161907039.366516,1893486241.3205154,,2026-06-15 01:00:46.351+00
solana,sol,Solana,71.10417957688949,41260726231.91907,1900442288.3923328,,2026-06-15 02:00:33.829+00
solana,sol,Solana,70.98820443143512,41178412516.15293,1929844211.576363,,2026-06-15 03:00:03.398+00
solana,sol,Solana,71.23952584920978,41306286689.74416,1983560187.6066282,,2026-06-15 04:00:53.975+00
solana,sol,Solana,70.94210260655808,41141533756.62336,1997041841.1389754,,2026-06-15 05:00:23.379+00
solana,sol,Solana,71.13083178922065,41233347331.76371,1920816671.457516,,2026-06-15 06:00:23.624+00
solana,sol,Solana,71.34764881704281,41393389825.293434,1914580819.8929234,,2026-06-15 07:00:36.348+00
solana,sol,Solana,71.31594815762017,41333427879.62291,1943641718.9963646,,2026-06-15 08:01:15.925+00
solana,sol,Solana,71.29579249013793,41365732347.460464,1967144264.0763786,,2026-06-15 09:01:03.647+00
solana,sol,Solana,71.1383821713897,41248374821.50507,2024643512.2460575,,2026-06-15 10:01:12.668+00
solana,sol,Solana,71.51917956340576,41441043107.197586,1979274817.488818,,2026-06-15 11:00:56.883+00
solana,sol,Solana,72.58491044712423,42120943812.308876,2257336180.915361,,2026-06-15 12:01:13.964+00
solana,sol,Solana,72.75641477502167,42194439530.173,2343024435.8737745,,2026-06-15 13:00:22.459+00
solana,sol,Solana,73.57690152746373,42680263675.898705,2574489286.1624355,,2026-06-15 14:01:14.017+00
solana,sol,Solana,73.79454973131682,42807094152.970406,2688189758.8276453,,2026-06-15 15:00:12.318+00
solana,sol,Solana,75.1241298209313,43568415965.26131,2790704270.5609317,,2026-06-15 16:00:23.728+00
solana,sol,Solana,75.60308141311158,43839678815.286835,3047651242.91899,,2026-06-15 17:00:24.516+00
solana,sol,Solana,75.23034131248447,43626809028.407,3192082556.5304747,,2026-06-15 18:01:09.108+00
solana,sol,Solana,75.34725634293396,43706476425.24601,3276773155.018517,,2026-06-15 19:01:00.227+00
solana,sol,Solana,75.13173292946333,43570850289.56175,3376306808.2952857,,2026-06-15 20:00:45.971+00
solana,sol,Solana,74.815385831048,43386906195.64177,3448635505.801004,,2026-06-15 21:00:58.195+00
solana,sol,Solana,74.47003679445672,43195504521.3507,3253348864.1628313,,2026-06-15 22:00:41.349+00
solana,sol,Solana,73.75107060635044,42772222701.68206,3156969318.5521216,,2026-06-15 23:01:10.415+00
solana,sol,Solana,73.96445312743218,42870067431.05761,3083746856.375229,,2026-06-16 00:00:42.393+00
solana,sol,Solana,74.17182500664997,43019966732.878815,3015262058.832039,,2026-06-16 01:00:20.638+00
solana,sol,Solana,74.10214634624599,42975047910.21942,2979740873.441984,,2026-06-16 02:00:53.562+00
solana,sol,Solana,73.02761237708161,42354475806.83415,2973889090.301414,,2026-06-16 03:00:54.533+00
solana,sol,Solana,73.6503314273537,42719834932.47688,2993425381.066442,,2026-06-16 04:00:41.99+00
solana,sol,Solana,73.30448018236864,42508321135.25309,3038056996.321361,,2026-06-16 05:01:25.598+00
solana,sol,Solana,73.71715568114571,42759573391.12447,3064221210.2408037,,2026-06-16 06:00:29.084+00
solana,sol,Solana,74.18029994714763,42993157906.793724,3115783528.490902,,2026-06-16 07:00:04.754+00
solana,sol,Solana,74.43508931051178,43164422827.2097,3080830478.0575304,,2026-06-16 08:00:34.447+00
solana,sol,Solana,75.29501138263151,43573736236.44874,3185426834.360972,,2026-06-16 09:00:56.837+00
solana,sol,Solana,74.89655228036075,43443475541.454285,3197326873.195908,,2026-06-16 10:00:41.928+00
solana,sol,Solana,74.84808889820543,43416053440.73219,3159598331.429362,,2026-06-16 11:00:51.439+00
solana,sol,Solana,74.54602697811288,43214010870.869995,3016760432.5930963,,2026-06-16 12:00:45.915+00
solana,sol,Solana,74.76566165320158,43350841661.578415,3011474685.063637,,2026-06-16 13:00:58.081+00
solana,sol,Solana,74.07190140155068,42987250055.22421,2902326725.9385047,,2026-06-16 14:00:44.753+00
solana,sol,Solana,72.93340212928003,42308411597.62394,2893844501.98399,,2026-06-16 15:00:43.603+00
solana,sol,Solana,73.34170782917357,42553531142.928474,2868344841.181664,,2026-06-16 16:00:27.799+00
solana,sol,Solana,73.04027274771937,42367474903.153534,2718121346.0949173,,2026-06-16 17:00:52.471+00
solana,sol,Solana,73.6545241570473,42725111712.43332,2574856878.646753,,2026-06-16 18:00:33.24+00
solana,sol,Solana,74.00566599169731,42948558647.19093,2557026703.951963,,2026-06-16 19:00:26.536+00
solana,sol,Solana,73.89938594891775,42908567915.14648,2548188131.728494,,2026-06-16 20:00:42.448+00
solana,sol,Solana,74.12955182772103,42977612651.786934,2500259517.2154818,,2026-06-16 21:00:30.375+00
solana,sol,Solana,73.86080931037432,42834852236.79634,2498050371.0096335,,2026-06-16 22:00:39.469+00
solana,sol,Solana,73.64039231948368,42700096237.18711,2412647700.425684,,2026-06-16 23:00:25.323+00
solana,sol,Solana,73.43495563353774,42599847653.942184,2326433120.2763395,,2026-06-17 00:00:38.141+00
solana,sol,Solana,73.38628089539867,42630004140.942635,2360354130.170165,,2026-06-17 01:00:31.606+00
solana,sol,Solana,73.7598122443419,42744597341.27518,2347760378.719619,,2026-06-17 02:01:19.671+00
solana,sol,Solana,73.83577575767534,42827697769.816284,2278390285.4464045,,2026-06-17 03:00:05.29+00
solana,sol,Solana,73.60948097258968,42676024278.71417,2252030777.3947964,,2026-06-17 04:00:10.843+00
solana,sol,Solana,73.83780702574353,42840311078.01706,2240259811.4404306,,2026-06-17 05:00:42.34+00
solana,sol,Solana,73.6145128094712,42712918234.92469,2274138322.1137404,,2026-06-17 06:01:07.274+00
solana,sol,Solana,73.32140916477545,42527776560.275696,2214630384.969117,,2026-06-17 07:00:58.074+00
solana,sol,Solana,73.0968256823841,42454202102.812706,2238680392.8221498,,2026-06-17 08:00:16.59+00
solana,sol,Solana,72.25486915877698,41916226648.76325,2243338128.0657306,,2026-06-17 09:00:25.638+00
solana,sol,Solana,72.4697238415511,42038582513.43341,2245228732.4398413,,2026-06-17 10:00:16.78+00
solana,sol,Solana,72.25529359482864,41920261537.3088,2223120790.4291515,,2026-06-17 11:00:21.232+00
solana,sol,Solana,72.07820546146193,41809439763.89129,2228189853.5098643,,2026-06-17 12:00:23.209+00
solana,sol,Solana,72.13280566214237,41857697862.02812,2223960461.574255,,2026-06-17 13:00:28.856+00
solana,sol,Solana,72.58175754927262,42113930188.297325,2147478128.1691763,,2026-06-17 14:00:34.883+00
solana,sol,Solana,72.43571153877893,42013791735.22817,2051618625.3719687,,2026-06-17 15:00:36.391+00
solana,sol,Solana,73.64605423868863,42744528274.089096,2106489943.878657,,2026-06-17 16:00:16.866+00
solana,sol,Solana,73.84520695929236,42853693011.690475,2194819210.1157913,,2026-06-17 17:01:04.144+00
solana,sol,Solana,73.99862900397596,42923355759.37954,2198411497.447968,,2026-06-17 18:00:23.996+00
solana,sol,Solana,74.02398638508132,42977776290.04466,2414715169.2297363,,2026-06-17 19:00:32.388+00
solana,sol,Solana,71.64401468592594,41555112568.66175,2592252260.25681,,2026-06-17 20:00:17.093+00
solana,sol,Solana,71.87463410495326,41693611823.502396,2663199928.576342,,2026-06-17 21:00:10.434+00
solana,sol,Solana,71.49851558512097,41461789332.54449,2721656725.8183894,,2026-06-17 22:00:17.338+00
solana,sol,Solana,71.8246274514537,41670348716.01924,2738681234.222941,,2026-06-17 23:00:20.957+00
solana,sol,Solana,71.97734145231792,41746780613.40105,2763627181.3823323,,2026-06-18 00:00:37.711+00
solana,sol,Solana,72.25543137509499,41914675921.35943,2774552731.191338,,2026-06-18 01:00:48.392+00
solana,sol,Solana,72.11189694361765,41826398294.10393,2768035222.6936016,,2026-06-18 02:00:37.519+00
solana,sol,Solana,72.48049336947459,42043265633.50456,2761861477.625144,,2026-06-18 03:00:25.589+00
solana,sol,Solana,71.68140126226436,41615146528.47076,2763781853.8808293,,2026-06-18 04:00:14.334+00
solana,sol,Solana,70.98555754638201,41119183303.03049,2731541190.1320767,,2026-06-18 05:00:49.437+00
solana,sol,Solana,71.02631081411383,41170223893.26694,2729577907.367793,,2026-06-18 06:00:22.704+00
solana,sol,Solana,71.24408833069732,41325165916.25627,2766792167.3857436,,2026-06-18 07:00:40.773+00
solana,sol,Solana,71.69832464092211,41590809322.98922,2734583146.6189027,,2026-06-18 08:00:50.727+00
solana,sol,Solana,71.91371273151834,41724647489.02268,2677484626.086489,,2026-06-18 09:00:45.874+00
solana,sol,Solana,71.85278647948937,41687289625.99553,2671439673.804294,,2026-06-18 10:00:49.015+00
solana,sol,Solana,71.31292325004028,41260037436.409195,2685169149.6267753,,2026-06-18 11:00:14.049+00
solana,sol,Solana,70.78971997027527,41054934033.34193,2639325720.0470753,,2026-06-18 12:00:53.111+00
solana,sol,Solana,71.39359715926815,41454224931.682884,2653750375.1237216,,2026-06-18 13:00:25.89+00
solana,sol,Solana,71.16467739830544,41252670246.15654,2615625321.732924,,2026-06-18 14:00:37.564+00
solana,sol,Solana,70.95798929837403,41132032308.029915,2622930857.0137777,,2026-06-18 15:01:10.45+00
solana,sol,Solana,68.60428662545847,39958454944.57123,2823557927.504947,,2026-06-18 16:00:25.434+00
solana,sol,Solana,68.8256255081115,39891247805.71077,2945153160.4438734,,2026-06-18 17:00:33.323+00
solana,sol,Solana,68.59631411148928,39797812619.536766,2951155063.106246,,2026-06-18 18:00:45.97+00
solana,sol,Solana,68.62466081672828,39840668869.759796,2814221581.1800613,,2026-06-18 19:00:57.606+00
solana,sol,Solana,69.40693641881981,40269674998.01405,2560690128.2995524,,2026-06-18 20:00:59.306+00
solana,sol,Solana,69.80271688500618,40445249430.56299,2523092891.729542,,2026-06-18 21:00:52.29+00
solana,sol,Solana,69.4367577207973,40306153106.28324,2494814055.420362,,2026-06-18 22:00:39.558+00
solana,sol,Solana,69.488630364045,40286603341.195206,2494756340.335284,,2026-06-18 23:00:41.665+00
solana,sol,Solana,69.6417248770243,40380866374.34283,2467220255.431054,,2026-06-19 00:00:57.736+00
solana,sol,Solana,69.7041183349664,40443864847.65482,2466098204.248854,,2026-06-19 01:00:57.698+00
solana,sol,Solana,69.80092892293989,40496681633.35658,2470837039.40713,,2026-06-19 02:00:37.743+00
solana,sol,Solana,69.5673567140658,40290949455.68804,2454758607.440918,,2026-06-19 03:00:18.588+00
solana,sol,Solana,68.95321884402563,39994176285.63702,2472384007.817972,,2026-06-19 04:00:05.107+00
solana,sol,Solana,68.34839309374661,39723107443.03027,2514460704.650195,,2026-06-19 05:00:14.613+00
solana,sol,Solana,68.60853688236475,39789682364.57605,2489008308.2618284,,2026-06-19 06:00:10.834+00
solana,sol,Solana,68.53967391100092,39759442203.755264,2566998684.612702,,2026-06-19 07:00:45.708+00
solana,sol,Solana,68.25210160234477,39519803380.75571,2600197150.391098,,2026-06-19 08:00:21.533+00
solana,sol,Solana,68.55698197134481,39777331673.860435,2589003485.062939,,2026-06-19 09:00:25.771+00
solana,sol,Solana,68.31997015420716,39652316211.877335,2632023046.121292,,2026-06-19 10:00:19.979+00
solana,sol,Solana,68.25540918998513,39599235671.28139,2603752255.539718,,2026-06-19 11:00:42.669+00
solana,sol,Solana,68.27600747313208,39644971634.40757,2570130106.3618193,,2026-06-19 12:00:17.157+00
solana,sol,Solana,68.37520966101695,39650349723.83688,2644159388.9019556,,2026-06-19 13:00:44.539+00
solana,sol,Solana,69.25517792537819,40189108987.542984,2595955725.0730567,,2026-06-19 14:00:07.86+00
solana,sol,Solana,69.2451041190797,40213044112.00211,2613872414.9205923,,2026-06-19 15:00:39.696+00
solana,sol,Solana,69.26275335549248,40182990339.641304,2220138113.621615,,2026-06-19 16:00:20.756+00
solana,sol,Solana,69.01767690798923,40084007618.55821,2172240051.066921,,2026-06-19 17:00:17.244+00
solana,sol,Solana,69.25702360985852,40210249215.77486,2118547006.8233173,,2026-06-19 18:00:41.972+00
solana,sol,Solana,68.90757571024298,40002309800.83183,1993806380.6602824,,2026-06-19 19:00:36.128+00
solana,sol,Solana,68.97758198223563,40009551642.198135,1978266444.026252,,2026-06-19 20:00:04.933+00
solana,sol,Solana,69.13507125912182,40080491158.95272,1904852254.005072,,2026-06-19 21:00:40.333+00
solana,sol,Solana,68.92459738771161,39983039431.02798,1912222353.8202226,,2026-06-19 22:00:15.779+00
solana,sol,Solana,69.3200006618867,40211687650.41125,1877537715.6019151,,2026-06-19 23:00:53.834+00
solana,sol,Solana,69.40949530591867,40261122330.70885,1918237595.2303617,,2026-06-20 00:00:26.477+00
solana,sol,Solana,69.63101163195323,40423497215.31716,1960472409.2603319,,2026-06-20 01:00:42.075+00
solana,sol,Solana,69.75116726922396,40457991115.49334,1934106953.3509078,,2026-06-20 02:00:45.75+00
solana,sol,Solana,69.61222549279155,40382285673.70721,1909854462.0534527,,2026-06-20 03:00:49.784+00
solana,sol,Solana,69.93248762436995,40577325281.29499,1815375735.980271,,2026-06-20 04:00:28.093+00
solana,sol,Solana,70.86622354109467,41114631532.77208,1813563659.2866917,,2026-06-20 05:00:10.841+00
solana,sol,Solana,71.71289529663657,41595296672.222244,1893541716.473812,,2026-06-20 06:00:07.159+00
solana,sol,Solana,72.10114832636442,41853838245.61446,1927534238.7776442,,2026-06-20 07:00:16.661+00
solana,sol,Solana,71.5260676623104,41515793335.10985,1908229891.0528858,,2026-06-20 08:00:11.91+00
solana,sol,Solana,71.28003297098473,41363936184.3193,1912619084.8855004,,2026-06-20 09:00:12.428+00
solana,sol,Solana,71.50092412387163,41487810444.99455,1886851421.9223826,,2026-06-20 10:00:39.464+00
solana,sol,Solana,71.54397674025867,41501394184.35704,1856081649.638863,,2026-06-20 11:00:51.236+00
solana,sol,Solana,71.82579636700598,41686613331.0176,1850427779.3729563,,2026-06-20 12:00:08.519+00
solana,sol,Solana,71.4428158774935,41457449519.62357,1849011294.647209,,2026-06-20 13:00:22.75+00
solana,sol,Solana,71.13974282495278,41290614924.29519,1728692880.1214087,,2026-06-20 14:01:08.962+00
solana,sol,Solana,71.81733841503143,41685800206.4796,1679194378.11965,,2026-06-20 15:00:22.844+00
solana,sol,Solana,71.90576138347194,41719675796.818115,1969552009.2598228,,2026-06-20 16:00:52.256+00
solana,sol,Solana,71.53063428572173,41508060446.781075,2021777227.0551486,,2026-06-20 17:00:30.008+00
solana,sol,Solana,71.50715018892735,41505058635.761734,1900484436.2809265,,2026-06-20 18:00:52.967+00
solana,sol,Solana,71.69745501840714,41617706270.37821,2003040121.4806755,,2026-06-20 19:00:47.02+00
solana,sol,Solana,71.73114140926904,41626993357.488045,2038291624.6519127,,2026-06-20 20:00:47.122+00
solana,sol,Solana,71.90785209717845,41722588782.14832,2011573617.9551444,,2026-06-20 21:00:03.935+00
solana,sol,Solana,72.2692353116214,41932279394.86703,2028599614.8716068,,2026-06-20 22:00:57.849+00
solana,sol,Solana,73.62458600117193,42725824653.7189,2232091939.909585,,2026-06-20 23:00:11.723+00
solana,sol,Solana,73.20219620052508,42487082777.74696,2243628945.326894,,2026-06-21 00:00:24.612+00
solana,sol,Solana,73.0681537092448,42390056637.36701,2192467529.423633,,2026-06-21 01:00:15.312+00
solana,sol,Solana,73.10612077106092,42418487293.29782,2235618512.295784,,2026-06-21 02:00:35.798+00
solana,sol,Solana,73.22778225767932,42493407883.76147,2209055983.3328815,,2026-06-21 03:00:10.503+00
solana,sol,Solana,73.60984338766534,42722833936.73593,2253920049.2680664,,2026-06-21 04:00:42.934+00
solana,sol,Solana,73.49029796062719,42673336480.90515,2245263471.6510015,,2026-06-21 05:00:12.09+00
solana,sol,Solana,72.96620609482261,42341607584.86774,2097122895.7776914,,2026-06-21 06:00:20.872+00
solana,sol,Solana,73.16561331782654,42452733130.59105,2050768508.6198893,,2026-06-21 07:00:17.751+00
solana,sol,Solana,73.15753135737259,42462242855.60567,2086677206.5759752,,2026-06-21 08:00:19.13+00
solana,sol,Solana,72.94749939111247,42318463177.809814,2087465750.3352747,,2026-06-21 09:00:31.759+00
solana,sol,Solana,73.95298902077863,42910166675.72061,2175222248.0798683,,2026-06-21 10:00:47.035+00
solana,sol,Solana,73.9703595917034,42950525967.02099,2215332975.03413,,2026-06-21 11:00:12.894+00
solana,sol,Solana,73.26088431449915,42574203595.08877,2186095240.4335036,,2026-06-21 12:00:31.616+00
solana,sol,Solana,73.54440315416538,42531759390.385124,2258771064.6692715,,2026-06-21 13:01:03.462+00
solana,sol,Solana,73.58544086307738,42698747830.7768,2296791707.725734,,2026-06-21 14:00:01.533+00
solana,sol,Solana,73.84519702930423,42848703072.49897,2238138211.659205,,2026-06-21 15:00:09.978+00
solana,sol,Solana,73.98388866714113,42934421268.79307,2047423730.1654313,,2026-06-21 16:00:55.42+00
solana,sol,Solana,74.36144090043977,43130879309.816986,2034790068.4659894,,2026-06-21 17:00:11.041+00
solana,sol,Solana,74.2816356097191,43103362009.33079,2104595014.757975,,2026-06-21 18:00:30.609+00
solana,sol,Solana,74.07912594384516,43031608022.145905,2089791694.1297047,,2026-06-21 19:00:04.091+00
solana,sol,Solana,74.32848086199664,43138245477.99015,2079937021.1692882,,2026-06-21 20:00:27.029+00
solana,sol,Solana,73.42913301052513,42608737897.465294,2112218273.8528447,,2026-06-21 21:01:10.625+00
solana,sol,Solana,73.1820393816868,42485562310.51438,2218739196.275672,,2026-06-21 22:00:13.52+00
solana,sol,Solana,72.97603752194749,42347273209.54549,2056098993.3158846,,2026-06-21 23:00:20.491+00
solana,sol,Solana,72.4538780702463,42061320595.041824,2088770352.6520982,,2026-06-22 00:00:20.288+00
solana,sol,Solana,73.0911861323236,42460346149.2461,2145984737.4663749,,2026-06-22 01:01:13.371+00
solana,sol,Solana,74.3518444638722,43120664145.62735,2276635515.994152,,2026-06-22 02:00:26.917+00
solana,sol,Solana,73.76387932823381,42810988447.9849,2289864144.8861785,,2026-06-22 03:01:04.876+00
solana,sol,Solana,73.55483410636816,42684895535.97579,2288070036.9353013,,2026-06-22 04:00:23.613+00
solana,sol,Solana,73.76034776105726,42802019160.28384,2308184135.6262445,,2026-06-22 05:01:11.219+00
solana,sol,Solana,73.81183761870442,42832384412.462234,2327614864.4579854,,2026-06-22 06:01:19.677+00
solana,sol,Solana,73.56519057645656,42691963644.34955,2331347145.475818,,2026-06-22 07:00:31.562+00
solana,sol,Solana,74.04775371297666,43016857430.35523,2292238475.6347466,,2026-06-22 08:00:11.837+00
solana,sol,Solana,73.83530638180076,42855261089.642166,2275057199.947254,,2026-06-22 09:00:47.951+00
solana,sol,Solana,73.68057469665001,42761265101.56418,2256173870.4641533,,2026-06-22 10:00:15.145+00
solana,sol,Solana,73.76260807723318,42807262780.3937,2219381420.1951437,,2026-06-22 11:00:48.956+00
solana,sol,Solana,74.13810849651871,43031978281.6541,2355180512.5531044,,2026-06-22 12:00:02.438+00
solana,sol,Solana,74.29146620679884,43131225233.39859,2408696309.092713,,2026-06-22 13:00:42.648+00
solana,sol,Solana,74.79403718123494,43384410059.26991,2477682460.452473,,2026-06-22 14:00:10.096+00
solana,sol,Solana,73.52302327414372,42656491152.396324,2554797885.4908347,,2026-06-22 15:00:25.657+00
solana,sol,Solana,73.05033958690107,42390468651.28371,2572502132.0840554,,2026-06-22 16:01:14.074+00
solana,sol,Solana,72.71783062321683,42185017894.40593,2685652664.106439,,2026-06-22 17:00:29.437+00
solana,sol,Solana,73.16274352495195,42372188471.19689,2649287062.5834923,,2026-06-22 18:00:47.208+00
solana,sol,Solana,72.80218561187746,42267863953.245056,2689883012.4718013,,2026-06-22 19:00:43.591+00
solana,sol,Solana,72.63769929498389,42150720543.06112,2682342942.6594524,,2026-06-22 20:00:12.724+00
solana,sol,Solana,72.66876017475953,42178243928.26968,2674789086.8841405,,2026-06-22 21:01:15.27+00
solana,sol,Solana,72.59653923331255,42131306858.08959,2612359715.2870893,,2026-06-22 22:01:12.814+00
solana,sol,Solana,71.88860692821946,41718937919.1504,2670642826.903343,,2026-06-22 23:00:44.89+00
solana,sol,Solana,71.835438394739,41688744651.65844,2601612787.996281,,2026-06-23 00:01:06.131+00
solana,sol,Solana,71.72572038039513,41630205799.33289,2590392284.9649305,,2026-06-23 01:00:58.158+00
solana,sol,Solana,71.62647604593607,41562347669.46965,2450633699.1991386,,2026-06-23 02:00:47.077+00
solana,sol,Solana,71.90102423008916,41725281016.917114,2409264816.3028545,,2026-06-23 03:01:05.911+00
solana,sol,Solana,71.87048242372236,41710939966.21423,2359320581.7251797,,2026-06-23 04:00:05.509+00
solana,sol,Solana,71.42257626902033,41454198055.41303,2347723261.398129,,2026-06-23 05:00:34.787+00
solana,sol,Solana,70.94188907825082,41177713883.44933,2364417242.330223,,2026-06-23 06:00:20.168+00
solana,sol,Solana,70.24939700783229,40773098200.4656,2484288407.032862,,2026-06-23 07:00:52.822+00
solana,sol,Solana,70.0577091368797,40660428747.92242,2539661228.488437,,2026-06-23 08:00:14.732+00
solana,sol,Solana,68.66696151575117,39854680169.05627,2693421212.998689,,2026-06-23 09:00:26.182+00
solana,sol,Solana,68.90364909474869,39985792433.37675,2734681445.6482162,,2026-06-23 10:00:22.071+00
solana,sol,Solana,68.65907228666774,39829755242.70597,2746673162.6968136,,2026-06-23 11:00:23.871+00
solana,sol,Solana,69.1703832725246,40143371941.169655,2663569246.4510655,,2026-06-23 12:00:39.378+00
solana,sol,Solana,68.9049252807627,39994676212.06783,2619266298.045326,,2026-06-23 13:00:33.665+00
solana,sol,Solana,69.05648650023024,40008485441.20186,2581557223.8188596,,2026-06-23 14:00:01.081+00
solana,sol,Solana,69.18772125752334,40173381481.26063,2491890167.788196,,2026-06-23 15:00:53.384+00
solana,sol,Solana,68.62340234940089,39791549815.04513,2442585984.74437,,2026-06-23 16:00:40.593+00
solana,sol,Solana,68.84129316631942,39947592327.470375,2396359718.6723833,,2026-06-23 17:00:22.95+00
solana,sol,Solana,68.76671361736831,39930509392.71735,2375468320.9893723,,2026-06-23 18:00:46.074+00
solana,sol,Solana,68.7609079231837,39886638003.8411,2338444369.01745,,2026-06-23 19:00:11.869+00
solana,sol,Solana,68.8054062527786,39952580536.28556,2311577143.256873,,2026-06-23 20:01:15.02+00
solana,sol,Solana,68.88907736069218,39957755917.225655,2276695511.251912,,2026-06-23 21:01:13.624+00
solana,sol,Solana,69.16892503366732,40145238225.780754,2266281039.8802967,,2026-06-23 22:00:34.553+00
solana,sol,Solana,69.43036829929108,40321529284.54801,2213488808.600234,,2026-06-23 23:00:18.043+00
solana,sol,Solana,69.60915357999608,40403223075.73309,2196322794.382641,,2026-06-24 00:00:52.201+00
solana,sol,Solana,69.95822116448932,40604170834.90953,2213928472.974605,,2026-06-24 01:00:28.679+00
solana,sol,Solana,70.17197774978273,40719409748.53444,2234843786.6545987,,2026-06-24 02:00:21.277+00
solana,sol,Solana,69.42729384853098,40308218723.19346,2235727067.90179,,2026-06-24 03:00:22.118+00
solana,sol,Solana,69.50091871503709,40338253659.1692,2236580637.811034,,2026-06-24 04:00:30.518+00
solana,sol,Solana,69.48369708347249,40321844153.78602,2254706065.0991645,,2026-06-24 05:00:42.772+00
solana,sol,Solana,69.86175394501342,40562517609.32646,2263985124.1626034,,2026-06-24 06:00:05.3+00
solana,sol,Solana,69.70243382797076,40455781772.65851,2094997023.757962,,2026-06-24 07:01:12.62+00
solana,sol,Solana,69.28122670341025,40242488711.68393,2045002868.588797,,2026-06-24 08:00:18.72+00
solana,sol,Solana,69.3422235414293,40253829748.322975,1862098401.4838796,,2026-06-24 09:00:21.75+00
solana,sol,Solana,69.22763922493715,40174610931.69747,1814672713.8276334,,2026-06-24 10:00:21.232+00
solana,sol,Solana,68.99142723931027,40060763857.46786,1874007751.7678843,,2026-06-24 11:01:10.719+00
solana,sol,Solana,69.80681926286918,40503537967.459656,1884176755.945399,,2026-06-24 12:00:45.771+00
solana,sol,Solana,69.48343438671193,40338238491.770645,1861761325.14499,,2026-06-24 13:00:45+00
solana,sol,Solana,68.95959290298153,40023944274.52032,1947927687.3903131,,2026-06-24 14:00:34.405+00
solana,sol,Solana,68.93705160430011,40040114205.15486,2004776195.2316077,,2026-06-24 15:00:47.012+00
solana,sol,Solana,67.43533826597566,39128785203.230896,2048174699.2437098,,2026-06-24 16:00:04.692+00
solana,sol,Solana,66.42429261776292,38574800038.49932,2387506969.825841,,2026-06-24 17:01:04.021+00
solana,sol,Solana,64.89661920295593,37673263639.63791,2648706492.412473,,2026-06-24 18:00:17.703+00
solana,sol,Solana,65.80508844413059,38198814141.5424,2824256475.005643,,2026-06-24 19:00:26.867+00
solana,sol,Solana,65.96348952797352,38266289703.012474,2940345058.2234597,,2026-06-24 20:00:16.585+00
solana,sol,Solana,67.67385590653467,39303826107.460335,3146051401.920301,,2026-06-24 21:00:49.258+00
solana,sol,Solana,67.74745545998243,39337440766.38677,3208502249.469647,,2026-06-24 22:00:36.65+00
solana,sol,Solana,67.70196159960344,39294899206.32351,3250307833.251744,,2026-06-24 23:00:50.867+00
solana,sol,Solana,67.88914542549072,39409756674.211754,3225670575.285067,,2026-06-25 00:01:03.708+00
solana,sol,Solana,67.7138071097936,39302444659.91114,3242715762.700042,,2026-06-25 01:00:55+00
solana,sol,Solana,67.78914274388792,39344614991.7879,3237965185.315701,,2026-06-25 02:00:46.651+00
solana,sol,Solana,67.58421457848056,39226870335.20321,3171510502.978317,,2026-06-25 03:00:12.891+00
solana,sol,Solana,67.53229762084808,39201429448.706856,3193765240.121926,,2026-06-25 04:00:25.059+00
solana,sol,Solana,68.04662575284175,39501534274.66879,3209896235.4489336,,2026-06-25 05:00:47.462+00
solana,sol,Solana,68.96234280728228,40036712649.665596,3333113090.882428,,2026-06-25 06:01:03.978+00
solana,sol,Solana,69.35228175574827,40259932919.34779,3400241232.402539,,2026-06-25 07:01:01.977+00
solana,sol,Solana,69.28934598570956,40223503883.27492,3393402760.048098,,2026-06-25 08:00:20.034+00
solana,sol,Solana,69.0022751990375,40058927359.235306,3417471448.747676,,2026-06-25 09:00:05.638+00
solana,sol,Solana,68.85198081625515,39970896938.50515,3358236735.7487707,,2026-06-25 10:00:13.856+00
solana,sol,Solana,68.25164704109228,39620469193.676506,3372177270.8203692,,2026-06-25 11:00:12.143+00
solana,sol,Solana,67.98201909912744,39470268696.107216,3332397351.37487,,2026-06-25 12:00:13.799+00
solana,sol,Solana,68.33627136380863,39672341715.85357,3461520279.807381,,2026-06-25 13:00:02.624+00
solana,sol,Solana,65.2142637020848,37913963794.72677,3485364908.9203534,,2026-06-25 14:00:18.546+00
solana,sol,Solana,66.33962958070632,38503011038.69485,3944841940.108014,,2026-06-25 15:00:15.342+00
solana,sol,Solana,65.88691280861106,38232990050.10932,3965623913.6370177,,2026-06-25 16:00:23.723+00
solana,sol,Solana,65.79487201901632,38196124693.33583,3770153714.142469,,2026-06-25 17:00:46.259+00
solana,sol,Solana,66.75786080989813,38749042837.84299,3571023893.0499125,,2026-06-25 18:00:21.3+00
solana,sol,Solana,66.07130400926837,38355701592.757065,3536508921.348357,,2026-06-25 19:00:32.533+00
solana,sol,Solana,65.90177372287786,38259634941.13248,3474212379.362225,,2026-06-25 20:00:40.73+00
solana,sol,Solana,66.07994606627399,38372232248.22156,3347312901.8091683,,2026-06-25 21:00:36.205+00
solana,sol,Solana,66.92615583738373,38849565725.85247,3331949549.697819,,2026-06-25 22:00:42.749+00
solana,sol,Solana,67.0371252254654,38916660470.76514,3310400090.265852,,2026-06-25 23:00:35.882+00
solana,sol,Solana,67.62778739518203,39262758622.617676,3434043819.4340234,,2026-06-26 00:00:51.651+00
solana,sol,Solana,67.75140388473409,39332002879.74532,3467998477.408878,,2026-06-26 01:00:13.697+00
solana,sol,Solana,67.26741263987005,39052367848.377144,3491279962.3258924,,2026-06-26 02:00:50.094+00
solana,sol,Solana,66.18231744499764,38420121170.734795,3631562362.981555,,2026-06-26 03:00:23.478+00
solana,sol,Solana,67.89692670530722,39390755814.48068,3802188663.4716597,,2026-06-26 04:00:09.007+00
solana,sol,Solana,67.9690390400291,39457267142.95678,3892937084.918289,,2026-06-26 05:00:08.254+00
solana,sol,Solana,68.2112891577043,39595641929.262276,3824810713.587059,,2026-06-26 06:00:31.482+00
solana,sol,Solana,69.70681772835655,40446583080.00299,4025325117.705251,,2026-06-26 07:02:32.349+00
solana,sol,Solana,70.64514949138592,41011416856.73523,4260089962.176987,,2026-06-26 08:02:00.024+00
solana,sol,Solana,69.77471454541246,40506864837.35479,4369152361.900758,,2026-06-26 09:01:53.772+00
solana,sol,Solana,68.97437106344601,40051520966.399376,4459343623.923244,,2026-06-26 10:00:41.774+00
solana,sol,Solana,68.64351576834744,39854165509.77197,4419193528.955436,,2026-06-26 11:00:16.12+00
solana,sol,Solana,68.44476515558652,39743515107.308975,4422099290.422522,,2026-06-26 12:00:14.546+00
solana,sol,Solana,68.8784961416916,39993664863.912285,4435224725.3206625,,2026-06-26 13:01:04.331+00
solana,sol,Solana,70.45319949685214,40886700628.87208,4385733630.169259,,2026-06-26 14:01:29.3+00
solana,sol,Solana,70.49009947270838,40963651236.361916,4219534549.3347664,,2026-06-26 15:01:51.262+00
solana,sol,Solana,71.73782771033561,41648270897.38465,4255552544.072972,,2026-06-26 16:00:13.898+00
solana,sol,Solana,72.43060617743956,42056892725.990135,4426923799.906287,,2026-06-26 17:01:22.716+00
solana,sol,Solana,72.49947399797843,42084867407.45926,4386194064.0754,,2026-06-26 18:02:27.182+00
solana,sol,Solana,72.42553318090644,42051174422.99427,4348002129.8373995,,2026-06-26 19:01:08.49+00
solana,sol,Solana,73.21105553505107,42504550050.1402,4461952321.92348,,2026-06-26 20:00:55.741+00
solana,sol,Solana,72.09068914805864,41870138635.63002,4541207122.84856,,2026-06-26 21:00:55.783+00
solana,sol,Solana,71.94645163162738,41784854324.221085,4568846510.899118,,2026-06-26 22:01:40.027+00
solana,sol,Solana,71.7299269885906,41650521015.9094,4575290585.566639,,2026-06-26 23:01:22.761+00
solana,sol,Solana,71.82248344493497,41708277681.679344,4456737910.197314,,2026-06-27 00:01:38.537+00
solana,sol,Solana,71.72490512013191,41649548789.41249,4416295778.113678,,2026-06-27 01:02:01.23+00
solana,sol,Solana,71.46236602038597,41499040350.78138,4360724590.366372,,2026-06-27 02:00:59.838+00
solana,sol,Solana,72.06527098839156,41846155680.668304,4320309091.094007,,2026-06-27 03:01:08.673+00
solana,sol,Solana,72.16362031672193,41905576343.767395,4162865991.2224784,,2026-06-27 04:02:21.626+00
solana,sol,Solana,71.85618816540112,41724418795.305336,4108372069.252477,,2026-06-27 05:01:26+00
solana,sol,Solana,71.69054069662579,41620337103.014015,4132239420.125365,,2026-06-27 06:01:24.874+00
solana,sol,Solana,72.02992342770035,41823121265.10618,3926039617.014032,,2026-06-27 07:00:38.249+00
solana,sol,Solana,72.10795651612504,41858847007.384766,3667805934.3493557,,2026-06-27 08:00:16.503+00
solana,sol,Solana,71.93871981808596,41770566805.69072,3515797873.6887393,,2026-06-27 09:00:38.311+00
solana,sol,Solana,71.66929373751107,41613676967.240456,3447488313.594853,,2026-06-27 10:00:07.074+00
solana,sol,Solana,71.9064639983243,41751426360.7001,3364453525.246536,,2026-06-27 11:00:36.632+00
solana,sol,Solana,71.69498781715954,41627432443.30045,3334284608.696356,,2026-06-27 12:01:26.364+00
solana,sol,Solana,72.03004027363704,41809981279.25531,3268683491.3631644,,2026-06-27 13:02:08.684+00
solana,sol,Solana,72.24493720742657,41950865884.4882,3089213009.979023,,2026-06-27 14:01:23.893+00
solana,sol,Solana,72.64480695683415,42191114642.25835,2779983452.5051823,,2026-06-27 15:00:26.768+00
solana,sol,Solana,72.71893518455406,42232044957.924126,2597125433.8555746,,2026-06-27 16:00:20.982+00
solana,sol,Solana,72.5860803635085,42146676849.72712,2304896216.7517824,,2026-06-27 17:00:40.277+00
solana,sol,Solana,72.0573850707434,41860442044.98349,2246608260.7192307,,2026-06-27 18:00:44.055+00
solana,sol,Solana,71.8295145266248,41709710996.402794,2174239710.745355,,2026-06-27 19:01:06.016+00
solana,sol,Solana,71.02902932815883,41248345447.90279,2082895059.5185335,,2026-06-27 20:00:53.155+00
solana,sol,Solana,71.1388324513167,41305699731.55976,1900999839.0779498,,2026-06-27 21:00:41.739+00
solana,sol,Solana,70.85724262849384,41144342376.81122,1871751775.4813926,,2026-06-27 22:00:47.104+00
solana,sol,Solana,70.94290839279417,41189632170.0742,1855369274.1672728,,2026-06-27 23:01:20.642+00
solana,sol,Solana,70.46499748973447,40915554680.94154,1856650565.3523052,,2026-06-28 00:01:36.286+00
solana,sol,Solana,70.60623210486986,40997036514.490715,1799422512.1732996,,2026-06-28 01:00:37.85+00
solana,sol,Solana,70.7586715505932,41083891925.42092,1805646002.1915522,,2026-06-28 02:02:03.087+00
solana,sol,Solana,70.66823830717831,41033040716.14309,1765442286.8669376,,2026-06-28 03:01:18.081+00
solana,sol,Solana,70.753475211515,41081539675.01841,1689553210.363966,,2026-06-28 04:02:15.967+00
solana,sol,Solana,70.70059039184956,41057440003.19323,1654507318.1722744,,2026-06-28 05:00:57.576+00
solana,sol,Solana,70.3208823923462,40829384686.65901,1601833921.2089527,,2026-06-28 06:00:22.085+00
solana,sol,Solana,70.38373611162953,40867190456.24861,1623906920.6584325,,2026-06-28 07:00:32.427+00
solana,sol,Solana,70.91305828374534,41182944040.35826,1603879680.514474,,2026-06-28 08:00:53.727+00
solana,sol,Solana,71.82821270229007,41718808003.40125,1659888327.2597218,,2026-06-28 09:01:15.202+00
solana,sol,Solana,71.4721320154537,41510129276.98111,1706165681.4649558,,2026-06-28 10:00:59.888+00
solana,sol,Solana,71.33875789598508,41430098981.54344,1708943504.3430445,,2026-06-28 11:00:25.229+00
solana,sol,Solana,71.82525834282022,41710636585.75304,1733372157.5217872,,2026-06-28 12:01:14.9+00
solana,sol,Solana,71.79756785308588,41698751937.862366,1726767583.6678097,,2026-06-28 13:01:24.028+00
solana,sol,Solana,71.69817240902391,41638871945.127464,1747578819.3492973,,2026-06-28 14:00:36.085+00
solana,sol,Solana,71.63010906248284,41599765344.69627,1700623265.9345055,,2026-06-28 15:01:13.776+00
solana,sol,Solana,71.84029224273773,41718414524.96937,1712256226.9993088,,2026-06-28 16:01:26.363+00
solana,sol,Solana,71.44183508135198,41486440500.32404,1754741966.7919416,,2026-06-28 17:00:45.992+00
solana,sol,Solana,71.39779090963856,41455464357.262314,1720877827.9144022,,2026-06-28 18:00:07.753+00
solana,sol,Solana,71.08248699922038,41278517500.65227,1678026311.9275546,,2026-06-28 19:01:18.196+00
solana,sol,Solana,70.4507356808529,40909106622.46222,1656210758.4140148,,2026-06-28 20:00:07.433+00
solana,sol,Solana,70.79109207044,41112414840.94548,1699665499.9030747,,2026-06-28 21:00:46.279+00
solana,sol,Solana,70.29767353779361,40822928292.58504,1643086004.3771033,,2026-06-28 22:00:35.297+00
solana,sol,Solana,70.04676290575695,40682007350.5046,1750744290.5595324,,2026-06-28 23:01:16.068+00
solana,sol,Solana,71.2827568615251,41425129053.54175,1784388411.7184641,,2026-06-29 00:01:06.215+00
solana,sol,Solana,71.4048604063097,41458634868.717926,1929370013.3643007,,2026-06-29 01:01:29.781+00
solana,sol,Solana,71.45255656632922,41499491077.51018,1939010370.417183,,2026-06-29 02:00:48.904+00
solana,sol,Solana,71.96709119753808,41784059699.249084,2048853642.879131,,2026-06-29 03:02:23.017+00
solana,sol,Solana,72.56905196809795,42148959520.115364,2203355601.292467,,2026-06-29 04:00:50.361+00
solana,sol,Solana,71.6710345640471,41621855503.6731,2208303301.3307595,,2026-06-29 05:01:23.25+00
solana,sol,Solana,71.74557285399077,41654144526.10264,2259899522.5924497,,2026-06-29 06:00:06.454+00
solana,sol,Solana,72.27165596033468,41969963084.35324,2364986837.88278,,2026-06-29 07:00:46.901+00
solana,sol,Solana,72.63643921665772,42184934243.12697,2413020435.9507127,,2026-06-29 08:01:19.57+00
solana,sol,Solana,72.68175474485282,42211756838.34667,2386877058.972499,,2026-06-29 09:01:33.151+00
solana,sol,Solana,72.80768084129673,42277799584.2556,2435452384.090195,,2026-06-29 10:02:03.179+00
solana,sol,Solana,73.13660904193277,42476258606.5441,2498440889.6023026,,2026-06-29 11:00:39.991+00
solana,sol,Solana,72.26822084564337,41979894192.63144,2545212134.044111,,2026-06-29 12:00:15.139+00
solana,sol,Solana,73.33003936895071,42587681438.82771,2866456464.1566954,,2026-06-29 13:00:24.166+00
solana,sol,Solana,73.19184079436808,42487559206.47707,3213071824.252382,,2026-06-29 14:01:48.718+00
solana,sol,Solana,73.14464574799383,42449320362.3797,3471842550.5774536,,2026-06-29 15:00:33.52+00
solana,sol,Solana,73.8491086695083,42889756050.33597,3639873722.3054085,,2026-06-29 16:01:22.492+00
solana,sol,Solana,73.86329752112063,42895631386.76397,3677543903.977968,,2026-06-29 17:01:31.933+00
solana,sol,Solana,75.24222872730526,43699312811.88042,4055499133.6168,,2026-06-29 18:01:00.829+00
solana,sol,Solana,75.43533769709853,43809811454.65791,4141180975.380816,,2026-06-29 19:01:39.172+00
solana,sol,Solana,75.86577617201401,44078945202.96233,4215332299.681841,,2026-06-29 20:01:36.067+00
solana,sol,Solana,75.27208452787129,43715675282.06728,4217119688.4329033,,2026-06-29 21:02:31.937+00
solana,sol,Solana,75.52807824292917,43863475305.27423,4282309498.661097,,2026-06-29 22:00:34.353+00
solana,sol,Solana,75.20921716195093,43679051281.59947,4178749535.727757,,2026-06-29 23:00:49.803+00
solana,sol,Solana,74.95265936076913,43530575296.825775,4089129435.3342853,,2026-06-30 00:01:17.491+00
solana,sol,Solana,74.36118613180511,43187186224.16632,4032663669.7716227,,2026-06-30 01:00:17.606+00
solana,sol,Solana,74.30197444885292,43148284589.45004,4050816390.489234,,2026-06-30 02:01:47.303+00
solana,sol,Solana,74.57295685799102,43313354051.87348,4008091291.616509,,2026-06-30 03:00:47.99+00
solana,sol,Solana,74.09361833252639,43035240167.25174,3875862100.6619415,,2026-06-30 04:01:45.614+00
solana,sol,Solana,73.92551608853893,42933499933.27787,3888358311.7425323,,2026-06-30 05:00:26.355+00
solana,sol,Solana,74.06644121468254,43007253261.293755,3816036655.3777657,,2026-06-30 06:01:04.921+00
solana,sol,Solana,74.02558951963915,42990625093.84124,3745783192.6099896,,2026-06-30 07:00:56.584+00
solana,sol,Solana,73.9849692168003,42968002927.44371,3754076575.4913487,,2026-06-30 08:00:29.095+00
solana,sol,Solana,73.47380402794148,42670146810.328186,3780377231.8168087,,2026-06-30 09:02:09.613+00
solana,sol,Solana,73.69205806090405,42806566279.378525,3793394880.5054073,,2026-06-30 10:02:31.063+00
solana,sol,Solana,73.60829199894228,42757655421.457466,3765001445.368606,,2026-06-30 11:00:59.942+00
solana,sol,Solana,73.28960294445544,42593097324.85634,3655371256.4106827,,2026-06-30 12:01:53.752+00
solana,sol,Solana,72.11286259362441,41892197374.35176,3421554408.7241263,,2026-06-30 13:01:09.747+00
solana,sol,Solana,72.69172408492778,42225265390.831,3360783757.314895,,2026-06-30 14:02:12.883+00
solana,sol,Solana,72.91251007074582,42358173399.49633,3234471960.7843256,,2026-06-30 15:01:05.564+00
solana,sol,Solana,73.23654161900325,42557992780.33706,3180100249.78862,,2026-06-30 16:01:47.915+00
solana,sol,Solana,73.42481814027269,42646395377.81697,3149022279.49773,,2026-06-30 17:02:24.066+00
solana,sol,Solana,73.23389614094143,42567236603.75302,2818861622.141837,,2026-06-30 18:01:49.318+00
solana,sol,Solana,73.48070131984592,42681374603.73067,2759134539.5119953,,2026-06-30 19:00:39.924+00
solana,sol,Solana,73.55472683924538,42725480558.46202,2724679164.056242,,2026-06-30 20:02:32.317+00
solana,sol,Solana,73.58345730634133,42742463900.61,2732226791.753273,,2026-06-30 21:01:33.991+00
solana,sol,Solana,73.32288206364791,42583858021.35066,2724938210.8782296,,2026-06-30 22:00:23.816+00
solana,sol,Solana,73.28856861884591,42572169834.45786,2716976820.423006,,2026-06-30 23:00:06.234+00
solana,sol,Solana,73.5449267107274,42703434208.317726,2647831223.5646954,,2026-07-01 00:02:36.262+00
solana,sol,Solana,73.56156362834471,42737982687.117256,2618715154.152796,,2026-07-01 01:01:10.547+00
solana,sol,Solana,73.82256101432898,42881173460.3668,2712864380.5395455,,2026-07-01 02:00:13.34+00
solana,sol,Solana,74.71340642741669,43400906776.15974,2779843127.375637,,2026-07-01 03:00:47.877+00
solana,sol,Solana,75.37812449012219,43787309048.158936,2917012479.2709236,,2026-07-01 04:01:09.872+00
solana,sol,Solana,75.4871233025979,43851027007.223656,2937972109.029773,,2026-07-01 05:00:46.496+00
solana,sol,Solana,75.11421486437867,43634002126.47444,2980122660.355784,,2026-07-01 06:01:54.118+00
solana,sol,Solana,74.16877792715547,43082568062.07415,3019646036.1885633,,2026-07-01 07:00:52.2+00
solana,sol,Solana,74.72185115382372,43406109169.0636,3078261550.739563,,2026-07-01 08:01:43.82+00
solana,sol,Solana,75.09478516434781,43586107128.16864,3072187451.3697605,,2026-07-01 09:01:59.502+00
solana,sol,Solana,75.32618792039047,43753030060.67267,3066504940.4409194,,2026-07-01 10:01:37.626+00
solana,sol,Solana,74.96847395531498,43568428948.13161,3102101707.2333,,2026-07-01 11:01:54.226+00
solana,sol,Solana,74.70623545884466,43383887826.601524,3158547332.3065443,,2026-07-01 12:01:17.369+00
solana,sol,Solana,74.33784819200163,43179488861.134,3146806626.879568,,2026-07-01 13:00:36.675+00
solana,sol,Solana,75.87647025973648,44078036719.71617,3116148241.104126,,2026-07-01 14:01:24.054+00
solana,sol,Solana,76.86164482882604,44681534725.50509,3238312921.324216,,2026-07-01 15:00:34.107+00
solana,sol,Solana,77.25320096632218,44876237589.4121,3332128886.1434846,,2026-07-01 16:00:56.855+00
solana,sol,Solana,77.05505494631716,44766590643.53813,3326999265.7468715,,2026-07-01 17:02:04.256+00
solana,sol,Solana,77.71022144603941,45141900416.68876,3414066032.084247,,2026-07-01 18:01:15.251+00
solana,sol,Solana,77.32711007048533,44918619089.832634,3410421399.9555793,,2026-07-01 19:01:31.298+00
solana,sol,Solana,77.01725992746567,44745095586.41431,3418380504.8518434,,2026-07-01 20:00:33.099+00
solana,sol,Solana,77.33144868415373,44921231231.5597,3420384143.9707,,2026-07-01 21:01:26.228+00
solana,sol,Solana,78.33106970711798,45508406066.39513,3524628232.3336496,,2026-07-01 22:02:12.8+00
solana,sol,Solana,77.8185896443839,45205869863.78664,3542651499.7023816,,2026-07-01 23:01:25.095+00
solana,sol,Solana,77.37123556022325,44946788589.01166,3642623976.7763605,,2026-07-02 00:01:54.907+00
solana,sol,Solana,77.15719831670475,44820423824.685074,3670944711.9000607,,2026-07-02 01:02:03.032+00
solana,sol,Solana,78.05288936286547,45338234210.54483,3573062089.0097756,,2026-07-02 02:01:31.493+00
solana,sol,Solana,78.33267612268675,45501123451.15359,3564814980.647458,,2026-07-02 03:01:34.304+00
solana,sol,Solana,78.59035046428691,45650186703.93003,3581855715.3107185,,2026-07-02 04:00:37.881+00
solana,sol,Solana,78.19684111874061,45434527440.52721,3481052362.824892,,2026-07-02 05:01:44.598+00
solana,sol,Solana,77.91360305532861,45251874102.27376,3490684090.6987348,,2026-07-02 06:00:23.84+00
solana,sol,Solana,77.81488882620536,45200707980.960464,3400591475.1118803,,2026-07-02 07:01:48.364+00
solana,sol,Solana,77.92180117197266,45264758050.25468,3417406904.3960423,,2026-07-02 08:00:50.55+00
solana,sol,Solana,78.32510068064119,45505795506.55476,3332496507.6259804,,2026-07-02 09:00:12.08+00
solana,sol,Solana,79.4184414947303,46155081620.15952,3398859222.8143682,,2026-07-02 10:01:22.289+00
solana,sol,Solana,81.68319252111058,47428527089.16127,3809041767.482256,,2026-07-02 11:01:34.483+00
solana,sol,Solana,82.19793293924243,47752342505.61398,4128819036.1534877,,2026-07-02 12:00:25.223+00
solana,sol,Solana,81.27832278505767,47223910476.1227,4265967713.6019006,,2026-07-02 13:02:08.328+00
solana,sol,Solana,81.3650656221299,47280938596.94029,4397482321.311338,,2026-07-02 14:02:27.163+00
solana,sol,Solana,80.4023084492184,46731437658.43147,4258953944.2935076,,2026-07-02 15:00:20.373+00
solana,sol,Solana,80.58740822749603,46817931852.36262,4178892542.232584,,2026-07-02 16:00:13.329+00
solana,sol,Solana,80.52594433619088,46779974493.32419,4117874787.984555,,2026-07-02 17:01:48.203+00
solana,sol,Solana,80.68645037908567,46877378249.96912,4121289406.362813,,2026-07-02 18:00:23.239+00
solana,sol,Solana,80.94460007985522,47032317883.61691,4122807370.028931,,2026-07-02 19:01:36.265+00
solana,sol,Solana,80.88683140468441,47008453750.7007,4123708052.454483,,2026-07-02 20:01:39.444+00
solana,sol,Solana,80.83401597214733,46965461329.31594,4080434576.0106916,,2026-07-02 21:00:48.082+00
solana,sol,Solana,80.58421292292644,46817197680.45509,4001457017.040588,,2026-07-02 22:00:15.802+00
solana,sol,Solana,80.6504956306078,46869069369.532364,3901704420.0161953,,2026-07-02 23:01:22.363+00
solana,sol,Solana,80.62730408258292,46845625891.1126,3844686336.725065,,2026-07-03 00:00:52.792+00
solana,sol,Solana,80.70872334139185,46895298109.40031,3820925244.702237,,2026-07-03 01:01:55.617+00
solana,sol,Solana,81.4764734418364,47350812584.95856,3773485882.0491333,,2026-07-03 02:01:41.241+00
solana,sol,Solana,80.69014897725978,46886270352.2188,3776307720.7853813,,2026-07-03 03:02:11.13+00
solana,sol,Solana,80.60431195927063,46833115000.30007,3707160039.6003394,,2026-07-03 04:02:11.693+00
solana,sol,Solana,80.47523422533499,46757259314.61953,3662644177.545537,,2026-07-03 05:01:33.113+00
solana,sol,Solana,81.08044276637004,47109277062.22098,3638460055.007501,,2026-07-03 06:01:30.203+00
solana,sol,Solana,80.93195408532411,47023210062.46497,3629786403.9823384,,2026-07-03 07:01:38.74+00
solana,sol,Solana,81.182517153328,47176427054.733604,3615207044.2855873,,2026-07-03 08:01:45.763+00
solana,sol,Solana,80.91126800830735,47010591795.78013,3623260224.532515,,2026-07-03 09:00:45.03+00
solana,sol,Solana,80.97380764280841,47046030397.469376,3438986029.1645327,,2026-07-03 10:02:24.036+00
solana,sol,Solana,81.52769462749967,47367644469.78903,3143969530.973962,,2026-07-03 11:01:26.109+00
solana,sol,Solana,81.46701124183696,47325050916.57241,2849949248.182007,,2026-07-03 12:00:30.089+00
solana,sol,Solana,81.42503112845606,47307978424.24832,2513298656.2398405,,2026-07-03 13:01:50.521+00
solana,sol,Solana,81.533395690363,47370754222.96645,2365909918.1523743,,2026-07-03 14:00:12.955+00
solana,sol,Solana,81.62399365942228,47424229969.396065,2119057935.6579552,,2026-07-03 15:02:10.409+00
solana,sol,Solana,81.15529136810534,47151732231.659485,2146969071.9761815,,2026-07-03 16:01:38.176+00
solana,sol,Solana,81.44780249458826,47318176838.85689,2050142979.4600651,,2026-07-03 17:01:55.681+00
solana,sol,Solana,81.68448508678256,47464975392.486404,1947287342.5130603,,2026-07-03 18:01:10.438+00
solana,sol,Solana,82.0292054432792,47659806101.674065,1921612821.6619103,,2026-07-03 19:02:01.402+00
solana,sol,Solana,82.48309497888995,47923816329.58471,1993995332.6271207,,2026-07-03 20:01:16.774+00
solana,sol,Solana,82.64293626371986,48015980023.85137,2046388886.0799818,,2026-07-03 21:01:50.333+00
solana,sol,Solana,82.61087953872394,47981781111.86045,2079130333.6924815,,2026-07-03 22:00:46.021+00
solana,sol,Solana,82.26220007894194,47797362676.84985,2035461332.9838796,,2026-07-03 23:02:37.774+00
solana,sol,Solana,82.27819635081484,47804756161.341805,2034654361.089075,,2026-07-04 00:02:38.659+00
solana,sol,Solana,82.33882758071681,47839981119.51442,2066882079.8541665,,2026-07-04 01:01:59.578+00
solana,sol,Solana,81.81040953672631,47532684358.12683,2015893959.006754,,2026-07-04 02:02:00.833+00
solana,sol,Solana,82.15994143517587,47735798632.06574,1990609665.3641784,,2026-07-04 03:01:33.432+00
solana,sol,Solana,82.59723129154781,47989258244.34145,2070775495.4583116,,2026-07-04 04:00:26.596+00
solana,sol,Solana,83.43016824085211,48474054909.55758,2165259932.907946,,2026-07-04 05:02:32.317+00
solana,sol,Solana,83.2925976959448,48414019847.833405,2227640903.2648244,,2026-07-04 06:00:21.303+00
solana,sol,Solana,82.47954448023361,47924150277.92502,2273052247.7105684,,2026-07-04 07:01:16.175+00
solana,sol,Solana,82.66791853802985,48036119845.234924,2266743303.197937,,2026-07-04 08:01:46.05+00
solana,sol,Solana,82.23205769423734,47783161085.50158,2300749860.651882,,2026-07-04 09:01:16.584+00
solana,sol,Solana,81.69135054694497,47476980988.96562,2239276097.3683496,,2026-07-04 10:00:32.264+00
solana,sol,Solana,81.60623593894535,47423924343.01697,2269522729.286428,,2026-07-04 11:01:14.453+00
solana,sol,Solana,81.78645974127063,47531472488.85048,2233499638.508887,,2026-07-04 12:01:37.075+00
solana,sol,Solana,81.51267415707376,47367283570.5421,2219104309.370803,,2026-07-04 13:00:40.996+00
solana,sol,Solana,81.54218087517529,47380553479.09333,2226238962.9625173,,2026-07-04 14:02:14.143+00
solana,sol,Solana,81.64577922736657,47448453206.59236,2155396061.6189013,,2026-07-04 15:00:10.815+00
solana,sol,Solana,82.15521872650056,47744465133.7584,2174728481.6607475,,2026-07-04 16:01:23.418+00
solana,sol,Solana,82.14639740448554,47740101765.34579,2170949176.5179152,,2026-07-04 17:02:00.351+00
solana,sol,Solana,82.54633811547772,47971719475.22426,2248026149.39964,,2026-07-04 18:01:52.376+00
solana,sol,Solana,82.21324686572089,47780142643.02993,2197926189.8433366,,2026-07-04 19:01:07.077+00
solana,sol,Solana,81.80312526184127,47540024894.42697,2096591084.9494884,,2026-07-04 20:02:43.864+00
solana,sol,Solana,81.91497406130371,47606354162.14309,2018986208.108916,,2026-07-04 21:01:29.483+00
solana,sol,Solana,81.92276334812325,47607499136.72247,2003669886.2567904,,2026-07-04 22:01:12.905+00
solana,sol,Solana,81.80546201899162,47543345335.251564,1949369441.1344745,,2026-07-04 23:02:10.807+00
solana,sol,Solana,81.68017139331931,47440680212.864586,1959015072.650206,,2026-07-05 00:02:46.451+00
solana,sol,Solana,81.2112339452659,47179149107.87963,1965743228.415191,,2026-07-05 01:01:58.128+00
solana,sol,Solana,80.75350061201539,46924623685.48742,2015356856.6562564,,2026-07-05 02:01:43.694+00
solana,sol,Solana,80.24250125060945,46622468790.54305,2055231282.8451467,,2026-07-05 03:01:12.859+00
solana,sol,Solana,80.46770163236512,46762535742.12231,2012889047.421107,,2026-07-05 04:00:53.383+00
solana,sol,Solana,80.53290451623138,46804907741.99892,1881036829.119203,,2026-07-05 05:02:26.273+00
solana,sol,Solana,80.34057013206512,46687773972.497765,1853352509.3705137,,2026-07-05 06:00:48.407+00
solana,sol,Solana,80.5000220327749,46780998785.52459,1685551701.0249681,,2026-07-05 07:00:39.02+00
solana,sol,Solana,80.62204207637758,46851906107.53531,1686599427.0269156,,2026-07-05 08:01:16.661+00
solana,sol,Solana,80.43103861932582,46741297593.17073,1630096099.1003978,,2026-07-05 09:02:40.161+00
solana,sol,Solana,79.772095465641,46357971972.93988,1630860728.6709747,,2026-07-05 10:00:17.655+00
solana,sol,Solana,80.34077221513877,46687133012.51344,1649299049.6779528,,2026-07-05 11:00:57.113+00
solana,sol,Solana,80.50116198101432,46789364088.562126,1619196866.7698553,,2026-07-05 12:00:53.476+00
solana,sol,Solana,80.73051118060442,46921655777.85603,1655726535.9082887,,2026-07-05 13:02:27.544+00
solana,sol,Solana,81.12225084430861,47138451012.911354,1662626765.970933,,2026-07-05 14:01:41.052+00
solana,sol,Solana,81.32308355296608,47252881039.74217,1710337623.235981,,2026-07-05 15:01:40.395+00
solana,sol,Solana,81.30190851944027,47246977240.717155,1616173656.2392597,,2026-07-05 16:01:26.108+00
solana,sol,Solana,81.03306260835191,47087540108.339874,1608227733.3624709,,2026-07-05 17:01:26.567+00
solana,sol,Solana,81.05798557196154,47101133792.35511,1561849025.0208433,,2026-07-05 18:02:28.573+00
solana,sol,Solana,81.11368896215356,47137772309.57139,1520980303.2392352,,2026-07-05 19:00:54.42+00
solana,sol,Solana,80.93281419140688,47036458290.82334,1505110397.319267,,2026-07-05 20:01:12.701+00
solana,sol,Solana,80.98217436097326,47051596219.54436,1463200884.5446439,,2026-07-05 21:01:42.836+00
solana,sol,Solana,81.70958458501399,47483106288.963745,1549723332.1627383,,2026-07-05 22:01:09.24+00
solana,sol,Solana,81.6973183800717,47476698825.24044,1636089187.0652614,,2026-07-05 23:02:35.118+00
solana,sol,Solana,81.45584055581469,47337345707.994896,1684988172.4566898,,2026-07-06 00:00:03.744+00
solana,sol,Solana,81.99867734888761,47643298164.1036,1662990998.2538733,,2026-07-06 01:00:36.11+00
solana,sol,Solana,81.6018716140337,47422848892.76716,1605077067.3743534,,2026-07-06 02:01:09.412+00
solana,sol,Solana,80.90717111078445,47017914262.79446,1638530417.8874795,,2026-07-06 03:02:07.881+00
solana,sol,Solana,80.56945134506493,46820538624.4567,1666989822.6322997,,2026-07-06 04:00:37.423+00
solana,sol,Solana,80.8473642862952,46982010346.990944,1658058013.8952167,,2026-07-06 05:01:28.338+00
solana,sol,Solana,80.41444616775412,46735775858.32935,1709227664.4945023,,2026-07-06 06:02:35.682+00
solana,sol,Solana,80.25045413830335,46635908091.64435,1692804336.1800685,,2026-07-06 07:00:07.122+00
solana,sol,Solana,80.77500053185213,46937164251.28495,1722343630.2177823,,2026-07-06 08:01:24.714+00
solana,sol,Solana,80.36906405112092,46703887178.93164,1722105775.973901,,2026-07-06 09:01:30.689+00
solana,sol,Solana,80.0564597432177,46535866006.41239,1681215387.2751927,,2026-07-06 10:01:36.442+00
solana,sol,Solana,80.53681238647796,46811421290.80219,1712109563.742499,,2026-07-06 11:00:57.891+00
solana,sol,Solana,80.57759037846687,46869271556.39106,1723820906.2157247,,2026-07-06 12:01:31.938+00
solana,sol,Solana,79.5740458804878,46317673041.32263,1867237447.3847866,,2026-07-06 13:01:13.002+00
solana,sol,Solana,80.1991826922179,46615537387.13287,1989388891.2845795,,2026-07-06 14:01:42.993+00
solana,sol,Solana,80.17078625541671,46600573163.82107,2054097130.9759128,,2026-07-06 15:01:04.587+00
solana,sol,Solana,81.3443736201684,47277684363.68724,2147047710.7603412,,2026-07-06 16:01:04.25+00
solana,sol,Solana,82.00429183284291,47662495268.926865,2325409576.9354515,,2026-07-06 17:01:06.127+00
solana,sol,Solana,81.60696721873514,47435817902.98671,2397148864.0014315,,2026-07-06 18:00:51.639+00
solana,sol,Solana,82.04294419044564,47685061852.54153,2489634221.08297,,2026-07-06 19:00:28.575+00
solana,sol,Solana,81.98881557680998,47655988050.67959,2560898730.029133,,2026-07-06 20:01:29.154+00
solana,sol,Solana,82.01262568919213,47658575402.32331,2586633786.5347333,,2026-07-06 21:00:30.504+00
solana,sol,Solana,82.73398748312482,48088861622.72393,2689315473.6716747,,2026-07-06 22:02:39.816+00
solana,sol,Solana,82.25664353420109,47812464221.45161,2620232207.185146,,2026-07-06 23:01:19.871+00
solana,sol,Solana,81.91422916278584,47613849679.98392,2627472507.754399,,2026-07-07 00:02:01.127+00
solana,sol,Solana,82.31923726013531,47900137181.66361,2604051277.1793694,,2026-07-07 01:01:23.165+00
solana,sol,Solana,81.89360117092447,47662079883.44899,2588371366.035129,,2026-07-07 02:01:48.693+00
solana,sol,Solana,81.34212602125191,47338732837.826996,2581280128.1480536,,2026-07-07 03:00:06.416+00
solana,sol,Solana,80.99728841383416,47130666634.198166,2533976864.683458,,2026-07-07 04:01:04.078+00
solana,sol,Solana,80.79319838764249,47011681805.28781,2558070675.23149,,2026-07-07 05:01:41.747+00
solana,sol,Solana,81.05105531445024,47180970030.26597,2548683361.3643837,,2026-07-07 06:02:39.82+00
solana,sol,Solana,81.4721141218441,47405453593.53935,2558770066.366007,,2026-07-07 07:01:15.273+00
solana,sol,Solana,81.44459395630264,47400481632.26279,2574886657.5931797,,2026-07-07 08:01:43.222+00
solana,sol,Solana,81.31817640299079,47329711175.10775,2646785675.663513,,2026-07-07 09:00:40.384+00
solana,sol,Solana,81.24677273125089,47281374916.59014,2675762194.107263,,2026-07-07 10:01:26.313+00
solana,sol,Solana,80.91577116064272,47094161989.388565,2668960330.3239326,,2026-07-07 11:01:39.733+00
solana,sol,Solana,81.2001094520744,47248365256.53225,2672981488.0137334,,2026-07-07 12:00:34.08+00
solana,sol,Solana,81.44129529073831,47388868240.852325,2539602192.583904,,2026-07-07 13:00:13.88+00
solana,sol,Solana,80.77593084070531,47007615337.05573,2452207021.0076747,,2026-07-07 14:00:59.456+00
solana,sol,Solana,81.39342054898125,47344156021.874664,2527128097.9072165,,2026-07-07 15:00:51.919+00
solana,sol,Solana,82.1809745858964,47821114921.12582,2495373822.054445,,2026-07-07 16:00:45.408+00
solana,sol,Solana,82.2183956821691,47845771715.60879,2360406136.1679277,,2026-07-07 17:00:49.726+00
solana,sol,Solana,82.5811026938595,48033487689.96064,2294386068.8946285,,2026-07-07 18:00:22.802+00
solana,sol,Solana,81.64212775411106,47533511168.73573,2301607182.9462795,,2026-07-07 19:00:25.323+00
solana,sol,Solana,81.28986798277931,47289738313.34883,2301236296.1905065,,2026-07-07 20:00:22.337+00
solana,sol,Solana,81.00486313761202,47122352771.427864,2307494437.0682516,,2026-07-07 21:00:36.285+00
solana,sol,Solana,80.78121029992438,46993396992.46638,2117597667.3499744,,2026-07-07 22:00:21.895+00
solana,sol,Solana,80.83287243043699,47019812239.63782,2167263487.360789,,2026-07-07 23:02:27.686+00
solana,sol,Solana,80.70417203945472,46946737024.57033,2148910596.6287603,,2026-07-08 00:01:00.783+00
solana,sol,Solana,80.35443970604148,46743922935.70787,2177628897.456264,,2026-07-08 01:01:16.835+00
solana,sol,Solana,79.05637614748508,45988166576.29952,2249573082.501894,,2026-07-08 02:01:43.889+00
solana,sol,Solana,78.96295980596436,45937563696.80228,2326386242.3861785,,2026-07-08 03:00:14.76+00
solana,sol,Solana,78.72544859988824,45819315378.98987,2362735222.962119,,2026-07-08 04:00:59.84+00
solana,sol,Solana,78.44365798896555,45637959060.70827,2317577996.0275307,,2026-07-08 05:00:07.391+00
solana,sol,Solana,78.37684013143588,45602349044.56728,2328007194.4085145,,2026-07-08 06:01:42.985+00
solana,sol,Solana,78.1690034099234,45475382138.75688,2350867471.5572205,,2026-07-08 07:01:35.919+00
solana,sol,Solana,78.18359642713631,45479057870.767624,2419546880.253827,,2026-07-08 08:01:00.94+00
solana,sol,Solana,77.43344221999611,45051274044.351395,2464029578.0421457,,2026-07-08 09:00:05.14+00
solana,sol,Solana,77.15251607998759,44882111425.67268,2523556267.4843216,,2026-07-08 10:01:51.948+00
solana,sol,Solana,77.23934568958262,44939998546.800224,2515092880.6589823,,2026-07-08 11:00:52.938+00
solana,sol,Solana,77.50260238588803,45087793166.12666,2517794851.3914046,,2026-07-08 12:00:29.422+00
solana,sol,Solana,77.07885790119637,44855228578.15464,2497613407.1921825,,2026-07-08 13:00:41.229+00
solana,sol,Solana,77.13667303379843,44865634234.95031,2566358026.2190194,,2026-07-08 14:01:55.557+00
solana,sol,Solana,77.0339809046599,44818293089.143585,2521936901.7752385,,2026-07-08 15:01:40.395+00
solana,sol,Solana,76.5504026201962,44532411524.14781,2489924495.122268,,2026-07-08 16:00:49.748+00
solana,sol,Solana,77.21626578478082,44920857788.98525,2488183453.8012404,,2026-07-08 17:00:35.082+00
solana,sol,Solana,77.03755965326458,44845857084.579155,2489263233.8574176,,2026-07-08 18:01:08.397+00
solana,sol,Solana,77.1133214714851,44862814483.85297,2498589016.044526,,2026-07-08 19:02:20.268+00
solana,sol,Solana,77.31186829609398,44982838835.243385,2441453748.0476975,,2026-07-08 20:01:29.765+00
solana,sol,Solana,77.08979827342493,44861722107.54737,2401495344.7664876,,2026-07-08 21:00:10.053+00
solana,sol,Solana,77.21678456382192,44920841244.09182,2372997441.4623103,,2026-07-08 22:00:16.754+00
solana,sol,Solana,77.42550395888134,45048525329.011116,2352663563.894235,,2026-07-08 23:00:22.4+00
solana,sol,Solana,77.67436641876736,45187122466.05704,2372362829.718788,,2026-07-09 00:00:53.208+00
solana,sol,Solana,77.63706262609185,45172270796.05974,2300083307.877827,,2026-07-09 01:01:43.181+00
solana,sol,Solana,77.41950236312344,45054395108.69449,2253835192.0086255,,2026-07-09 02:01:15.191+00
solana,sol,Solana,77.01311425818811,44809004082.604904,2158574128.637828,,2026-07-09 03:01:43.649+00
solana,sol,Solana,77.18451046442115,44907781108.65819,2153281546.4819193,,2026-07-09 04:00:41.699+00
solana,sol,Solana,77.78197626089637,45247976149.03651,2171726201.242333,,2026-07-09 05:00:12.008+00
solana,sol,Solana,78.28739213815173,45549800836.75549,2178578727.657289,,2026-07-09 06:02:10.938+00
solana,sol,Solana,78.3422031431904,45583184587.91486,2171231106.990214,,2026-07-09 07:00:17.544+00
solana,sol,Solana,78.15552979569297,45476171985.25752,2118504775.3594458,,2026-07-09 08:01:33.64+00
solana,sol,Solana,78.04628817298212,45409587004.567314,1987010414.4400582,,2026-07-09 09:01:16.445+00
solana,sol,Solana,78.03572819911847,45404210464.70263,1184590145.5023243,,2026-07-09 10:00:08.163+00
solana,sol,Solana,77.65853810933221,45219064536.26184,1863490840.0892768,,2026-07-09 11:00:26.377+00
solana,sol,Solana,77.46844823511047,45054212805.38013,1833502513.30756,,2026-07-09 12:00:11.215+00
solana,sol,Solana,77.61830075731913,45159764629.22085,1904892012.0442667,,2026-07-09 13:00:56.373+00
solana,sol,Solana,78.15258245768952,45472198490.39379,1840016484.9111097,,2026-07-09 14:01:25.551+00
solana,sol,Solana,77.65418952401038,45183920725.99227,1790383915.9707582,,2026-07-09 15:00:47.893+00
solana,sol,Solana,77.547453664273,45118858309.905014,1735944776.9904337,,2026-07-09 16:01:08.049+00
solana,sol,Solana,77.60169890269401,45146920420.33026,1715541499.914974,,2026-07-09 17:01:25.064+00
solana,sol,Solana,77.99555046859903,45379228265.97317,1696822489.722556,,2026-07-09 18:01:12.147+00
solana,sol,Solana,78.08527093322299,45428635222.42269,1705823379.086209,,2026-07-09 19:01:34.363+00
solana,sol,Solana,78.08896538615149,45438951948.85556,1688090168.6875448,,2026-07-09 20:00:35.912+00
solana,sol,Solana,78.06907776532648,45430239980.87229,1671137531.1383915,,2026-07-09 21:00:35.107+00
solana,sol,Solana,77.9603840800251,45352539952.4026,1650945336.2888703,,2026-07-09 22:00:28.952+00
solana,sol,Solana,78.12121733879022,45454769112.326385,1643356214.7636893,,2026-07-09 23:00:11.45+00
solana,sol,Solana,78.02409867110744,45411272071.70811,1626949065.5677505,,2026-07-10 00:01:21.959+00
solana,sol,Solana,77.88261067813592,45316505630.39012,1623349172.1700816,,2026-07-10 01:00:52.832+00
solana,sol,Solana,79.20307122504894,46099861447.88684,1550730380.0510433,,2026-07-10 02:00:07.535+00
solana,sol,Solana,78.99879737281415,45960109327.621826,1622082785.788593,,2026-07-10 03:00:19.595+00
solana,sol,Solana,78.90544345370843,45898805703.19394,1631581144.0319107,,2026-07-10 04:00:55.915+00
solana,sol,Solana,78.95329872303951,45937867565.03351,1620921742.2837484,,2026-07-10 05:00:35.16+00
solana,sol,Solana,79.11891193754276,46034936748.96255,1617749082.1152384,,2026-07-10 06:00:57.612+00
solana,sol,Solana,78.8769446728407,45893607904.90078,1591256464.3521538,,2026-07-10 07:01:24.736+00
solana,sol,Solana,78.78875129045967,45840726630.064766,1541614298.9133618,,2026-07-10 08:01:29.834+00
solana,sol,Solana,79.19046391226237,46079489341.4687,1574922306.8516169,,2026-07-10 09:01:24.211+00
solana,sol,Solana,79.21281316437809,46093150798.55103,1588101067.8375237,,2026-07-10 10:00:29.08+00
solana,sol,Solana,79.37949912608276,46188351531.09497,1598171372.667647,,2026-07-10 11:01:42.199+00
solana,sol,Solana,79.2770781271953,46124763485.561966,1589408026.3582108,,2026-07-10 12:01:47.306+00
solana,sol,Solana,78.88975326464077,45915773625.628815,1524937243.7704675,,2026-07-10 13:01:05.768+00
solana,sol,Solana,79.00138822411908,45978757902.22925,1524071444.3432279,,2026-07-10 14:01:19.707+00
solana,sol,Solana,77.95051508679495,45346315940.143654,1764962283.855847,,2026-07-10 15:00:46.581+00
solana,sol,Solana,78.04032959197053,45414817062.234886,1833041833.6339374,,2026-07-10 16:01:04.356+00
solana,sol,Solana,77.99367654864182,45390680361.23643,1855904331.0999882,,2026-07-10 17:01:33.989+00
solana,sol,Solana,77.59199871526705,45165504584.8486,1847423182.6006258,,2026-07-10 18:01:10.328+00
solana,sol,Solana,77.40283083833656,45038093412.956276,1862461747.4768996,,2026-07-10 19:00:59.946+00
solana,sol,Solana,77.90104144762272,45337665369.561134,1878839496.7473128,,2026-07-10 20:00:50.536+00
solana,sol,Solana,77.75001213778835,45254874967.42189,1894217173.1947398,,2026-07-10 21:02:02.035+00
solana,sol,Solana,77.91508278891439,45343087078.34003,1892032966.7377536,,2026-07-10 22:01:55.94+00
solana,sol,Solana,78.08715399793998,45442736165.71149,1909862429.864708,,2026-07-10 23:01:06.177+00
solana,sol,Solana,78.0593112772652,45426689755.764725,1924221243.7328048,,2026-07-11 00:01:44.846+00
solana,sol,Solana,77.8106793157092,45293372406.745285,1919725747.138309,,2026-07-11 01:00:42.64+00
solana,sol,Solana,77.60301374188404,45175545761.062706,1878853862.5407772,,2026-07-11 02:01:02.021+00
solana,sol,Solana,77.7114419569748,45236786297.26889,1856844480.73745,,2026-07-11 03:01:52.173+00
solana,sol,Solana,77.77514713570694,45281231916.81506,1822726678.215455,,2026-07-11 04:01:30.104+00
solana,sol,Solana,77.64130023602368,45199390750.97364,1802028775.476066,,2026-07-11 05:00:45.328+00
solana,sol,Solana,77.77874663798276,45278814051.55937,1759698864.043013,,2026-07-11 06:00:05.123+00
solana,sol,Solana,77.98591476157803,45399668366.26191,1761656602.543278,,2026-07-11 07:00:29.034+00
solana,sol,Solana,77.94037924188359,45376263893.1602,1756354490.981164,,2026-07-11 08:00:08.144+00
solana,sol,Solana,78.06404759361614,45445506506.52792,1708522558.8226967,,2026-07-11 09:00:34.981+00
solana,sol,Solana,77.79599097306459,45292466678.161766,1671253544.1309466,,2026-07-11 10:01:46.02+00
solana,sol,Solana,77.9826615285979,45398122738.80347,1654712360.9547539,,2026-07-11 11:01:23.624+00
solana,sol,Solana,78.01987814459707,45419188233.88864,1624993542.9313025,,2026-07-11 12:01:11.187+00
solana,sol,Solana,78.00871064372717,45410029396.364815,1582987006.083185,,2026-07-11 13:01:22.898+00
solana,sol,Solana,78.14807831566031,45501324793.95939,1541786321.623184,,2026-07-11 14:00:30.984+00
solana,sol,Solana,78.47502167475116,45684093304.08526,1259266904.26029,,2026-07-11 15:00:29.012+00
solana,sol,Solana,78.2883758618243,45564453352.560745,1231167062.5040166,,2026-07-11 16:01:46.791+00
solana,sol,Solana,77.77602906442422,45273752378.48716,1331701932.7112422,,2026-07-11 17:00:34.502+00
solana,sol,Solana,78.00474360951262,45410045650.96226,1302185080.7217119,,2026-07-11 18:00:45.258+00
solana,sol,Solana,78.02236546763564,45421068328.33905,1285746316.2487528,,2026-07-11 19:00:20.285+00
solana,sol,Solana,77.98621003233409,45393761043.77642,1270993848.530988,,2026-07-11 20:00:42.448+00
solana,sol,Solana,78.12869700694439,45483115762.12456,1248345833.3204186,,2026-07-11 21:01:52.707+00
solana,sol,Solana,78.21210110242794,45532105361.20951,1246827913.604172,,2026-07-11 22:00:15.953+00
solana,sol,Solana,77.80924238178186,45297420639.179825,1234563120.6616535,,2026-07-11 23:01:43.565+00
solana,sol,Solana,76.98526550695081,44817452940.77249,1313075863.184333,,2026-07-12 00:00:31.772+00
solana,sol,Solana,76.04306414776416,44268577711.92463,1383669146.8493874,,2026-07-12 01:01:08.995+00
solana,sol,Solana,76.75703965777541,44684274793.162605,1404863186.7605968,,2026-07-12 02:00:51.145+00
solana,sol,Solana,76.75763693986708,44684802595.795555,1405068265.2860992,,2026-07-12 03:00:08.644+00
solana,sol,Solana,76.90794036881478,44773144606.391014,1448997661.4331448,,2026-07-12 04:00:48.857+00
solana,sol,Solana,76.59830071984284,44597941549.87687,1441575237.260378,,2026-07-12 05:00:21.593+00
solana,sol,Solana,76.4220495150636,44490473756.75785,1445107793.5478084,,2026-07-12 06:00:57.434+00
solana,sol,Solana,76.29774437815125,44408651171.08673,1476765994.817996,,2026-07-12 07:01:46.826+00
solana,sol,Solana,76.45703974183306,44509013165.72168,1466879052.248311,,2026-07-12 08:01:48.002+00
solana,sol,Solana,76.63540477865709,44611747137.16505,1474000256.6252635,,2026-07-12 09:00:16.355+00
solana,sol,Solana,76.70581303891483,44654688518.90916,1480691286.082496,,2026-07-12 10:00:45.655+00
solana,sol,Solana,76.6805763700709,44640438508.246216,1464528081.5331924,,2026-07-12 11:00:07.85+00
solana,sol,Solana,77.05370134838759,44857243327.67445,1473244714.5851474,,2026-07-12 12:01:03.032+00
solana,sol,Solana,77.08936236038909,44883579740.94673,1504100321.1980247,,2026-07-12 13:00:58.746+00
solana,sol,Solana,77.16981260701861,44934698914.749,1519687442.6799073,,2026-07-12 14:00:24.195+00
solana,sol,Solana,77.42715730073755,45050688186.84744,1546293037.5290508,,2026-07-12 15:00:36.969+00
solana,sol,Solana,77.41020844110948,45073643592.98724,1482143911.7232184,,2026-07-12 16:01:54.036+00
solana,sol,Solana,77.51819006939965,45137898791.04872,1359356749.9347591,,2026-07-12 17:01:03.156+00
solana,sol,Solana,77.35824708187795,45049087107.33548,1338667985.7094324,,2026-07-12 18:00:20.169+00
solana,sol,Solana,77.54992167600005,45155247733.49312,1318247990.8695347,,2026-07-12 19:00:30.878+00
solana,sol,Solana,77.6473961572656,45215001182.263855,1303889480.7481937,,2026-07-12 20:01:27.646+00
solana,sol,Solana,77.5090978122443,45130720468.139915,1290200836.8970323,,2026-07-12 20:23:57+00
solana,sol,Solana,73.71,42839911039.0,1437129858.0,0.2,2026-08-03 21:39:29.712892+00
solana,sol,Solana,73.71,42839856314.0,1437606662.0,0.2,2026-08-03 21:40:57.980624+00
solana,sol,Solana,73.73,42855178178.0,1438447511.0,0.2,2026-08-03 21:42:31.994384+00
solana,sol,Solana,73.73,42853383254.0,1437230619.0,0.2,2026-08-03 21:43:56.684236+00
solana,sol,Solana,73.71,42847903688.0,1430728899.0,0.2,2026-08-03 21:45:28.803448+00
solana,sol,Solana,73.73,42854031932.0,1431242036.0,0.2,2026-08-03 21:46:59.284276+00
solana,sol,Solana,73.7,42840460269.0,1425849935.0,0.2,2026-08-03 21:48:26.608433+00
solana,sol,Solana,73.69,42823738516.0,1424687087.0,0.2,2026-08-03 21:49:59.281024+00
solana,sol,Solana,73.66,42812440605.0,1420870011.0,0.2,2026-08-03 21:51:28.017008+00
solana,sol,Solana,73.67,42812355182.0,1419520237.0,0.2,2026-08-03 21:52:58.538575+00
solana,sol,Solana,73.68,42823177624.0,1419053055.0,0.2,2026-08-03 21:54:26.769424+00
solana,sol,Solana,73.68,42824671837.0,1418278864.0,0.2,2026-08-03 21:55:59.231607+00
solana,sol,Solana,73.63,42800375091.0,1417048858.0,0.2,2026-08-03 21:57:27.606964+00
solana,sol,Solana,73.63,42791203654.0,1416925162.0,0.2,2026-08-03 21:58:56.399014+00
solana,sol,Solana,73.66,42806646888.0,1416626709.0,0.0,2026-08-03 22:00:32.133416+00
solana,sol,Solana,73.66,42808446794.0,1417308011.0,0.0,2026-08-03 22:01:57.095076+00
solana,sol,Solana,73.64,42803975352.0,1412276649.0,0.0,2026-08-03 22:03:26.58533+00
solana,sol,Solana,73.47,42717998015.0,1410708734.0,0.0,2026-08-03 22:05:04.223854+00
solana,sol,Solana,73.48,42694940544.0,1411415230.0,0.0,2026-08-03 22:06:30.648964+00
solana,sol,Solana,73.42,42682257887.0,1410528611.0,0.0,2026-08-03 22:07:59.822197+00
solana,sol,Solana,73.39,42634686056.0,1412932396.0,0.0,2026-08-03 22:09:26.882278+00
solana,sol,Solana,73.45,42668718818.0,1413732947.0,0.0,2026-08-03 22:11:04.440586+00
